version 2
JvmtiExport can_access_local_variables 0
JvmtiExport can_hotswap_or_post_breakpoint 1
JvmtiExport can_post_on_exceptions 0
# 660 ciObject found
instanceKlass kotlin/metadata/internal/protobuf/GeneratedMessageLite
ciInstanceKlass java/lang/UnsupportedOperationException 0 0 34 10 100 12 1 1 1 10 12 1 10 12 1 10 12 1 100 1 1 1 1 5 0 1 1 1 1 1 1 1 1 1 1 1
ciInstanceKlass java/util/Collections 1 1 933 10 7 12 1 1 1 11 7 12 1 1 1 7 1 11 12 1 1 7 1 10 12 1 1 10 12 1 11 12 1 1 100 1 11 12 1 1 11 12 1 1 10 12 1 11 100 12 1 1 11 12 1 1 11 12 1 10 12 1 10 12 1 10 12 11 100 12 1 1 1 10 12 1 1 11 12 1 11 12 1 1 9 12 1 1 100 1 10 10 12 1 1 10 12 1 11 100 12 1 1 1 11 12 1 1 10 12 1 11 12 1 100 1 8 1 10 12 1 11 100 12 1 1 1 11 100 1 11 12 1 1 10 12 1 1 10 12 1 10 12 1 1 10 12 1 11 12 1 1 10 12 1 1 10 12 1 1 10 12 1 1 11 12 1 1 100 1 10 12 1 11 100 1 100 1 10 12 1 11 7 1 7 1 10 12 1 11 100 1 100 1 10 12 1 11 100 1 100 1 10 12 1 11 100 1 100 1 10 12 1 11 7 1 11 7 1 10 12 10 11 7 1 7 1 10 12 1 11 100 1 100 1 10 11 100 1 100 1 10 12 1 11 100 1 100 1 10 12 1 100 1 10 10 12 1 100 1 10 10 12 1 100 1 10 100 1 10 100 1 10 100 1 10 10 12 1 10 100 1 10 100 1 10 100 1 10 100 1 10 12 1 10 100 12 1 1 1 100 1 100 1 10 12 1 100 1 10 12 1 100 1 10 12 1 100 1 10 12 1 100 1 10 12 1 100 1 10 100 1 10 12 1 100 1 10 12 1 100 1 10 12 1 9 7 12 1 1 1 9 100 12 1 1 9 7 12 1 1 1 9 12 1 1 9 12 1 1 9 12 1 1 9 12 1 1 9 12 1 1 7 1 10 12 7 1 10 100 1 10 7 1 10 7 1 10 12 1 100 1 100 1 10 8 1 10 12 1 1 10 12 1 10 12 1 1 10 100 1 10 12 1 9 100 12 1 1 1 9 100 12 1 1 1 100 1 9 12 1 1 10 12 100 1 10 100 1 10 11 100 12 1 1 11 12 1 10 12 1 11 11 12 1 11 11 12 1 8 1 7 1 10 11 100 1 10 12 1 100 1 10 100 12 1 1 1 100 1 10 12 1 7 1 10 7 1 10 7 1 10 1 1 1 3 1 3 1 3 1 3 1 3 1 3 1 3 1 3 1 1 1 1 1 1 1 1 1 1 1 1 1 1 1 1 1 1 1 1 1 1 1 1 1 1 1 1 1 1 1 1 1 1 1 1 1 1 1 1 1 1 1 1 1 1 1 1 1 1 1 1 1 1 1 1 1 1 1 1 1 1 1 1 1 1 1 1 1 1 1 1 1 1 1 1 1 1 1 1 1 1 1 1 1 1 1 1 1 1 1 1 1 1 1 1 1 1 1 1 1 1 1 1 1 1 1 1 1 1 1 1 1 1 1 1 1 1 1 1 1 1 1 1 1 1 1 1 1 1 1 1 1 1 1 1 1 1 1 1 1 1 1 1 1 1 1 1 1 1 1 1 1 1 1 1 1 1 1 1 1 1 1 1 1 1 1 1 1 1 1 1 1 1 1 1 1 1 1 1 1 1 1 1 1 1 1 1 1 1 1 1 1 1 1 1 1 1 1 1 1 1 1 1 1 1 1 1 1 1 1 1 1 1 1 1 1 1 1 1 1 1 1 1 1 1 1 1 1 1 1 1 1 1 1 1 1 1 1 1 1 1 1 1 1 1 1 1 1 1 1 1 1 1 1 1 1 1 1 1 1 1 1 1 1 1 1 1 1 1 1 1 1 1 1 1 1 1 1 1 1 1 1 1 1 1 1 1 1 1 1 1 1 1 1 1 1 1 1 1 1 1 1 1 1 1 1 1 1 1 1 1 1 1 1 1 1 1 1 1 1 1 1 1 1 1 1 1 1 1 1 1 100 1 100 1 100 1 100 1 100 1 100 1 100 1 100 1 100 1 100 1 100 1 100 1 100 1 1 1 1 1 1 1 1 1 1 1 1 1 1 1 1 1 1 1 1 1 1 1 1 1 1 1 1 1 1 1 1 1 1 1 1 1 1 1 1 1 1 100 1 1 1 1 1 1 1 1 1 1 1 1 1 1 1
staticfield java/util/Collections EMPTY_SET Ljava/util/Set; java/util/Collections$EmptySet
staticfield java/util/Collections EMPTY_LIST Ljava/util/List; java/util/Collections$EmptyList
staticfield java/util/Collections EMPTY_MAP Ljava/util/Map; java/util/Collections$EmptyMap
ciInstanceKlass java/util/Collections$EmptyList 1 1 150 10 7 12 1 1 1 10 7 12 1 1 1 10 12 1 1 11 100 12 1 1 1 100 1 100 1 100 1 10 8 1 10 12 1 1 10 12 1 10 12 1 1 10 12 1 100 1 11 10 100 12 1 1 1 10 100 12 1 1 1 9 12 1 1 100 1 100 1 100 1 1 1 1 5 0 1 1 1 1 1 1 1 1 1 1 1 1 1 1 1 1 1 1 1 1 1 1 1 1 1 1 1 1 1 1 1 1 1 1 1 1 1 1 1 1 1 1 1 1 1 1 1 1 1 1 1 1 1 1 1 1 1 1 1 1 1 1 1 1 1 1 1 1 1 1 1 1 1 1
ciInstanceKlass java/util/Collections$EmptyMap 1 1 125 10 7 12 1 1 1 10 7 12 1 1 1 100 1 11 12 1 1 10 100 12 1 1 1 100 1 10 9 12 1 1 100 1 100 1 1 1 1 5 0 1 1 1 1 1 1 1 1 1 1 1 1 1 1 1 1 1 1 1 1 1 1 1 1 1 1 1 1 1 1 1 1 1 1 1 1 1 1 1 1 1 1 1 1 1 1 1 1 1 1 1 1 1 1 1 1 1 1 1 1 1 1 1 1 1 1 1 1 1 1 1 1 1 1 1 1 1 1 1 1 1 100 1 1
instanceKlass kotlin/metadata/InconsistentKotlinMetadataException
instanceKlass java/nio/file/InvalidPathException
instanceKlass java/lang/NumberFormatException
ciInstanceKlass java/lang/IllegalArgumentException 1 1 35 10 100 12 1 1 1 10 12 1 10 12 1 10 12 1 100 1 1 1 1 5 0 1 1 1 1 1 1 1 1 1 1 1 1
ciInstanceKlass java/util/Collections$UnmodifiableMap 1 1 175 10 7 12 1 1 1 100 1 10 9 7 12 1 1 1 11 7 12 1 1 1 11 12 1 1 11 12 1 1 11 12 1 11 12 1 1 100 1 10 9 12 1 1 11 12 1 10 100 12 1 1 1 9 12 1 100 1 11 12 10 12 1 9 12 1 1 11 12 1 10 12 1 1 11 12 1 11 12 1 11 12 1 1 11 12 1 1 11 12 1 1 100 1 1 1 1 5 0 1 1 1 1 1 1 1 1 1 1 1 1 1 1 1 1 1 1 1 1 1 1 1 1 1 1 1 1 1 1 1 1 1 1 1 1 1 1 1 1 1 1 1 1 1 1 1 1 1 1 1 1 1 1 1 1 1 1 1 1 1 1 1 1 1 1 1 1 1 1 1 1 1 100 1 1
instanceKlass kotlin/UShort$Companion
instanceKlass kotlin/UShort
instanceKlass org/jetbrains/kotlin/commonizer/cir/CirTypeParameterType$Companion
instanceKlass org/jetbrains/kotlin/commonizer/cir/CirTypeParameter
instanceKlass org/jetbrains/kotlin/commonizer/metadata/CirTypeResolver$TypeParameterInfo
instanceKlass org/jetbrains/kotlin/it/unimi/dsi/fastutil/ints/Int2ObjectMap$FastEntrySet
instanceKlass org/jetbrains/kotlin/it/unimi/dsi/fastutil/ints/IntSet
instanceKlass org/jetbrains/kotlin/it/unimi/dsi/fastutil/ints/IntCollection
instanceKlass org/jetbrains/kotlin/it/unimi/dsi/fastutil/ints/IntIterable
instanceKlass org/jetbrains/kotlin/it/unimi/dsi/fastutil/ints/AbstractInt2ObjectFunction
instanceKlass org/jetbrains/kotlin/it/unimi/dsi/fastutil/ints/Int2ObjectMap
instanceKlass org/jetbrains/kotlin/it/unimi/dsi/fastutil/ints/Int2ObjectFunction
instanceKlass java/lang/Byte$ByteCache
instanceKlass kotlinx/metadata/klib/impl/KlibTypeParameterExtension$Companion
instanceKlass kotlinx/metadata/klib/impl/KlibTypeParameterExtension
instanceKlass kotlin/metadata/internal/extensions/KmTypeParameterExtension
instanceKlass org/jetbrains/kotlin/commonizer/cir/CirExtensionReceiver
instanceKlass kotlin/ULong$Companion
instanceKlass kotlin/ULong
instanceKlass kotlin/metadata/internal/metadata/ProtoBuf$1
instanceKlass org/jetbrains/kotlin/commonizer/cir/CirModuleImpl
instanceKlass org/jetbrains/kotlin/commonizer/cir/CirModule$Companion
instanceKlass org/jetbrains/kotlin/commonizer/cir/CirModule
instanceKlass org/jetbrains/kotlin/commonizer/tree/CirTreeModule
instanceKlass org/jetbrains/kotlin/commonizer/tree/CirTreePackage
instanceKlass org/jetbrains/kotlin/com/intellij/openapi/util/Comparing
instanceKlass org/jetbrains/kotlin/commonizer/cir/CirClassConstructorImpl
instanceKlass org/jetbrains/kotlin/commonizer/cir/CirClassConstructor$Companion
instanceKlass org/jetbrains/kotlin/commonizer/cir/CirClassConstructor
instanceKlass org/jetbrains/kotlin/commonizer/tree/CirTreeClass
instanceKlass org/jetbrains/kotlin/commonizer/cir/CirClassImpl
instanceKlass org/jetbrains/kotlin/commonizer/cir/CirClass$Companion
instanceKlass org/jetbrains/kotlin/commonizer/cir/CirClass
instanceKlass org/jetbrains/kotlin/commonizer/cir/CirContainingClass
instanceKlass org/jetbrains/kotlin/commonizer/tree/deserializer/ClassesToProcess$ClassEntry
instanceKlass  @bci org/jetbrains/kotlin/commonizer/tree/deserializer/ClassesToProcess <init> ()V 10 <appendix> member <vmtarget> ; # org/jetbrains/kotlin/commonizer/tree/deserializer/ClassesToProcess$$Lambda+0x0000000800197248
instanceKlass  @bci org/jetbrains/kotlin/commonizer/tree/deserializer/ClassesToProcess <init> ()V 5 <appendix> argL0 ; # org/jetbrains/kotlin/commonizer/tree/deserializer/ClassesToProcess$$Lambda+0x0000000800196ff8
instanceKlass org/jetbrains/kotlin/commonizer/tree/deserializer/ClassesToProcess
instanceKlass org/jetbrains/kotlin/commonizer/cir/CirTypeAliasImpl
instanceKlass org/jetbrains/kotlin/commonizer/cir/CirTypeAlias$Companion
instanceKlass org/jetbrains/kotlin/commonizer/cir/CirTypeAlias
instanceKlass org/jetbrains/kotlin/commonizer/cir/CirClassifier
instanceKlass org/jetbrains/kotlin/commonizer/tree/CirTreeTypeAlias
instanceKlass org/jetbrains/kotlin/commonizer/tree/CirTreeClassifier
instanceKlass org/jetbrains/kotlin/commonizer/cir/UtilsKt
instanceKlass org/jetbrains/kotlin/commonizer/cir/CirFunction
instanceKlass org/jetbrains/kotlin/commonizer/cir/CirCallableMemberWithParameters
instanceKlass org/jetbrains/kotlin/commonizer/cir/CirFunctionModifiersInternedImpl
instanceKlass org/jetbrains/kotlin/commonizer/cir/CirFunctionModifiers$Companion
instanceKlass org/jetbrains/kotlin/commonizer/cir/CirFunctionModifiers
instanceKlass org/jetbrains/kotlin/commonizer/cir/CirValueParameter$Companion
instanceKlass org/jetbrains/kotlin/commonizer/cir/CirValueParameter
instanceKlass org/jetbrains/kotlin/commonizer/cir/CirPropertySetterInternedImpl
instanceKlass org/jetbrains/kotlin/commonizer/cir/CirPropertySetter$Companion
instanceKlass org/jetbrains/kotlin/commonizer/cir/CirPropertySetter
instanceKlass org/jetbrains/kotlin/commonizer/cir/CirTypeAliasType$Companion
instanceKlass org/jetbrains/kotlin/commonizer/metadata/CirTypeAliasExpanderKt
instanceKlass org/jetbrains/kotlin/commonizer/metadata/CirTypeAliasExpansion$Companion
instanceKlass org/jetbrains/kotlin/commonizer/metadata/CirTypeAliasExpansion
instanceKlass org/jetbrains/kotlin/commonizer/metadata/CirTypeAliasExpander
instanceKlass org/jetbrains/kotlin/commonizer/cir/CirTypeProjection
instanceKlass org/jetbrains/kotlin/commonizer/cir/CirProperty
instanceKlass org/jetbrains/kotlin/commonizer/cir/CirLiftedUpDeclaration
instanceKlass org/jetbrains/kotlin/commonizer/cir/CirFunctionOrProperty
instanceKlass org/jetbrains/kotlin/commonizer/cir/CirMaybeCallableMemberOfClass
instanceKlass org/jetbrains/kotlin/commonizer/cir/CirHasModality
instanceKlass org/jetbrains/kotlin/commonizer/cir/CirHasTypeParameters
instanceKlass org/jetbrains/kotlin/commonizer/cir/CirHasName
instanceKlass org/jetbrains/kotlin/commonizer/cir/CirPropertyGetterInternedImpl
instanceKlass org/jetbrains/kotlin/commonizer/cir/CirPropertyGetter$Companion
instanceKlass org/jetbrains/kotlin/commonizer/cir/CirPropertyGetter
instanceKlass org/jetbrains/kotlin/commonizer/cir/CirPropertyAccessor
instanceKlass org/jetbrains/kotlin/commonizer/cir/CirHasAnnotations
instanceKlass org/jetbrains/kotlin/commonizer/cir/CirAnnotationInternedImpl
instanceKlass org/jetbrains/kotlin/commonizer/utils/MiscKt
instanceKlass org/jetbrains/kotlin/commonizer/cir/CirAnnotation$Companion
instanceKlass org/jetbrains/kotlin/commonizer/cir/CirAnnotation
instanceKlass  @bci org/jetbrains/kotlin/commonizer/metadata/CirDeserializers constantValue (Lkotlin/metadata/KmAnnotationArgument;Lorg/jetbrains/kotlin/commonizer/cir/CirName;Ljava/lang/Object;)Lorg/jetbrains/kotlin/commonizer/cir/CirConstantValue; 4 <appendix> member <vmtarget> ; # org/jetbrains/kotlin/commonizer/metadata/CirDeserializers$$Lambda+0x000000080018f218
instanceKlass kotlin/jvm/internal/CollectionToArray
instanceKlass org/jetbrains/kotlin/commonizer/cir/CirTypeAttachment
instanceKlass org/jetbrains/kotlin/commonizer/cir/CirClassType$Companion
instanceKlass org/jetbrains/kotlin/commonizer/cir/CirType
instanceKlass org/jetbrains/kotlin/commonizer/metadata/CirDeserializers$WhenMappings
instanceKlass org/jetbrains/kotlin/commonizer/cir/CirConstantValue
instanceKlass org/jetbrains/kotlin/commonizer/metadata/CirDeserializers
instanceKlass kotlin/metadata/KmEffectExpression
instanceKlass kotlin/metadata/KmTypeParameter
instanceKlass kotlin/metadata/internal/EnumFlagDelegate
instanceKlass kotlin/metadata/Attributes
instanceKlass org/jetbrains/kotlin/commonizer/cir/CirPackageImpl
instanceKlass org/jetbrains/kotlin/commonizer/cir/CirPackage$Companion
instanceKlass org/jetbrains/kotlin/commonizer/cir/CirPackage
instanceKlass org/jetbrains/kotlin/commonizer/cir/CirDeclaration
instanceKlass java/util/AbstractMap$SimpleImmutableEntry
instanceKlass org/jetbrains/kotlin/com/intellij/util/ArrayUtilRt
instanceKlass org/jetbrains/kotlin/com/intellij/util/SmartFMap
instanceKlass kotlin/UByte$Companion
instanceKlass kotlin/UByte
instanceKlass kotlin/collections/EmptyMap
instanceKlass kotlinx/metadata/klib/impl/KlibFunctionExtension$Companion
instanceKlass kotlinx/metadata/klib/impl/KlibFunctionExtension
instanceKlass kotlin/metadata/internal/extensions/KmFunctionExtension
instanceKlass kotlin/metadata/KmFunction
instanceKlass kotlin/UInt$Companion
instanceKlass kotlin/UInt
instanceKlass kotlinx/metadata/klib/impl/KlibEnumEntryExtension$Companion
instanceKlass kotlinx/metadata/klib/impl/KlibEnumEntryExtension
instanceKlass kotlin/metadata/internal/extensions/KmEnumEntryExtension
instanceKlass kotlin/metadata/KmEnumEntry
instanceKlass kotlinx/metadata/klib/impl/KlibTypeAliasExtension$Companion
instanceKlass kotlinx/metadata/klib/impl/KlibTypeAliasExtension
instanceKlass kotlin/metadata/internal/extensions/KmTypeAliasExtension
instanceKlass kotlin/metadata/KmTypeAlias
instanceKlass kotlin/metadata/internal/metadata/ProtoBuf$TypeAliasOrBuilder
instanceKlass kotlin/metadata/KmTypeProjection$Companion
instanceKlass kotlin/metadata/KmTypeProjection
instanceKlass kotlin/metadata/internal/metadata/ProtoBuf$Expression$ConstantValue$1
instanceKlass kotlin/metadata/internal/metadata/ProtoBuf$Effect$InvocationKind$1
instanceKlass kotlin/metadata/internal/metadata/ProtoBuf$Effect$EffectType$1
instanceKlass kotlin/metadata/internal/metadata/ProtoBuf$VersionRequirement$VersionKind$1
instanceKlass kotlin/metadata/internal/ReadersKt$WhenMappings
instanceKlass kotlinx/metadata/klib/impl/KlibPropertyExtension$Companion
instanceKlass kotlinx/metadata/klib/impl/KlibPropertyExtension
instanceKlass kotlin/metadata/internal/extensions/KmPropertyExtension
instanceKlass kotlin/metadata/KmPropertyAccessorAttributes
instanceKlass kotlin/metadata/internal/BooleanFlagDelegate
instanceKlass kotlin/metadata/internal/FlagDelegatesImplKt
instanceKlass kotlin/metadata/internal/FlagImpl
instanceKlass kotlin/reflect/KProperty$Getter
instanceKlass kotlin/reflect/KMutableProperty$Setter
instanceKlass kotlin/reflect/KProperty$Accessor
instanceKlass kotlin/metadata/KmProperty
instanceKlass kotlinx/metadata/klib/impl/KlibValueParameterExtension$Companion
instanceKlass kotlinx/metadata/klib/impl/KlibValueParameterExtension
instanceKlass kotlin/metadata/internal/extensions/KmValueParameterExtension
instanceKlass kotlin/metadata/KmValueParameter
instanceKlass kotlinx/metadata/klib/impl/KlibConstructorExtension$Companion
instanceKlass kotlinx/metadata/klib/impl/KlibConstructorExtension
instanceKlass kotlin/metadata/internal/extensions/KmConstructorExtension
instanceKlass kotlin/metadata/KmConstructor
instanceKlass kotlin/metadata/KmAnnotation
instanceKlass kotlin/metadata/KmAnnotationArgument
instanceKlass kotlin/metadata/internal/ReadUtilsKt$WhenMappings
instanceKlass kotlin/metadata/internal/metadata/ProtoBuf$MemberKind$1
instanceKlass kotlin/metadata/internal/metadata/ProtoBuf$ReturnValueStatus$1
instanceKlass kotlin/metadata/internal/metadata/ProtoBuf$Class$Kind$1
instanceKlass kotlin/metadata/internal/metadata/ProtoBuf$Modality$1
instanceKlass kotlin/metadata/internal/metadata/ProtoBuf$Visibility$1
instanceKlass kotlin/metadata/internal/metadata/deserialization/Flags$FlagField
instanceKlass kotlin/metadata/internal/metadata/deserialization/Flags
instanceKlass kotlinx/metadata/klib/KlibExtensionsKt
instanceKlass kotlin/metadata/KmClassifier
instanceKlass kotlinx/metadata/klib/impl/KlibTypeExtension$Companion
instanceKlass kotlinx/metadata/klib/impl/KlibTypeExtension
instanceKlass kotlin/metadata/internal/extensions/KmTypeExtension
instanceKlass kotlin/metadata/KmType
instanceKlass kotlin/metadata/internal/metadata/deserialization/ProtoTypeTableUtilKt
instanceKlass kotlin/metadata/internal/metadata/deserialization/NameResolverImpl$WhenMappings
instanceKlass kotlin/metadata/internal/ReadUtilsKt
instanceKlass kotlinx/metadata/klib/impl/KlibClassExtension$Companion
instanceKlass kotlinx/metadata/klib/impl/KlibClassExtension
instanceKlass kotlin/metadata/internal/extensions/KmClassExtension
instanceKlass kotlin/metadata/KmClass
instanceKlass kotlin/metadata/internal/metadata/ProtoBuf$Type$Argument$Projection$1
instanceKlass kotlin/metadata/internal/metadata/ProtoBuf$Type$ArgumentOrBuilder
instanceKlass kotlin/metadata/internal/metadata/ProtoBuf$Annotation$ArgumentOrBuilder
instanceKlass kotlin/metadata/internal/metadata/ProtoBuf$QualifiedNameTable$QualifiedName$Kind$1
instanceKlass kotlin/metadata/internal/metadata/ProtoBuf$QualifiedNameTable$QualifiedNameOrBuilder
instanceKlass kotlin/metadata/internal/metadata/deserialization/ProtoBufUtilKt
instanceKlass kotlin/jvm/JvmClassMappingKt
instanceKlass kotlin/metadata/internal/extensions/ExtensionNodesKt
instanceKlass kotlinx/metadata/klib/impl/KlibExtensionNodesKt
instanceKlass kotlinx/metadata/klib/impl/KlibPackageExtension$Companion
instanceKlass kotlinx/metadata/klib/impl/KlibPackageExtension
instanceKlass kotlin/metadata/internal/extensions/KmPackageExtension
instanceKlass kotlin/metadata/KmPackage
instanceKlass kotlin/metadata/KmDeclarationContainer
instanceKlass kotlin/metadata/internal/metadata/deserialization/VersionRequirementTable$Companion
instanceKlass kotlin/metadata/internal/metadata/deserialization/VersionRequirementTable
instanceKlass kotlin/metadata/internal/protobuf/AbstractMessageLite$Builder
instanceKlass kotlin/metadata/internal/metadata/deserialization/TypeTable
instanceKlass kotlin/metadata/internal/ReadContext
instanceKlass kotlin/reflect/jvm/internal/pcollections/MapEntry
instanceKlass kotlin/reflect/jvm/internal/ReflectProperties$Val$1
instanceKlass kotlin/reflect/jvm/internal/ReflectProperties$Val
instanceKlass kotlin/reflect/jvm/internal/ReflectProperties
instanceKlass  @bci java/util/regex/CharPredicates ASCII_DIGIT ()Ljava/util/regex/Pattern$BmpCharPredicate; 0 <appendix> argL0 ; # java/util/regex/CharPredicates$$Lambda+0x00000008000bd170
instanceKlass kotlin/reflect/jvm/internal/KDeclarationContainerImpl$Companion
instanceKlass kotlin/reflect/jvm/internal/KTypeParameterOwnerImpl
instanceKlass kotlin/reflect/jvm/internal/KClassifierImpl
instanceKlass kotlin/reflect/jvm/internal/pcollections/ConsPStack
instanceKlass kotlin/reflect/jvm/internal/pcollections/IntTree
instanceKlass kotlin/reflect/jvm/internal/pcollections/IntTreePMap
instanceKlass kotlin/reflect/jvm/internal/pcollections/HashPMap
instanceKlass kotlin/reflect/jvm/internal/KClassCacheKt
instanceKlass kotlin/reflect/jvm/internal/KDeclarationContainerImpl
instanceKlass kotlin/jvm/internal/ClassBasedDeclarationContainer
instanceKlass kotlin/reflect/KMutableProperty1
instanceKlass kotlin/reflect/KProperty1
instanceKlass kotlin/reflect/KMutableProperty2
instanceKlass kotlin/reflect/KProperty2
instanceKlass kotlin/reflect/KMutableProperty0
instanceKlass kotlin/reflect/KMutableProperty
instanceKlass kotlin/reflect/KProperty0
instanceKlass kotlin/reflect/KProperty
instanceKlass kotlin/reflect/KType
instanceKlass kotlin/reflect/KTypeParameter
instanceKlass kotlin/reflect/KClass
instanceKlass kotlin/jvm/internal/ReflectionFactory
instanceKlass kotlin/reflect/KClassifier
instanceKlass kotlin/jvm/internal/Reflection
instanceKlass kotlin/metadata/internal/extensions/KmExtensionType
instanceKlass kotlinx/metadata/klib/impl/KlibModuleFragmentExtension$Companion
instanceKlass kotlinx/metadata/klib/impl/KlibModuleFragmentExtension
instanceKlass kotlin/metadata/internal/extensions/KmModuleFragmentExtension
instanceKlass kotlin/metadata/internal/extensions/KmExtension
instanceKlass java/util/ServiceLoader$ProviderImpl
instanceKlass java/util/ServiceLoader$Provider
instanceKlass java/util/ServiceLoader$1
instanceKlass kotlinx/metadata/klib/impl/KlibMetadataExtensions
instanceKlass sun/net/www/MessageHeader
instanceKlass sun/net/www/protocol/jar/JarFileFactory
instanceKlass sun/net/www/protocol/jar/URLJarFile$URLJarFileCloseController
instanceKlass java/net/URLConnection
instanceKlass  @bci sun/nio/fs/ExtendedOptions$InternalOption registerInternal (Ljava/lang/Object;Ljava/lang/Object;)V 16 <appendix> member <vmtarget> ; # sun/nio/fs/ExtendedOptions$InternalOption$$Lambda+0x00000008000b9da0
instanceKlass sun/nio/fs/ExtendedOptions$Wrapper
instanceKlass sun/nio/fs/ExtendedOptions$InternalOption
instanceKlass sun/nio/fs/ExtendedOptions
instanceKlass java/io/IoOverNioOsSpecific
instanceKlass jdk/internal/loader/URLClassPath$1
instanceKlass java/lang/CompoundEnumeration
instanceKlass jdk/internal/loader/BuiltinClassLoader$1
instanceKlass java/util/Collections$EmptyEnumeration
instanceKlass jdk/internal/jimage/ImageLocation
instanceKlass jdk/internal/jimage/decompressor/Decompressor
instanceKlass jdk/internal/jimage/ImageStringsReader
instanceKlass jdk/internal/jimage/ImageStrings
instanceKlass jdk/internal/jimage/ImageHeader
instanceKlass jdk/internal/jimage/NativeImageBuffer$1
instanceKlass jdk/internal/jimage/NativeImageBuffer
instanceKlass jdk/internal/jimage/BasicImageReader$1
instanceKlass jdk/internal/jimage/BasicImageReader
instanceKlass jdk/internal/jimage/ImageReader
instanceKlass jdk/internal/jimage/ImageReaderFactory$1
instanceKlass jdk/internal/jimage/ImageReaderFactory
instanceKlass jdk/internal/module/SystemModuleFinders$SystemImage
instanceKlass jdk/internal/module/SystemModuleFinders$SystemModuleReader
instanceKlass java/lang/module/ModuleReader
instanceKlass jdk/internal/loader/BuiltinClassLoader$5
instanceKlass jdk/internal/loader/BuiltinClassLoader$2
instanceKlass jdk/internal/module/Resources
instanceKlass java/util/ServiceLoader$3
instanceKlass java/util/ServiceLoader$2
instanceKlass java/util/ServiceLoader$LazyClassPathLookupIterator
instanceKlass java/util/Spliterators$1Adapter
instanceKlass java/util/function/Consumer
instanceKlass java/util/EnumMap$1
instanceKlass java/util/stream/StreamOpFlag$MaskBuilder
instanceKlass java/util/stream/PipelineHelper
instanceKlass java/util/stream/Stream
instanceKlass java/util/stream/BaseStream
instanceKlass java/util/stream/StreamSupport
instanceKlass java/util/Spliterators$ArraySpliterator
instanceKlass java/util/Spliterator$OfDouble
instanceKlass java/util/Spliterator$OfLong
instanceKlass java/util/Spliterator$OfInt
instanceKlass java/util/Spliterator$OfPrimitive
instanceKlass java/util/Spliterators$EmptySpliterator
instanceKlass java/util/Spliterators
instanceKlass java/util/ServiceLoader$ModuleServicesLookupIterator
instanceKlass java/util/ServiceLoader
instanceKlass  @bci kotlin/metadata/internal/extensions/MetadataExtensions$Companion <clinit> ()V 10 <appendix> argL0 ; # kotlin/metadata/internal/extensions/MetadataExtensions$Companion$$Lambda+0x00000008001612c8
instanceKlass kotlin/metadata/internal/extensions/MetadataExtensions$Companion
instanceKlass kotlin/metadata/internal/extensions/MetadataExtensions
instanceKlass kotlin/metadata/internal/common/KmModuleFragment
instanceKlass kotlin/metadata/internal/ReadersKt
instanceKlass kotlin/metadata/internal/metadata/deserialization/NameResolverImpl
instanceKlass kotlin/metadata/internal/metadata/deserialization/NameResolver
instanceKlass kotlin/metadata/internal/protobuf/SmallSortedMap$Entry
instanceKlass kotlin/metadata/internal/protobuf/FieldSet$1
instanceKlass kotlin/metadata/internal/protobuf/GeneratedMessageLite$1
instanceKlass kotlin/metadata/internal/protobuf/UnmodifiableLazyStringList$2
instanceKlass kotlin/metadata/internal/protobuf/Utf8
instanceKlass kotlinx/metadata/klib/KlibHeader
instanceKlass kotlinx/metadata/klib/impl/KlibReadUtilsKt
instanceKlass kotlin/metadata/internal/protobuf/WireFormat
instanceKlass kotlin/metadata/internal/protobuf/CodedOutputStream
instanceKlass kotlin/metadata/internal/protobuf/CodedInputStream
instanceKlass kotlin/metadata/internal/library/metadata/KlibMetadataProtoBuf$HeaderOrBuilder
instanceKlass kotlin/metadata/internal/metadata/SerializationPluginMetadataExtensions
instanceKlass kotlin/metadata/internal/protobuf/ExtensionRegistryLite$ObjectIntPair
instanceKlass kotlin/metadata/internal/metadata/ProtoBuf$QualifiedNameTableOrBuilder
instanceKlass kotlin/metadata/internal/protobuf/LazyStringList
instanceKlass kotlin/metadata/internal/protobuf/ProtocolStringList
instanceKlass kotlin/metadata/internal/metadata/ProtoBuf$StringTableOrBuilder
instanceKlass kotlin/metadata/internal/metadata/ProtoBuf$PackageFragmentOrBuilder
instanceKlass kotlin/metadata/internal/metadata/ProtoBuf$TypeParameter$Variance$1
instanceKlass kotlin/metadata/internal/metadata/ProtoBuf$TypeParameterOrBuilder
instanceKlass kotlin/metadata/internal/metadata/ProtoBuf$EnumEntryOrBuilder
instanceKlass kotlin/metadata/internal/metadata/ProtoBuf$Annotation$Argument$Value$Type$1
instanceKlass kotlin/metadata/internal/protobuf/Internal$EnumLiteMap
instanceKlass kotlin/metadata/internal/metadata/ProtoBuf$Annotation$Argument$ValueOrBuilder
instanceKlass kotlin/metadata/internal/metadata/ProtoBuf$ValueParameterOrBuilder
instanceKlass kotlin/metadata/internal/metadata/ProtoBuf$PropertyOrBuilder
instanceKlass kotlin/metadata/internal/metadata/ProtoBuf$ContractOrBuilder
instanceKlass kotlin/metadata/internal/metadata/ProtoBuf$FunctionOrBuilder
instanceKlass kotlin/metadata/internal/metadata/ProtoBuf$ConstructorOrBuilder
instanceKlass kotlin/metadata/internal/metadata/ProtoBuf$AnnotationOrBuilder
instanceKlass kotlin/metadata/internal/metadata/ProtoBuf$TypeOrBuilder
instanceKlass kotlin/metadata/internal/metadata/ProtoBuf$ClassOrBuilder
instanceKlass kotlin/metadata/internal/protobuf/Internal$EnumLite
instanceKlass kotlin/metadata/internal/protobuf/GeneratedMessageLite$ExtensionDescriptor
instanceKlass kotlin/metadata/internal/protobuf/GeneratedMessageLite$GeneratedExtension
instanceKlass kotlin/metadata/internal/metadata/ProtoBuf$VersionRequirementTableOrBuilder
instanceKlass kotlin/metadata/internal/metadata/ProtoBuf$TypeTableOrBuilder
instanceKlass kotlin/metadata/internal/protobuf/ByteString$ByteIterator
instanceKlass kotlin/metadata/internal/protobuf/ByteString
instanceKlass kotlin/metadata/internal/protobuf/SmallSortedMap$EmptySet$2
instanceKlass kotlin/metadata/internal/protobuf/SmallSortedMap$EmptySet$1
instanceKlass kotlin/metadata/internal/protobuf/SmallSortedMap$EmptySet
instanceKlass kotlin/metadata/internal/protobuf/LazyFieldLite
instanceKlass kotlin/metadata/internal/protobuf/FieldSet
instanceKlass kotlin/metadata/internal/protobuf/AbstractParser
instanceKlass kotlin/metadata/internal/protobuf/MessageLite$Builder
instanceKlass kotlin/metadata/internal/protobuf/Parser
instanceKlass kotlin/metadata/internal/protobuf/FieldSet$FieldDescriptorLite
instanceKlass kotlin/metadata/internal/protobuf/AbstractMessageLite
instanceKlass kotlin/metadata/internal/metadata/ProtoBuf$PackageOrBuilder
instanceKlass kotlin/metadata/internal/protobuf/GeneratedMessageLite$ExtendableMessageOrBuilder
instanceKlass kotlin/metadata/internal/protobuf/MessageLite
instanceKlass kotlin/metadata/internal/protobuf/MessageLiteOrBuilder
instanceKlass kotlin/metadata/internal/library/metadata/KlibMetadataProtoBuf
instanceKlass kotlin/metadata/internal/metadata/ExtensionRegistryLiteKt
instanceKlass  @bci kotlin/metadata/internal/library/metadata/KlibMetadataSerializerProtocol <init> ()V 1 <appendix> argL0 ; # kotlin/metadata/internal/library/metadata/KlibMetadataSerializerProtocol$$Lambda+0x0000000800148b58
instanceKlass kotlin/metadata/internal/protobuf/ExtensionRegistryLite
instanceKlass kotlin/metadata/internal/serialization/SerializerExtensionProtocol
instanceKlass kotlin/metadata/internal/library/metadata/KlibMetadataDeserializationUtilsKt
instanceKlass kotlinx/metadata/klib/KlibModuleFragmentReadStrategy$Companion$DEFAULT$1
instanceKlass kotlinx/metadata/klib/KlibModuleFragmentReadStrategy$Companion
instanceKlass kotlinx/metadata/klib/KlibModuleFragmentReadStrategy
instanceKlass kotlin/metadata/internal/metadata/deserialization/MetadataVersion$Companion
instanceKlass kotlin/metadata/internal/metadata/deserialization/BinaryVersion$Companion
instanceKlass kotlin/metadata/internal/metadata/deserialization/BinaryVersion
instanceKlass kotlinx/metadata/klib/KlibMetadataVersion$Companion
instanceKlass kotlinx/metadata/klib/KlibMetadataVersion
instanceKlass org/jetbrains/kotlin/commonizer/metadata/utils/SerializedMetadataLibraryProvider
instanceKlass kotlinx/metadata/klib/KlibModuleMetadata$MetadataLibraryProvider
instanceKlass kotlinx/metadata/klib/KlibModuleMetadata$Companion
instanceKlass kotlinx/metadata/klib/KlibModuleMetadata
instanceKlass jdk/internal/foreign/MemorySessionImpl
instanceKlass java/lang/foreign/MemorySegment$Scope
instanceKlass java/lang/foreign/MemorySegment
instanceKlass kotlin/jvm/internal/DefaultConstructorMarker
instanceKlass org/jetbrains/kotlin/metadata/ProtoBuf$1
instanceKlass org/jetbrains/kotlin/commonizer/metadata/CirTypeResolver$Companion
instanceKlass org/jetbrains/kotlin/commonizer/metadata/CirTypeResolver
instanceKlass org/jetbrains/kotlin/commonizer/metadata/CirTypeParameterResolver
instanceKlass org/jetbrains/kotlin/commonizer/mergedtree/CompositeClassifiers
instanceKlass org/jetbrains/kotlin/commonizer/mergedtree/CirProvidedClassifiers$EMPTY
instanceKlass kotlin/collections/IntIterator
instanceKlass org/jetbrains/kotlin/commonizer/mergedtree/CirFictitiousFunctionClassifiers
instanceKlass org/jetbrains/kotlin/commonizer/mergedtree/CirProvidedClassifiers$Companion
instanceKlass  @bci org/jetbrains/kotlin/commonizer/mergedtree/CirProvidedClassifiersByModules <init> (ZLjava/util/Map;)V 146 <appendix> argL0 ; # org/jetbrains/kotlin/commonizer/mergedtree/CirProvidedClassifiersByModules$$Lambda+0x00000008001430c0
instanceKlass org/jetbrains/kotlin/commonizer/cir/CirProvided$TypeAliasType
instanceKlass org/jetbrains/kotlin/metadata/ProtoBuf$VersionRequirement$VersionKind$1
instanceKlass org/jetbrains/kotlin/metadata/ProtoBuf$VersionRequirement$Level$1
instanceKlass org/jetbrains/kotlin/metadata/ProtoBuf$VersionRequirementOrBuilder
instanceKlass org/jetbrains/kotlin/commonizer/cir/CirProvided$TypeParameterType
instanceKlass org/jetbrains/kotlin/commonizer/cir/CirProvided$TypeParameter
instanceKlass  @bci org/jetbrains/kotlin/commonizer/mergedtree/CirProvidedClassifiersByModulesKt readClass (Lorg/jetbrains/kotlin/commonizer/mergedtree/ClassProtosToRead$ClassEntry;Lorg/jetbrains/kotlin/commonizer/mergedtree/ClassProtosToRead;ILkotlin/jvm/functions/Function2;)V 1007 <adapter> ; # java/lang/invoke/LambdaForm$MH+0x0000000800144c00
# instanceKlass java/lang/invoke/LambdaForm$DMH+0x0000000800144800
instanceKlass  @bci org/jetbrains/kotlin/commonizer/mergedtree/CirProvidedClassifiersByModulesKt readClass (Lorg/jetbrains/kotlin/commonizer/mergedtree/ClassProtosToRead$ClassEntry;Lorg/jetbrains/kotlin/commonizer/mergedtree/ClassProtosToRead;ILkotlin/jvm/functions/Function2;)V 1007 <appendix> form vmentry <vmtarget> ; # java/lang/invoke/LambdaForm$DMH+0x0000000800144400
instanceKlass  @bci org/jetbrains/kotlin/commonizer/mergedtree/CirProvidedClassifiersByModulesKt readClass (Lorg/jetbrains/kotlin/commonizer/mergedtree/ClassProtosToRead$ClassEntry;Lorg/jetbrains/kotlin/commonizer/mergedtree/ClassProtosToRead;ILkotlin/jvm/functions/Function2;)V 1007 <appendix> member <vmtarget> ; # org/jetbrains/kotlin/commonizer/mergedtree/CirProvidedClassifiersByModulesKt$$Lambda+0x00000008001409c8
instanceKlass  @cpi org/jetbrains/kotlin/commonizer/mergedtree/CirProvidedClassifiersByModulesKt 529 form vmentry <vmtarget> ; # java/lang/invoke/LambdaForm$DMH+0x0000000800144000
instanceKlass org/jetbrains/kotlin/commonizer/cir/CirProvided$RegularClass
instanceKlass org/jetbrains/kotlin/descriptors/Visibility
instanceKlass org/jetbrains/kotlin/resolve/ReturnValueStatus$Companion
instanceKlass org/jetbrains/kotlin/descriptors/Modality$Companion
instanceKlass org/jetbrains/kotlin/serialization/deserialization/ProtoEnumFlags$WhenMappings
instanceKlass org/jetbrains/kotlin/metadata/ProtoBuf$MemberKind$1
instanceKlass org/jetbrains/kotlin/metadata/ProtoBuf$ReturnValueStatus$1
instanceKlass org/jetbrains/kotlin/metadata/ProtoBuf$Class$Kind$1
instanceKlass org/jetbrains/kotlin/metadata/ProtoBuf$Modality$1
instanceKlass org/jetbrains/kotlin/metadata/ProtoBuf$Visibility$1
instanceKlass org/jetbrains/kotlin/metadata/deserialization/Flags$FlagField
instanceKlass org/jetbrains/kotlin/metadata/deserialization/Flags
instanceKlass org/jetbrains/kotlin/serialization/deserialization/ProtoEnumFlags
instanceKlass  @bci org/jetbrains/kotlin/commonizer/mergedtree/CirProvidedClassifiersByModulesKt readModule (Lorg/jetbrains/kotlin/library/SerializedMetadata;Lkotlin/jvm/functions/Function2;)V 934 <appendix> member <vmtarget> ; # org/jetbrains/kotlin/commonizer/mergedtree/CirProvidedClassifiersByModulesKt$$Lambda+0x000000080013c158
instanceKlass org/jetbrains/kotlin/commonizer/cir/CirProvided$StarTypeProjection
instanceKlass org/jetbrains/kotlin/commonizer/cir/CirProvided$RegularTypeProjection
instanceKlass org/jetbrains/kotlin/commonizer/cir/CirProvided$TypeProjection
instanceKlass org/jetbrains/kotlin/commonizer/mergedtree/CirProvidedClassifiersByModulesKt$WhenMappings
instanceKlass  @bci org/jetbrains/kotlin/commonizer/mergedtree/TypeReadContext <init> (Lorg/jetbrains/kotlin/metadata/deserialization/NameResolver;Lorg/jetbrains/kotlin/metadata/deserialization/TypeTable;Ljava/util/Map;)V 60 <appendix> member <vmtarget> ; # org/jetbrains/kotlin/commonizer/mergedtree/TypeReadContext$$Lambda+0x000000080013b178
instanceKlass  @bci org/jetbrains/kotlin/commonizer/mergedtree/TypeReadContext <init> (Lorg/jetbrains/kotlin/metadata/deserialization/NameResolver;Lorg/jetbrains/kotlin/metadata/deserialization/TypeTable;Ljava/util/Map;)V 39 <appendix> member <vmtarget> ; # org/jetbrains/kotlin/commonizer/mergedtree/TypeReadContext$$Lambda+0x000000080013af20
instanceKlass org/jetbrains/kotlin/commonizer/mergedtree/TypeReadContext
instanceKlass org/jetbrains/kotlin/metadata/deserialization/ProtoTypeTableUtilKt
instanceKlass org/jetbrains/kotlin/metadata/deserialization/TypeTable
instanceKlass org/jetbrains/kotlin/metadata/ProtoBuf$TypeAliasOrBuilder
instanceKlass org/jetbrains/kotlin/metadata/ProtoBuf$Effect$EffectConditionKind$1
instanceKlass org/jetbrains/kotlin/metadata/ProtoBuf$Effect$InvocationKind$1
instanceKlass org/jetbrains/kotlin/metadata/ProtoBuf$Expression$ConstantValue$1
instanceKlass org/jetbrains/kotlin/metadata/ProtoBuf$ExpressionOrBuilder
instanceKlass org/jetbrains/kotlin/metadata/ProtoBuf$Effect$EffectType$1
instanceKlass org/jetbrains/kotlin/metadata/ProtoBuf$EffectOrBuilder
instanceKlass org/jetbrains/kotlin/metadata/ProtoBuf$Annotation$ArgumentOrBuilder
instanceKlass org/jetbrains/kotlin/protobuf/AbstractMessageLite$Builder
instanceKlass org/jetbrains/kotlin/metadata/ProtoBuf$Type$Argument$Projection$1
instanceKlass org/jetbrains/kotlin/metadata/ProtoBuf$Type$ArgumentOrBuilder
instanceKlass org/jetbrains/kotlin/commonizer/mergedtree/ClassProtosToRead$ClassEntry
instanceKlass org/jetbrains/kotlin/com/intellij/util/ObjectUtils$Sentinel
instanceKlass org/jetbrains/kotlin/com/intellij/util/ObjectUtils
instanceKlass org/jetbrains/kotlin/com/intellij/openapi/util/RecursionManager$2
instanceKlass org/jetbrains/kotlin/com/intellij/util/containers/RefHashMap$HardKey
instanceKlass org/jetbrains/kotlin/com/intellij/util/containers/CanonicalHashingStrategy
instanceKlass org/jetbrains/kotlin/com/intellij/util/containers/HashingStrategy
instanceKlass org/jetbrains/kotlin/com/intellij/util/containers/RefHashMap$Key
instanceKlass org/jetbrains/kotlin/com/intellij/util/containers/SoftKeySoftValueHashMap
instanceKlass org/jetbrains/kotlin/com/intellij/util/containers/ReferenceQueueable
instanceKlass org/jetbrains/kotlin/it/unimi/dsi/fastutil/Hash$Strategy
instanceKlass org/jetbrains/kotlin/com/intellij/util/containers/CollectionFactory
instanceKlass java/util/concurrent/atomic/AtomicBoolean
instanceKlass  @bci org/jetbrains/kotlin/com/intellij/openapi/util/RecursionManager <clinit> ()V 8 <appendix> argL0 ; # org/jetbrains/kotlin/com/intellij/openapi/util/RecursionManager$$Lambda+0x0000000800130240
instanceKlass org/jetbrains/kotlin/com/intellij/openapi/util/RecursionManager$CalculationStack
instanceKlass  @bci java/util/logging/Level$KnownLevel add (Ljava/util/logging/Level;)V 49 <appendix> argL0 ; # java/util/logging/Level$KnownLevel$$Lambda+0x00000008000aca68
instanceKlass  @bci java/util/logging/Level$KnownLevel add (Ljava/util/logging/Level;)V 19 <appendix> argL0 ; # java/util/logging/Level$KnownLevel$$Lambda+0x00000008000ac7f8
instanceKlass java/util/logging/Level
instanceKlass  @bci org/jetbrains/kotlin/com/intellij/openapi/diagnostic/Logger <clinit> ()V 11 <appendix> argL0 ; # org/jetbrains/kotlin/com/intellij/openapi/diagnostic/Logger$$Lambda+0x000000080012f800
instanceKlass org/jetbrains/kotlin/com/intellij/openapi/diagnostic/Attachment
instanceKlass org/jetbrains/kotlin/com/intellij/openapi/diagnostic/Logger$DefaultFactory
instanceKlass org/jetbrains/kotlin/com/intellij/openapi/diagnostic/Logger$Factory
instanceKlass org/jetbrains/kotlin/com/intellij/openapi/diagnostic/Logger
instanceKlass org/jetbrains/kotlin/com/intellij/openapi/util/RecursionGuard$StackStamp
instanceKlass org/jetbrains/kotlin/com/intellij/openapi/util/RecursionGuard
instanceKlass org/jetbrains/kotlin/com/intellij/openapi/util/RecursionManager
instanceKlass java/util/LinkedList$ListItr
instanceKlass kotlin/Triple
instanceKlass java/util/LinkedList$Node
instanceKlass org/jetbrains/kotlin/metadata/deserialization/NameResolverImpl$WhenMappings
instanceKlass java/util/Collections$UnmodifiableCollection$1
instanceKlass org/jetbrains/kotlin/metadata/deserialization/NameResolverImpl
instanceKlass org/jetbrains/kotlin/metadata/deserialization/NameResolver
instanceKlass org/jetbrains/kotlin/protobuf/SmallSortedMap$Entry
instanceKlass org/jetbrains/kotlin/protobuf/FieldSet$1
instanceKlass org/jetbrains/kotlin/protobuf/GeneratedMessageLite$1
instanceKlass org/jetbrains/kotlin/metadata/ProtoBuf$QualifiedNameTable$QualifiedName$Kind$1
instanceKlass org/jetbrains/kotlin/metadata/ProtoBuf$QualifiedNameTable$QualifiedNameOrBuilder
instanceKlass org/jetbrains/kotlin/com/intellij/util/containers/FactoryMap
instanceKlass  @bci org/jetbrains/kotlin/commonizer/mergedtree/ClassProtosToRead <init> ()V 10 <appendix> member <vmtarget> ; # org/jetbrains/kotlin/commonizer/mergedtree/ClassProtosToRead$$Lambda+0x000000080012b630
instanceKlass org/jetbrains/kotlin/com/intellij/util/Function
instanceKlass  @bci org/jetbrains/kotlin/commonizer/mergedtree/ClassProtosToRead <init> ()V 5 <appendix> argL0 ; # org/jetbrains/kotlin/commonizer/mergedtree/ClassProtosToRead$$Lambda+0x000000080012b1b0
instanceKlass org/jetbrains/kotlin/commonizer/mergedtree/ClassProtosToRead
instanceKlass org/jetbrains/kotlin/library/SerializedMetadata
instanceKlass java/nio/file/Files$AcceptAllFilter
instanceKlass org/jetbrains/kotlin/protobuf/Utf8
instanceKlass org/jetbrains/kotlin/protobuf/UnmodifiableLazyStringList$2
instanceKlass org/jetbrains/kotlin/protobuf/WireFormat
instanceKlass org/jetbrains/kotlin/protobuf/CodedOutputStream
instanceKlass org/jetbrains/kotlin/protobuf/CodedInputStream
instanceKlass org/jetbrains/kotlin/library/metadata/KlibMetadataProtoBuf$HeaderOrBuilder
instanceKlass org/jetbrains/kotlin/metadata/SerializationPluginMetadataExtensions
instanceKlass org/jetbrains/kotlin/protobuf/ExtensionRegistryLite$ObjectIntPair
instanceKlass org/jetbrains/kotlin/metadata/ProtoBuf$QualifiedNameTableOrBuilder
instanceKlass org/jetbrains/kotlin/protobuf/LazyStringList
instanceKlass org/jetbrains/kotlin/protobuf/ProtocolStringList
instanceKlass org/jetbrains/kotlin/metadata/ProtoBuf$StringTableOrBuilder
instanceKlass org/jetbrains/kotlin/metadata/ProtoBuf$PackageFragmentOrBuilder
instanceKlass org/jetbrains/kotlin/metadata/ProtoBuf$TypeParameter$Variance$1
instanceKlass org/jetbrains/kotlin/metadata/ProtoBuf$TypeParameterOrBuilder
instanceKlass org/jetbrains/kotlin/metadata/ProtoBuf$EnumEntryOrBuilder
instanceKlass org/jetbrains/kotlin/metadata/ProtoBuf$Annotation$Argument$Value$Type$1
instanceKlass org/jetbrains/kotlin/protobuf/Internal$EnumLiteMap
instanceKlass org/jetbrains/kotlin/metadata/ProtoBuf$Annotation$Argument$ValueOrBuilder
instanceKlass org/jetbrains/kotlin/metadata/ProtoBuf$ValueParameterOrBuilder
instanceKlass org/jetbrains/kotlin/metadata/ProtoBuf$PropertyOrBuilder
instanceKlass org/jetbrains/kotlin/metadata/ProtoBuf$ContractOrBuilder
instanceKlass org/jetbrains/kotlin/metadata/ProtoBuf$FunctionOrBuilder
instanceKlass org/jetbrains/kotlin/metadata/ProtoBuf$ConstructorOrBuilder
instanceKlass org/jetbrains/kotlin/metadata/ProtoBuf$AnnotationOrBuilder
instanceKlass org/jetbrains/kotlin/metadata/ProtoBuf$TypeOrBuilder
instanceKlass org/jetbrains/kotlin/metadata/ProtoBuf$ClassOrBuilder
instanceKlass org/jetbrains/kotlin/protobuf/Internal$EnumLite
instanceKlass org/jetbrains/kotlin/protobuf/GeneratedMessageLite$ExtensionDescriptor
instanceKlass org/jetbrains/kotlin/protobuf/GeneratedMessageLite$GeneratedExtension
instanceKlass java/lang/Long$LongCache
instanceKlass org/jetbrains/kotlin/metadata/ProtoBuf$VersionRequirementTableOrBuilder
instanceKlass org/jetbrains/kotlin/metadata/ProtoBuf$TypeTableOrBuilder
instanceKlass org/jetbrains/kotlin/protobuf/ByteString$ByteIterator
instanceKlass org/jetbrains/kotlin/protobuf/ByteString
instanceKlass org/jetbrains/kotlin/protobuf/SmallSortedMap$EmptySet$2
instanceKlass org/jetbrains/kotlin/protobuf/SmallSortedMap$EmptySet$1
instanceKlass org/jetbrains/kotlin/protobuf/SmallSortedMap$EmptySet
instanceKlass org/jetbrains/kotlin/protobuf/LazyFieldLite
instanceKlass org/jetbrains/kotlin/protobuf/FieldSet
instanceKlass org/jetbrains/kotlin/protobuf/AbstractParser
instanceKlass org/jetbrains/kotlin/protobuf/MessageLite$Builder
instanceKlass org/jetbrains/kotlin/protobuf/Parser
instanceKlass org/jetbrains/kotlin/protobuf/FieldSet$FieldDescriptorLite
instanceKlass org/jetbrains/kotlin/protobuf/AbstractMessageLite
instanceKlass org/jetbrains/kotlin/metadata/ProtoBuf$PackageOrBuilder
instanceKlass org/jetbrains/kotlin/protobuf/GeneratedMessageLite$ExtendableMessageOrBuilder
instanceKlass org/jetbrains/kotlin/protobuf/MessageLite
instanceKlass org/jetbrains/kotlin/protobuf/MessageLiteOrBuilder
instanceKlass org/jetbrains/kotlin/library/metadata/KlibMetadataProtoBuf
instanceKlass org/jetbrains/kotlin/metadata/ExtensionRegistryLiteKt
instanceKlass  @bci org/jetbrains/kotlin/library/metadata/KlibMetadataSerializerProtocol <init> ()V 1 <appendix> argL0 ; # org/jetbrains/kotlin/library/metadata/KlibMetadataSerializerProtocol$$Lambda+0x0000000800113868
instanceKlass org/jetbrains/kotlin/protobuf/ExtensionRegistryLite
instanceKlass org/jetbrains/kotlin/serialization/SerializerExtensionProtocol
instanceKlass org/jetbrains/kotlin/library/metadata/KlibMetadataDeserializationUtilsKt
instanceKlass org/jetbrains/kotlin/library/impl/KlibMetadataComponentImpl
instanceKlass org/jetbrains/kotlin/library/components/KlibMetadataComponent$Kind
instanceKlass org/jetbrains/kotlin/library/KlibComponent$Kind
instanceKlass org/jetbrains/kotlin/library/components/KlibMetadataComponent
instanceKlass org/jetbrains/kotlin/library/KlibComponent
instanceKlass org/jetbrains/kotlin/commonizer/cir/CirProvided$TypeAlias
instanceKlass org/jetbrains/kotlin/commonizer/cir/AnyTypeAlias
instanceKlass org/jetbrains/kotlin/commonizer/cir/CirProvided$ClassType
instanceKlass org/jetbrains/kotlin/commonizer/cir/CirProvided$ClassOrTypeAliasType
instanceKlass org/jetbrains/kotlin/commonizer/cir/AnyClassOrTypeAliasType
instanceKlass org/jetbrains/kotlin/commonizer/cir/CirProvided$Type
instanceKlass org/jetbrains/kotlin/commonizer/cir/AnyType
instanceKlass org/jetbrains/kotlin/commonizer/cir/ArtificialSupertypes
instanceKlass kotlin/collections/AbstractList$IteratorImpl
instanceKlass org/jetbrains/kotlin/name/NativeForwardDeclarationKind$Companion
instanceKlass kotlin/_Assertions
instanceKlass org/jetbrains/kotlin/name/ClassId$Companion
instanceKlass org/jetbrains/kotlin/name/ClassId
instanceKlass org/jetbrains/kotlin/name/NativeStandardInteropNames
instanceKlass org/jetbrains/kotlin/name/NativeStandardInteropNames$ForwardDeclarations
instanceKlass org/jetbrains/kotlin/builtins/StandardNames
instanceKlass kotlin/Deprecated
instanceKlass org/jetbrains/kotlin/name/Name
instanceKlass org/jetbrains/kotlin/name/FqNameUnsafe$Companion
instanceKlass org/jetbrains/kotlin/name/FqNameUnsafe
instanceKlass org/jetbrains/kotlin/name/FqName$Companion
instanceKlass org/jetbrains/kotlin/name/FqName
instanceKlass org/jetbrains/kotlin/commonizer/utils/NamesKt
instanceKlass org/jetbrains/kotlin/commonizer/cir/CirProvided$ExportedForwardDeclarationClass
instanceKlass org/jetbrains/kotlin/commonizer/cir/CirProvided$Class
instanceKlass org/jetbrains/kotlin/commonizer/cir/AnyClass
instanceKlass org/jetbrains/kotlin/commonizer/cir/CirHasVisibility
instanceKlass org/jetbrains/kotlin/commonizer/cir/CirProvided$Classifier
instanceKlass org/jetbrains/kotlin/commonizer/cir/AnyClassifier
instanceKlass org/jetbrains/kotlin/commonizer/mergedtree/CirProvidedClassifiersByModulesKt
instanceKlass org/jetbrains/kotlin/commonizer/mergedtree/CirProvidedClassifiersByModules$Companion
instanceKlass org/jetbrains/kotlin/commonizer/mergedtree/CirProvidedClassifiersByModules
instanceKlass org/jetbrains/kotlin/commonizer/mergedtree/CirProvidedClassifiers
instanceKlass  @bci org/jetbrains/kotlin/commonizer/konan/DefaultModulesProvider$DuplicateLibraryHandler$Companion warning (Lorg/jetbrains/kotlin/util/Logger;)Lorg/jetbrains/kotlin/commonizer/konan/DefaultModulesProvider$DuplicateLibraryHandler; 7 <appendix> member <vmtarget> ; # org/jetbrains/kotlin/commonizer/konan/DefaultModulesProvider$DuplicateLibraryHandler$Companion$$Lambda+0x000000080010b940
instanceKlass org/jetbrains/kotlin/library/impl/BuiltInsPlatform$Companion
instanceKlass org/jetbrains/kotlin/commonizer/CommonizerParametersKt
instanceKlass org/jetbrains/kotlin/commonizer/tree/deserializer/RootCirTreeDeserializer
instanceKlass org/jetbrains/kotlin/commonizer/tree/deserializer/CirTreeClassConstructorDeserializer
instanceKlass org/jetbrains/kotlin/commonizer/tree/deserializer/CirTreeClassDeserializer
instanceKlass org/jetbrains/kotlin/commonizer/tree/deserializer/CirTreeTypeAliasDeserializer
instanceKlass org/jetbrains/kotlin/commonizer/tree/deserializer/CirTreeFunctionDeserializer
instanceKlass org/jetbrains/kotlin/commonizer/tree/deserializer/CirTreePropertyDeserializer
instanceKlass org/jetbrains/kotlin/commonizer/tree/deserializer/CirTreePackageDeserializer
instanceKlass org/jetbrains/kotlin/commonizer/tree/deserializer/CirTreeModuleDeserializer
instanceKlass org/jetbrains/kotlin/commonizer/tree/DeserializeCirTreeKt
instanceKlass  @bci org/jetbrains/kotlin/commonizer/CommonizerQueue enqueue (Lorg/jetbrains/kotlin/commonizer/SharedCommonizerTarget;)V 16 <appendix> member <vmtarget> ; # org/jetbrains/kotlin/commonizer/CommonizerQueue$$Lambda+0x00000008001099c0
instanceKlass kotlin/comparisons/ComparisonsKt__ComparisonsKt
instanceKlass java/util/TimSort
instanceKlass java/util/Arrays$LegacyMergeSort
instanceKlass org/jetbrains/kotlin/commonizer/InputTargetsSelectorKt$selectInputTargets$$inlined$sortedBy$1
instanceKlass org/jetbrains/kotlin/commonizer/utils/SetExtensionsKt
instanceKlass org/jetbrains/kotlin/commonizer/InputTargetsSelectorKt
instanceKlass org/jetbrains/kotlin/storage/LockBasedStorageManager$LockBasedLazyValue
instanceKlass  @bci org/jetbrains/kotlin/commonizer/CommonizerQueue <init> (Lorg/jetbrains/kotlin/storage/StorageManager;Ljava/util/Set;Lorg/jetbrains/kotlin/commonizer/TargetDependent;Lorg/jetbrains/kotlin/commonizer/CommonizerQueue$Commonizer;Lorg/jetbrains/kotlin/commonizer/CommonizerQueue$Serializer;)V 193 <appendix> member <vmtarget> ; # org/jetbrains/kotlin/commonizer/CommonizerQueue$$Lambda+0x0000000800108000
instanceKlass  @bci org/jetbrains/kotlin/commonizer/CommonizerQueueKt CommonizerQueue$lambda$0 (Lorg/jetbrains/kotlin/commonizer/CommonizerParameters;Lorg/jetbrains/kotlin/commonizer/CommonizerTarget;)Lorg/jetbrains/kotlin/commonizer/CommonizerQueue$Deserializer; 8 <appendix> member <vmtarget> ; # org/jetbrains/kotlin/commonizer/CommonizerQueueKt$$Lambda+0x0000000800100c98
instanceKlass org/jetbrains/kotlin/commonizer/tree/CirTreeRoot
instanceKlass  @bci org/jetbrains/kotlin/commonizer/CommonizerQueueKt CommonizerQueue (Lorg/jetbrains/kotlin/commonizer/CommonizerParameters;)Lorg/jetbrains/kotlin/commonizer/CommonizerQueue; 38 <appendix> member <vmtarget> ; # org/jetbrains/kotlin/commonizer/CommonizerQueueKt$$Lambda+0x0000000800100800
instanceKlass  @cpi org/jetbrains/kotlin/commonizer/CommonizerQueueKt 74 form vmentry <vmtarget> ; # java/lang/invoke/LambdaForm$DMH+0x0000000800100400
instanceKlass org/jetbrains/kotlin/commonizer/CommonizerQueue$Serializer
instanceKlass  @bci org/jetbrains/kotlin/commonizer/CommonizerQueueKt CommonizerQueue (Lorg/jetbrains/kotlin/commonizer/CommonizerParameters;)Lorg/jetbrains/kotlin/commonizer/CommonizerQueue; 32 <appendix> member <vmtarget> ; # org/jetbrains/kotlin/commonizer/CommonizerQueueKt$$Lambda+0x0000000800101b78
instanceKlass org/jetbrains/kotlin/commonizer/mergedtree/CirRootNode
instanceKlass org/jetbrains/kotlin/commonizer/mergedtree/CirNode
instanceKlass org/jetbrains/kotlin/commonizer/CommonizerQueue$Commonizer
instanceKlass  @bci org/jetbrains/kotlin/commonizer/TargetDependentKt mapTargets (Lorg/jetbrains/kotlin/commonizer/TargetDependent;Lkotlin/jvm/functions/Function1;)Lorg/jetbrains/kotlin/commonizer/TargetDependent; 22 <appendix> member <vmtarget> ; # org/jetbrains/kotlin/commonizer/TargetDependentKt$$Lambda+0x0000000800101258
instanceKlass  @bci org/jetbrains/kotlin/commonizer/CommonizerQueueKt CommonizerQueue (Lorg/jetbrains/kotlin/commonizer/CommonizerParameters;)Lorg/jetbrains/kotlin/commonizer/CommonizerQueue; 23 <appendix> member <vmtarget> ; # org/jetbrains/kotlin/commonizer/CommonizerQueueKt$$Lambda+0x0000000800101000
instanceKlass org/jetbrains/kotlin/commonizer/CommonizerQueue$Deserializer
instanceKlass org/jetbrains/kotlin/commonizer/CommonizerQueue
instanceKlass org/jetbrains/kotlin/commonizer/CommonizerQueueKt
instanceKlass kotlin/collections/EmptyIterator
instanceKlass kotlin/collections/EmptySet
instanceKlass kotlin/coroutines/jvm/internal/SpillingKt
instanceKlass kotlin/Result$Failure
instanceKlass kotlin/ResultKt
instanceKlass kotlin/Result$Companion
instanceKlass kotlin/Result
instanceKlass kotlin/coroutines/EmptyCoroutineContext
instanceKlass kotlin/coroutines/CoroutineContext
instanceKlass kotlin/coroutines/jvm/internal/DebugProbesKt
instanceKlass kotlin/coroutines/intrinsics/IntrinsicsKt__IntrinsicsJvmKt
instanceKlass kotlin/sequences/SequenceScope
instanceKlass kotlin/coroutines/jvm/internal/BaseContinuationImpl
instanceKlass kotlin/coroutines/jvm/internal/CoroutineStackFrame
instanceKlass kotlin/coroutines/Continuation
instanceKlass kotlin/coroutines/jvm/internal/SuspendFunction
instanceKlass  @bci org/jetbrains/kotlin/commonizer/TargetDependentKt filterNonNull (Lorg/jetbrains/kotlin/commonizer/TargetDependent;)Lorg/jetbrains/kotlin/commonizer/TargetDependent; 118 <appendix> member <vmtarget> ; # org/jetbrains/kotlin/commonizer/TargetDependentKt$$Lambda+0x0000000800105b48
instanceKlass org/jetbrains/kotlin/it/unimi/dsi/fastutil/objects/Object2ObjectOpenHashMap$MapEntry
instanceKlass org/jetbrains/kotlin/it/unimi/dsi/fastutil/objects/Object2ObjectMap$Entry
instanceKlass org/jetbrains/kotlin/it/unimi/dsi/fastutil/objects/Object2ObjectOpenHashMap$MapIterator
instanceKlass org/jetbrains/kotlin/commonizer/ModulesProvider$ModuleInfo
instanceKlass org/jetbrains/kotlin/commonizer/ModulesProvider$CInteropModuleAttributes
instanceKlass  @bci org/jetbrains/kotlin/commonizer/konan/DefaultModulesProvider$DuplicateLibraryHandler$Companion <clinit> ()V 10 <appendix> argL0 ; # org/jetbrains/kotlin/commonizer/konan/DefaultModulesProvider$DuplicateLibraryHandler$Companion$$Lambda+0x0000000800104238
instanceKlass org/jetbrains/kotlin/commonizer/konan/DefaultModulesProvider$DuplicateLibraryHandler$Companion
instanceKlass org/jetbrains/kotlin/commonizer/konan/DefaultModulesProvider$DuplicateLibraryHandler
instanceKlass org/jetbrains/kotlin/commonizer/konan/DefaultModulesProvider$Companion
instanceKlass org/jetbrains/kotlin/commonizer/konan/DefaultModulesProvider
instanceKlass org/jetbrains/kotlin/commonizer/FactoryBasedTargetDependent$Null
instanceKlass org/jetbrains/kotlin/commonizer/CommonModuleNamesKt
instanceKlass org/jetbrains/kotlin/commonizer/cir/CirName$Companion
instanceKlass org/jetbrains/kotlin/commonizer/cir/CirName
instanceKlass org/jetbrains/kotlin/commonizer/cir/CirPackageName$Companion
instanceKlass org/jetbrains/kotlin/commonizer/cir/CirPackageName
instanceKlass  @bci java/util/stream/Collectors castingIdentity ()Ljava/util/function/Function; 0 <appendix> argL0 ; # java/util/stream/Collectors$$Lambda+0x00000008000a8750
instanceKlass java/util/stream/Collectors
instanceKlass java/util/Collections$UnmodifiableCollection
# instanceKlass java/lang/invoke/LambdaForm$MH+0x0000000800100000
instanceKlass jdk/internal/reflect/MethodHandleAccessorFactory$LazyStaticHolder
instanceKlass sun/reflect/annotation/AnnotationParser
instanceKlass java/lang/Class$3
instanceKlass java/util/stream/Collector
instanceKlass  @bci org/jetbrains/kotlin/it/unimi/dsi/fastutil/objects/ObjectOpenHashSet <clinit> ()V 10 <appendix> argL0 ; # org/jetbrains/kotlin/it/unimi/dsi/fastutil/objects/ObjectOpenHashSet$$Lambda+0x00000008000fe630
instanceKlass java/util/function/BinaryOperator
instanceKlass  @bci org/jetbrains/kotlin/it/unimi/dsi/fastutil/objects/ObjectOpenHashSet <clinit> ()V 5 <appendix> argL0 ; # org/jetbrains/kotlin/it/unimi/dsi/fastutil/objects/ObjectOpenHashSet$$Lambda+0x00000008000fe3d0
instanceKlass java/util/function/BiConsumer
instanceKlass  @bci org/jetbrains/kotlin/it/unimi/dsi/fastutil/objects/ObjectOpenHashSet <clinit> ()V 0 <appendix> argL0 ; # org/jetbrains/kotlin/it/unimi/dsi/fastutil/objects/ObjectOpenHashSet$$Lambda+0x00000008000fe180
instanceKlass org/jetbrains/kotlin/it/unimi/dsi/fastutil/objects/ObjectSpliterator
instanceKlass org/jetbrains/kotlin/it/unimi/dsi/fastutil/objects/ObjectIterator
instanceKlass java/util/Spliterator
instanceKlass org/jetbrains/kotlin/com/intellij/util/containers/Interner
instanceKlass org/jetbrains/kotlin/commonizer/utils/Interner
instanceKlass org/jetbrains/kotlin/commonizer/cir/CirEntityId$Companion
instanceKlass org/jetbrains/kotlin/commonizer/cir/CirEntityId
instanceKlass org/jetbrains/kotlin/commonizer/FacadeKt
instanceKlass org/jetbrains/kotlin/storage/EmptySimpleLock
instanceKlass org/jetbrains/kotlin/storage/LockBasedStorageManager$ExceptionHandlingStrategy$1
instanceKlass org/jetbrains/kotlin/storage/LockBasedStorageManager$ExceptionHandlingStrategy
instanceKlass org/jetbrains/kotlin/storage/MemoizedFunctionToNullable
instanceKlass org/jetbrains/kotlin/storage/CacheWithNullableValues
instanceKlass org/jetbrains/kotlin/storage/CacheWithNotNullValues
instanceKlass org/jetbrains/kotlin/storage/NullableLazyValue
instanceKlass org/jetbrains/kotlin/storage/MemoizedFunctionToNotNull
instanceKlass org/jetbrains/kotlin/storage/NotNullLazyValue
instanceKlass org/jetbrains/kotlin/storage/SimpleLock
instanceKlass org/jetbrains/kotlin/storage/LockBasedStorageManager
instanceKlass org/jetbrains/kotlin/storage/StorageManager
instanceKlass org/jetbrains/kotlin/commonizer/CommonizerParameters
instanceKlass  @bci org/jetbrains/kotlin/commonizer/konan/LibraryCommonizer createDependenciesProvider ()Lorg/jetbrains/kotlin/commonizer/TargetDependent; 24 <appendix> member <vmtarget> ; # org/jetbrains/kotlin/commonizer/konan/LibraryCommonizer$$Lambda+0x00000008000f99b0
instanceKlass org/jetbrains/kotlin/commonizer/ModulesProvider
instanceKlass  @bci org/jetbrains/kotlin/commonizer/konan/LibraryCommonizer createManifestProvider (Lorg/jetbrains/kotlin/commonizer/TargetDependent;)Lorg/jetbrains/kotlin/commonizer/TargetDependent; 8 <appendix> member <vmtarget> ; # org/jetbrains/kotlin/commonizer/konan/LibraryCommonizer$$Lambda+0x00000008000f9528
instanceKlass org/jetbrains/kotlin/commonizer/FactoryBasedTargetDependent$Uninitialized
instanceKlass org/jetbrains/kotlin/commonizer/FactoryBasedTargetDependent
instanceKlass  @bci org/jetbrains/kotlin/commonizer/TargetDependent map (Lkotlin/jvm/functions/Function2;)Lorg/jetbrains/kotlin/commonizer/TargetDependent; 17 <appendix> member <vmtarget> ; # org/jetbrains/kotlin/commonizer/TargetDependent$$Lambda+0x00000008000f8d90
instanceKlass  @bci org/jetbrains/kotlin/commonizer/konan/LibraryCommonizer commonizeAndSaveResults (Lorg/jetbrains/kotlin/commonizer/TargetDependent;)V 7 <appendix> member <vmtarget> ; # org/jetbrains/kotlin/commonizer/konan/LibraryCommonizer$$Lambda+0x00000008000f8b38
instanceKlass org/jetbrains/kotlin/commonizer/TargetProvider
instanceKlass org/jetbrains/kotlin/commonizer/utils/ProgressLoggerKt
instanceKlass kotlin/time/DurationJvmKt
instanceKlass kotlin/time/Duration$Companion
instanceKlass kotlin/time/Duration
instanceKlass kotlin/time/DurationUnitKt__DurationUnitJvmKt
instanceKlass kotlin/time/DurationKt
instanceKlass kotlin/time/LongSaturatedMathKt
instanceKlass kotlin/collections/MapWithDefault
instanceKlass org/jetbrains/kotlin/commonizer/TargetDependent$Companion
instanceKlass org/jetbrains/kotlin/commonizer/MapBasedTargetDependent
instanceKlass org/jetbrains/kotlin/commonizer/TargetDependent
instanceKlass org/jetbrains/kotlin/commonizer/TargetDependentKt
instanceKlass org/jetbrains/kotlin/it/unimi/dsi/fastutil/HashCommon
instanceKlass org/jetbrains/kotlin/it/unimi/dsi/fastutil/objects/Object2ObjectMap$FastEntrySet
instanceKlass org/jetbrains/kotlin/it/unimi/dsi/fastutil/objects/ObjectSet
instanceKlass org/jetbrains/kotlin/it/unimi/dsi/fastutil/objects/ObjectCollection
instanceKlass org/jetbrains/kotlin/it/unimi/dsi/fastutil/objects/ObjectIterable
instanceKlass org/jetbrains/kotlin/it/unimi/dsi/fastutil/objects/AbstractObject2ObjectFunction
instanceKlass org/jetbrains/kotlin/it/unimi/dsi/fastutil/objects/Object2ObjectMap
instanceKlass org/jetbrains/kotlin/it/unimi/dsi/fastutil/objects/Object2ObjectFunction
instanceKlass org/jetbrains/kotlin/it/unimi/dsi/fastutil/Function
instanceKlass org/jetbrains/kotlin/it/unimi/dsi/fastutil/Hash
instanceKlass org/jetbrains/kotlin/commonizer/konan/NativeLibraryKt
instanceKlass org/jetbrains/kotlin/commonizer/konan/NativeLibrariesToCommonize$Companion
instanceKlass org/jetbrains/kotlin/commonizer/konan/NativeLibrariesToCommonize
instanceKlass org/jetbrains/kotlin/commonizer/konan/NativeManifestDataProvider
instanceKlass kotlin/time/TimeSource$Monotonic$ValueTimeMark
instanceKlass kotlin/time/MonotonicTimeSource
instanceKlass kotlin/time/ComparableTimeMark
instanceKlass kotlin/time/TimeMark
instanceKlass kotlin/time/TimeSource$Monotonic
instanceKlass kotlin/time/TimeSource$WithComparableMarks
instanceKlass kotlin/time/TimeSource
instanceKlass  @bci org/jetbrains/kotlin/commonizer/repository/StdlibRepository <init> (Lorg/jetbrains/kotlin/commonizer/KonanDistribution;Lorg/jetbrains/kotlin/commonizer/NativeLibraryLoader;)V 28 <appendix> member <vmtarget> ; # org/jetbrains/kotlin/commonizer/repository/StdlibRepository$$Lambda+0x00000008000f2660
instanceKlass org/jetbrains/kotlin/commonizer/repository/StdlibRepository
instanceKlass org/jetbrains/kotlin/commonizer/konan/LibraryCommonizer
instanceKlass org/jetbrains/kotlin/library/metadata/UtilsKt
instanceKlass kotlin/jvm/internal/Ref$ObjectRef
instanceKlass org/jetbrains/kotlin/util/UtilKt
instanceKlass org/jetbrains/kotlin/commonizer/konan/NativeSensitiveManifestData$Companion
instanceKlass org/jetbrains/kotlin/commonizer/konan/NativeSensitiveManifestData
instanceKlass org/jetbrains/kotlin/commonizer/konan/NativeLibrary
instanceKlass org/jetbrains/kotlin/library/loader/KlibLoaderResultKt
instanceKlass  @bci org/jetbrains/kotlin/commonizer/DefaultNativeLibraryLoader invoke (Ljava/io/File;)Lorg/jetbrains/kotlin/commonizer/konan/NativeLibrary; 26 <appendix> member <vmtarget> ; # org/jetbrains/kotlin/commonizer/DefaultNativeLibraryLoader$$Lambda+0x00000008000f0fd0
instanceKlass kotlin/jvm/functions/Function2
instanceKlass org/jetbrains/kotlin/library/loader/KlibLoaderResult
instanceKlass org/jetbrains/kotlin/library/KotlinLibraryKt
instanceKlass org/jetbrains/kotlin/library/loader/KlibLoaderImpl$LibraryStatus$SuccessfullyLoaded
instanceKlass org/jetbrains/kotlin/library/loader/KlibLoaderImpl$LibraryStatus
instanceKlass org/jetbrains/kotlin/library/KlibAttributes
instanceKlass org/jetbrains/kotlin/library/KotlinLibraryVersioning
instanceKlass org/jetbrains/kotlin/library/KotlinIrSignatureVersion$Companion
instanceKlass org/jetbrains/kotlin/library/KotlinIrSignatureVersion
instanceKlass org/jetbrains/kotlin/library/KotlinIrSignatureVersionKt
instanceKlass org/jetbrains/kotlin/metadata/deserialization/MetadataVersion$Companion
instanceKlass org/jetbrains/kotlin/metadata/deserialization/BinaryVersion$Companion
instanceKlass org/jetbrains/kotlin/metadata/deserialization/BinaryVersion
instanceKlass org/jetbrains/kotlin/library/KotlinAbiVersion$Companion
instanceKlass org/jetbrains/kotlin/library/KotlinAbiVersion
instanceKlass org/jetbrains/kotlin/library/KotlinAbiVersionKt
instanceKlass org/jetbrains/kotlin/library/KotlinLibraryVersioningKt
instanceKlass org/jetbrains/kotlin/library/impl/KlibComponentsCache$Companion
instanceKlass org/jetbrains/kotlin/library/impl/KlibComponentsCache
instanceKlass java/util/Properties$LineReader
instanceKlass java/nio/channels/NetworkChannel
instanceKlass sun/nio/ch/SelChImpl
instanceKlass sun/nio/ch/Streams
instanceKlass java/nio/channels/Channels
instanceKlass sun/nio/ch/FileChannelImpl$Closer
instanceKlass java/util/Collections$EmptyIterator
instanceKlass org/jetbrains/kotlin/konan/properties/PropertiesKt
instanceKlass sun/nio/fs/WindowsPath$1
instanceKlass org/jetbrains/kotlin/library/KlibLayoutReader
instanceKlass org/jetbrains/kotlin/library/KlibFormat$ZipArchive
instanceKlass org/jetbrains/kotlin/library/KlibFormat$Directory
instanceKlass org/jetbrains/kotlin/library/KlibFormat$Companion
instanceKlass org/jetbrains/kotlin/library/KlibFormat
instanceKlass org/jetbrains/kotlin/library/KlibComponentLayout
instanceKlass org/jetbrains/kotlin/library/KlibLayoutReaderFactory
instanceKlass org/jetbrains/kotlin/konan/file/File$Companion
instanceKlass org/jetbrains/kotlin/konan/file/File
instanceKlass org/jetbrains/kotlin/library/impl/KlibImpl
instanceKlass org/jetbrains/kotlin/library/KotlinLibrary
instanceKlass org/jetbrains/kotlin/library/Klib
instanceKlass org/jetbrains/kotlin/library/BaseKotlinLibrary
instanceKlass sun/nio/fs/WindowsLinkSupport
instanceKlass java/nio/file/Paths
instanceKlass kotlin/collections/builders/ListBuilder$Itr
instanceKlass kotlin/jvm/internal/markers/KMutableListIterator
instanceKlass kotlin/jvm/internal/markers/KMutableIterator
instanceKlass org/jetbrains/kotlin/konan/file/ZipFileSystemInPlaceAccessor
instanceKlass org/jetbrains/kotlin/konan/file/ZipFileSystemAccessor
instanceKlass org/jetbrains/kotlin/library/loader/KlibLoaderImpl
instanceKlass org/jetbrains/kotlin/library/loader/DefaultKlibLibraryProvider
instanceKlass org/jetbrains/kotlin/library/loader/KlibLibraryProvider
instanceKlass kotlin/collections/builders/ListBuilderKt
instanceKlass kotlin/collections/builders/ListBuilder$Companion
instanceKlass kotlin/jvm/internal/markers/KMutableList
instanceKlass kotlin/jvm/internal/markers/KMutableCollection
instanceKlass kotlin/jvm/internal/markers/KMutableIterable
instanceKlass org/jetbrains/kotlin/library/loader/KlibLoader$1
instanceKlass  @bci org/jetbrains/kotlin/commonizer/DefaultNativeLibraryLoader invoke (Ljava/io/File;)Lorg/jetbrains/kotlin/commonizer/konan/NativeLibrary; 12 <appendix> member <vmtarget> ; # org/jetbrains/kotlin/commonizer/DefaultNativeLibraryLoader$$Lambda+0x00000008000e8000
instanceKlass org/jetbrains/kotlin/library/loader/KlibLoaderSpec
instanceKlass org/jetbrains/kotlin/library/loader/KlibLoader
instanceKlass  @bci java/io/IoOverNioFileSystem list0 (Ljava/io/File;)[Ljava/lang/String; 163 <appendix> argL0 ; # java/io/IoOverNioFileSystem$$Lambda+0x00000008000a1650
instanceKlass java/util/function/IntFunction
instanceKlass sun/nio/fs/BasicFileAttributesHolder
instanceKlass sun/nio/fs/WindowsDirectoryStream$WindowsDirectoryIterator
instanceKlass sun/nio/fs/WindowsDirectoryStream
instanceKlass java/nio/file/DirectoryStream
instanceKlass java/io/IoOverNioFileSystem$AcceptAllFilter
instanceKlass java/nio/file/DirectoryStream$Filter
instanceKlass kotlin/io/FilesKt__FilePathComponentsKt
instanceKlass org/jetbrains/kotlin/commonizer/KonanDistributionKt
instanceKlass org/jetbrains/kotlin/commonizer/konan/ModuleSerializer
instanceKlass org/jetbrains/kotlin/commonizer/ResultsConsumer
instanceKlass org/jetbrains/kotlin/commonizer/ResultsConsumerKt
instanceKlass  @bci org/jetbrains/kotlin/commonizer/cli/NativeDistributionCommonize execute (Ljava/lang/String;)V 1480 <appendix> member <vmtarget> ; # org/jetbrains/kotlin/commonizer/cli/NativeDistributionCommonize$$Lambda+0x00000008000e5a38
instanceKlass kotlin/Unit
instanceKlass org/jetbrains/kotlin/commonizer/ResultsConsumerBuilder
instanceKlass kotlin/Pair
instanceKlass kotlin/TuplesKt
instanceKlass org/jetbrains/kotlin/commonizer/MapBasedCommonizerSettings
instanceKlass org/jetbrains/kotlin/commonizer/CommonizerSettings
instanceKlass org/jetbrains/kotlin/commonizer/MapBasedCommonizerSettings$Setting
instanceKlass org/jetbrains/kotlin/commonizer/stats/StatsCollectorKt$WhenMappings
instanceKlass org/jetbrains/kotlin/commonizer/stats/StatsCollectorKt
instanceKlass  @bci org/jetbrains/kotlin/commonizer/repository/KonanDistributionRepository <init> (Lorg/jetbrains/kotlin/commonizer/KonanDistribution;Ljava/util/Set;Lorg/jetbrains/kotlin/commonizer/NativeLibraryLoader;)V 122 <appendix> member <vmtarget> ; # org/jetbrains/kotlin/commonizer/repository/KonanDistributionRepository$$Lambda+0x00000008000e4190
instanceKlass org/jetbrains/kotlin/commonizer/repository/KonanDistributionRepository
instanceKlass org/jetbrains/kotlin/commonizer/repository/Repository
instanceKlass org/jetbrains/kotlin/commonizer/DefaultNativeLibraryLoader
instanceKlass org/jetbrains/kotlin/commonizer/NativeLibraryLoader
instanceKlass org/jetbrains/kotlin/util/Logger$Companion
instanceKlass org/jetbrains/kotlin/commonizer/cli/CliLoggerAdapter
instanceKlass org/jetbrains/kotlin/util/Logger
instanceKlass org/jetbrains/kotlin/commonizer/KonanDistribution
instanceKlass org/jetbrains/kotlin/commonizer/cli/NativeDistributionCommonize$Companion
instanceKlass org/jetbrains/kotlin/commonizer/cli/Task$Companion
instanceKlass org/jetbrains/kotlin/commonizer/cli/BooleanOptionTypeKt
instanceKlass java/util/LinkedHashMap$LinkedHashIterator
instanceKlass java/util/Collections$1
instanceKlass org/jetbrains/kotlin/commonizer/CommonizerTargetKt
instanceKlass kotlin/jvm/internal/Lambda
instanceKlass org/jetbrains/kotlin/konan/target/KonanTarget$Companion
instanceKlass org/jetbrains/kotlin/konan/target/KonanTarget
instanceKlass org/jetbrains/kotlin/konan/util/Named
instanceKlass org/jetbrains/kotlin/commonizer/CommonizerTarget
instanceKlass kotlin/collections/EmptyList
instanceKlass java/util/AbstractList$Itr
instanceKlass org/jetbrains/kotlin/commonizer/IdentityStringSyntaxNode
instanceKlass org/jetbrains/kotlin/commonizer/ParserOutput
instanceKlass org/jetbrains/kotlin/commonizer/ZeroOrMoreParser
instanceKlass org/jetbrains/kotlin/commonizer/IgnoreTokensParser
instanceKlass java/util/regex/ASCII
instanceKlass org/jetbrains/kotlin/commonizer/GeneratedToken
instanceKlass kotlin/internal/ProgressionUtilKt
instanceKlass kotlin/ranges/IntRange$Companion
instanceKlass kotlin/ranges/IntProgression$Companion
instanceKlass kotlin/ranges/IntProgression
instanceKlass kotlin/ranges/OpenEndRange
instanceKlass kotlin/ranges/ClosedRange
instanceKlass kotlin/text/MatchNamedGroupCollection
instanceKlass kotlin/text/MatchGroupCollection
instanceKlass kotlin/text/MatcherMatchResult
instanceKlass kotlin/text/RegexKt
instanceKlass java/util/regex/IntHashSet
instanceKlass java/util/regex/Matcher
instanceKlass java/util/regex/MatchResult
instanceKlass  @bci kotlin/text/Regex findAll (Ljava/lang/CharSequence;I)Lkotlin/sequences/Sequence; 64 <adapter> ; # java/lang/invoke/LambdaForm$MH+0x00000008000d8800
# instanceKlass java/lang/invoke/LambdaForm$DMH+0x00000008000d8400
instanceKlass  @bci kotlin/text/Regex findAll (Ljava/lang/CharSequence;I)Lkotlin/sequences/Sequence; 64 <appendix> form vmentry <vmtarget> ; # java/lang/invoke/LambdaForm$DMH+0x00000008000d8000
instanceKlass  @bci kotlin/text/Regex findAll (Ljava/lang/CharSequence;I)Lkotlin/sequences/Sequence; 64 <appendix> member <vmtarget> ; # kotlin/text/Regex$$Lambda+0x00000008000d6ef8
instanceKlass kotlin/text/MatchResult
instanceKlass org/jetbrains/kotlin/commonizer/CompositeIdentityStringTokenizer
instanceKlass org/jetbrains/kotlin/commonizer/AnyOfParser
instanceKlass org/jetbrains/kotlin/commonizer/LeafTargetParser
instanceKlass org/jetbrains/kotlin/commonizer/SharedTargetParser
instanceKlass org/jetbrains/kotlin/commonizer/Parser
instanceKlass  @bci java/util/regex/CharPredicates ASCII_WORD ()Ljava/util/regex/Pattern$BmpCharPredicate; 0 <appendix> argL0 ; # java/util/regex/CharPredicates$$Lambda+0x000000080009c1d0
instanceKlass  @bci org/jetbrains/kotlin/commonizer/ParseCommonizerTargetKt <clinit> ()V 62 <appendix> argL0 ; # org/jetbrains/kotlin/commonizer/ParseCommonizerTargetKt$$Lambda+0x00000008000d5688
instanceKlass  @bci java/util/regex/Pattern Single (I)Ljava/util/regex/Pattern$BmpCharPredicate; 1 <appendix> member <vmtarget> ; # java/util/regex/Pattern$$Lambda+0x000000080009ba70
instanceKlass  @bci java/util/regex/CharPredicates ASCII_SPACE ()Ljava/util/regex/Pattern$BmpCharPredicate; 0 <appendix> argL0 ; # java/util/regex/CharPredicates$$Lambda+0x000000080009a978
instanceKlass java/util/regex/Pattern$BmpCharPredicate
instanceKlass java/util/regex/Pattern$CharPredicate
instanceKlass java/util/regex/CharPredicates
instanceKlass  @bci org/jetbrains/kotlin/commonizer/ParseCommonizerTargetKt <clinit> ()V 37 <appendix> argL0 ; # org/jetbrains/kotlin/commonizer/ParseCommonizerTargetKt$$Lambda+0x00000008000d5438
instanceKlass  @bci org/jetbrains/kotlin/commonizer/ParseCommonizerTargetKt <clinit> ()V 13 <appendix> argL0 ; # org/jetbrains/kotlin/commonizer/ParseCommonizerTargetKt$$Lambda+0x00000008000d51e8
instanceKlass org/jetbrains/kotlin/commonizer/IdentityStringToken
instanceKlass java/util/regex/Pattern$TreeInfo
instanceKlass java/util/regex/Pattern$Node
instanceKlass java/util/regex/Pattern
instanceKlass kotlin/text/FlagEnum
instanceKlass kotlin/text/Regex$Companion
instanceKlass kotlin/text/Regex
instanceKlass org/jetbrains/kotlin/commonizer/RegexIdentityStringTokenizer
instanceKlass org/jetbrains/kotlin/commonizer/IdentityStringTokenizer
instanceKlass org/jetbrains/kotlin/commonizer/ParseCommonizerTargetKt
instanceKlass org/jetbrains/kotlin/commonizer/cli/Option
instanceKlass java/nio/file/attribute/PosixFileAttributes
instanceKlass java/nio/file/attribute/DosFileAttributeView
instanceKlass org/jetbrains/kotlin/commonizer/cli/CommonizerCLI$parseTask$option$1
instanceKlass kotlin/ranges/RangesKt__RangesKt
instanceKlass org/jetbrains/kotlin/commonizer/cli/TaskType$Companion
instanceKlass org/jetbrains/kotlin/commonizer/cli/Task
instanceKlass kotlin/jvm/internal/CallableReference$NoReceiver
instanceKlass kotlin/reflect/KDeclarationContainer
instanceKlass kotlin/jvm/internal/CallableReference
instanceKlass kotlin/jvm/internal/KotlinGenericDeclaration
instanceKlass kotlin/reflect/KFunction
instanceKlass kotlin/reflect/KCallable
instanceKlass kotlin/reflect/KAnnotatedElement
instanceKlass kotlin/jvm/internal/FunctionBase
instanceKlass org/jetbrains/kotlin/commonizer/CommonizerSettings$Key
instanceKlass org/jetbrains/kotlin/commonizer/cli/SettingOptionTypesKt
instanceKlass  @bci org/jetbrains/kotlin/commonizer/cli/StatsTypeOptionTypeKt <clinit> ()V 24 <appendix> argL0 ; # org/jetbrains/kotlin/commonizer/cli/StatsTypeOptionTypeKt$$Lambda+0x00000008000cd890
instanceKlass kotlin/collections/AbstractList$Companion
instanceKlass kotlin/collections/AbstractCollection
instanceKlass kotlin/enums/EnumEntries
instanceKlass kotlin/enums/EnumEntriesKt
instanceKlass org/jetbrains/kotlin/commonizer/cli/StatsTypeOptionTypeKt
instanceKlass kotlin/collections/MapsKt__MapWithDefaultKt
instanceKlass kotlin/collections/SetsKt__SetsJVMKt
instanceKlass org/jetbrains/kotlin/commonizer/cli/BooleanOptionType$Companion
instanceKlass org/jetbrains/kotlin/commonizer/cli/OptionType
instanceKlass kotlin/collections/CollectionsKt__CollectionsJVMKt
instanceKlass java/io/FileInputStream$1
instanceKlass kotlin/io/CloseableKt
instanceKlass kotlin/text/CharsKt__CharJVMKt
instanceKlass sun/nio/ch/IOStatus
instanceKlass sun/nio/ch/Util$BufferCache
instanceKlass sun/nio/ch/Util
instanceKlass sun/nio/ch/NativeThread
instanceKlass kotlin/sequences/GeneratorSequence$iterator$1
instanceKlass kotlin/jvm/internal/markers/KMappedMarker
instanceKlass java/lang/invoke/VarHandle$AccessDescriptor
instanceKlass java/lang/invoke/VarForm
instanceKlass java/lang/invoke/VarHandleGuards
instanceKlass java/lang/invoke/VarHandles
instanceKlass java/util/concurrent/atomic/AtomicReference
instanceKlass kotlin/sequences/ConstrainedOnceSequence
instanceKlass  @bci kotlin/sequences/SequencesKt__SequencesKt generateSequence (Lkotlin/jvm/functions/Function0;)Lkotlin/sequences/Sequence; 12 <appendix> member <vmtarget> ; # kotlin/sequences/SequencesKt__SequencesKt$$Lambda+0x00000008000c79d8
instanceKlass kotlin/jvm/functions/Function1
instanceKlass kotlin/sequences/GeneratorSequence
instanceKlass kotlin/sequences/Sequence
instanceKlass kotlin/sequences/SequencesKt__SequenceBuilderKt
instanceKlass  @bci org/jetbrains/kotlin/cli/common/arguments/PreprocessCommandLineArgumentsKt expand (Ljava/io/File;Lorg/jetbrains/kotlin/cli/common/arguments/ArgumentParseErrors;)Ljava/util/List; 85 <appendix> member <vmtarget> ; # org/jetbrains/kotlin/cli/common/arguments/PreprocessCommandLineArgumentsKt$$Lambda+0x00000008000c6378
instanceKlass java/io/ExternalChannelHolder
instanceKlass sun/nio/ch/NativeThreadSet
instanceKlass sun/nio/ch/IOUtil
instanceKlass sun/nio/ch/NativeDispatcher
instanceKlass java/nio/channels/spi/AbstractInterruptibleChannel
instanceKlass java/nio/channels/InterruptibleChannel
instanceKlass java/nio/channels/ScatteringByteChannel
instanceKlass java/nio/channels/GatheringByteChannel
instanceKlass java/nio/channels/SeekableByteChannel
instanceKlass java/nio/channels/ByteChannel
instanceKlass java/nio/channels/WritableByteChannel
instanceKlass java/nio/channels/ReadableByteChannel
instanceKlass java/nio/channels/Channel
instanceKlass sun/nio/fs/WindowsChannelFactory$2
instanceKlass sun/nio/fs/WindowsChannelFactory$Flags
instanceKlass sun/nio/fs/WindowsChannelFactory$1
instanceKlass sun/nio/fs/WindowsChannelFactory
instanceKlass sun/nio/fs/WindowsSecurityDescriptor
instanceKlass java/nio/file/attribute/FileAttribute
instanceKlass com/jetbrains/internal/IoOverNio$ParentForFileChannelImplHolder
instanceKlass java/net/URI$Parser
instanceKlass java/nio/file/FileSystems$DefaultFileSystemHolder$1
instanceKlass java/nio/file/FileSystems$DefaultFileSystemHolder
instanceKlass java/nio/file/FileSystems
instanceKlass java/io/Reader
instanceKlass kotlin/text/Charsets
instanceKlass kotlin/text/StringsKt__AppendableKt
instanceKlass java/util/Arrays$ArrayItr
instanceKlass org/jetbrains/kotlin/cli/common/arguments/PreprocessCommandLineArgumentsKt
instanceKlass kotlin/collections/ArraysUtilJVM
instanceKlass kotlin/collections/ArraysKt__ArraysJVMKt
instanceKlass kotlin/UNINITIALIZED_VALUE
instanceKlass kotlin/SynchronizedLazyImpl
instanceKlass kotlin/Lazy
instanceKlass kotlin/LazyKt__LazyJVMKt
instanceKlass  @bci org/jetbrains/kotlin/commonizer/tree/deserializer/ClassesToProcess <init> ()V 5 <appendix> form vmentry <vmtarget> ; # java/lang/invoke/LambdaForm$MH+0x00000008000c0000
instanceKlass jdk/internal/org/objectweb/asm/FieldVisitor
instanceKlass java/util/ArrayList$Itr
instanceKlass java/lang/invoke/InvokerBytecodeGenerator$ClassData
instanceKlass jdk/internal/org/objectweb/asm/Frame
instanceKlass java/lang/invoke/LambdaFormBuffer
instanceKlass java/lang/invoke/LambdaFormEditor$TransformKey
instanceKlass java/lang/invoke/LambdaFormEditor
instanceKlass java/lang/invoke/DelegatingMethodHandle$Holder
instanceKlass java/lang/invoke/DirectMethodHandle$2
instanceKlass java/lang/invoke/ClassSpecializer$Factory
instanceKlass java/lang/invoke/ClassSpecializer$SpeciesData
instanceKlass java/lang/invoke/ClassSpecializer$1
instanceKlass java/lang/invoke/ClassSpecializer
instanceKlass sun/invoke/empty/Empty
instanceKlass sun/invoke/util/VerifyType
instanceKlass  @bci org/jetbrains/kotlin/commonizer/cli/CommonizerCLI preprocessCommandLineArguments ([Ljava/lang/String;)Ljava/util/List; 0 <appendix> argL0 ; # org/jetbrains/kotlin/commonizer/cli/CommonizerCLI$$Lambda+0x0000000800001938
instanceKlass java/lang/invoke/MethodHandles$Lookup$ClassDefiner
instanceKlass java/lang/invoke/MethodHandles$Lookup$ClassFile
instanceKlass jdk/internal/org/objectweb/asm/AnnotationVisitor
instanceKlass jdk/internal/org/objectweb/asm/Attribute
instanceKlass jdk/internal/org/objectweb/asm/Handler
instanceKlass jdk/internal/org/objectweb/asm/Label
instanceKlass jdk/internal/org/objectweb/asm/MethodVisitor
instanceKlass java/lang/invoke/LambdaProxyClassArchive
instanceKlass jdk/internal/org/objectweb/asm/ByteVector
instanceKlass jdk/internal/org/objectweb/asm/Symbol
instanceKlass jdk/internal/org/objectweb/asm/SymbolTable
instanceKlass jdk/internal/org/objectweb/asm/ClassVisitor
instanceKlass java/lang/invoke/InfoFromMemberName
instanceKlass java/lang/invoke/MethodHandleInfo
instanceKlass jdk/internal/org/objectweb/asm/ConstantDynamic
instanceKlass sun/invoke/util/BytecodeDescriptor
instanceKlass jdk/internal/org/objectweb/asm/Handle
instanceKlass sun/security/action/GetBooleanAction
instanceKlass jdk/internal/org/objectweb/asm/Type
instanceKlass java/lang/invoke/AbstractValidatingLambdaMetafactory
instanceKlass java/lang/invoke/MethodHandleImpl$1
instanceKlass jdk/internal/access/JavaLangInvokeAccess
instanceKlass java/lang/invoke/Invokers$Holder
instanceKlass java/lang/invoke/BootstrapMethodInvoker
instanceKlass org/jetbrains/kotlin/cli/common/arguments/ArgumentParseErrors
instanceKlass kotlin/jvm/functions/Function0
instanceKlass kotlin/Function
instanceKlass java/lang/invoke/InvokerBytecodeGenerator$1
instanceKlass java/lang/invoke/InvokerBytecodeGenerator
instanceKlass java/lang/invoke/LambdaForm$Holder
instanceKlass java/lang/invoke/LambdaForm$Name
instanceKlass java/lang/invoke/Invokers
instanceKlass java/lang/invoke/MethodHandleImpl
instanceKlass sun/invoke/util/ValueConversions
instanceKlass java/lang/invoke/DirectMethodHandle$Holder
instanceKlass java/lang/invoke/LambdaForm$NamedFunction
instanceKlass sun/invoke/util/Wrapper$Format
instanceKlass java/lang/invoke/MethodTypeForm
instanceKlass jdk/internal/util/StrongReferenceKey
instanceKlass jdk/internal/util/ReferenceKey
instanceKlass jdk/internal/util/ReferencedKeyMap
instanceKlass java/lang/invoke/MethodType$1
instanceKlass java/lang/invoke/LambdaMetafactory
instanceKlass kotlin/jvm/internal/Intrinsics
instanceKlass java/lang/PublicMethods$Key
instanceKlass java/lang/PublicMethods$MethodList
instanceKlass java/lang/Void
instanceKlass java/util/TreeMap$PrivateEntryIterator
instanceKlass java/util/TreeMap$Entry
instanceKlass java/util/NavigableMap
instanceKlass java/util/SortedMap
instanceKlass java/util/NavigableSet
instanceKlass java/util/SortedSet
instanceKlass java/util/SequencedSet
instanceKlass jdk/internal/misc/PreviewFeatures
instanceKlass jdk/internal/misc/MainMethodFinder
instanceKlass org/jetbrains/kotlin/commonizer/cli/CommonizerCLI
instanceKlass java/security/SecureClassLoader$DebugHolder
instanceKlass java/security/Permission
instanceKlass java/security/Guard
instanceKlass java/security/PermissionCollection
instanceKlass java/security/SecureClassLoader$1
instanceKlass java/util/zip/Checksum$1
instanceKlass java/util/zip/CRC32
instanceKlass java/util/zip/Checksum
instanceKlass sun/nio/ByteBuffered
instanceKlass java/lang/Package$VersionInfo
instanceKlass java/lang/NamedPackage
instanceKlass java/lang/reflect/Array
instanceKlass java/util/jar/Attributes$Name
instanceKlass java/util/SequencedMap
instanceKlass java/util/jar/Attributes
instanceKlass jdk/internal/loader/Resource
instanceKlass sun/security/action/GetIntegerAction
instanceKlass sun/security/util/Debug
instanceKlass sun/security/util/SignatureFileVerifier
instanceKlass java/util/zip/ZipFile$InflaterCleanupAction
instanceKlass java/util/zip/Inflater$InflaterZStreamRef
instanceKlass java/util/zip/Inflater
instanceKlass java/util/zip/ZipEntry
instanceKlass java/util/zip/ZipFile$2
instanceKlass java/nio/Bits$1
instanceKlass jdk/internal/misc/VM$BufferPool
instanceKlass java/nio/Bits
instanceKlass sun/nio/ch/DirectBuffer
instanceKlass jdk/internal/perf/PerfCounter$CoreCounters
instanceKlass jdk/internal/perf/Perf
instanceKlass jdk/internal/perf/Perf$GetPerfAction
instanceKlass jdk/internal/perf/PerfCounter
instanceKlass sun/util/locale/LocaleUtils
instanceKlass sun/util/locale/BaseLocale
instanceKlass java/util/Locale
instanceKlass java/nio/file/attribute/FileTime
instanceKlass java/util/zip/ZipUtils
instanceKlass java/util/zip/ZipFile$Source$End
instanceKlass java/util/zip/ZipFile$Source$RandomAccessFileAccessor
instanceKlass java/util/zip/ZipFile$Source$FileAccessor
instanceKlass com/jetbrains/internal/IoOverNio$RecursionGuard
instanceKlass java/io/RandomAccessFile$2
instanceKlass jdk/internal/access/JavaIORandomAccessFileAccess
instanceKlass java/io/RandomAccessFile
instanceKlass java/io/DataInput
instanceKlass java/io/DataOutput
instanceKlass sun/nio/fs/WindowsNativeDispatcher$CompletionStatus
instanceKlass sun/nio/fs/WindowsNativeDispatcher$AclInformation
instanceKlass sun/nio/fs/WindowsNativeDispatcher$Account
instanceKlass sun/nio/fs/WindowsNativeDispatcher$DiskFreeSpace
instanceKlass sun/nio/fs/WindowsNativeDispatcher$VolumeInformation
instanceKlass sun/nio/fs/WindowsNativeDispatcher$FirstStream
instanceKlass sun/nio/fs/WindowsNativeDispatcher$FirstFile
instanceKlass java/util/concurrent/ConcurrentHashMap$Traverser
instanceKlass java/util/Enumeration
instanceKlass jdk/internal/loader/NativeLibraries$3
instanceKlass jdk/internal/loader/NativeLibrary
instanceKlass java/util/ArrayDeque$DeqIterator
instanceKlass jdk/internal/loader/NativeLibraries$NativeLibraryContext$1
instanceKlass jdk/internal/loader/NativeLibraries$NativeLibraryContext
instanceKlass jdk/internal/loader/NativeLibraries$2
instanceKlass jdk/internal/loader/NativeLibraries$1
instanceKlass jdk/internal/loader/NativeLibraries$LibraryPaths
instanceKlass sun/nio/fs/WindowsNativeDispatcher
instanceKlass sun/nio/fs/NativeBuffer$Deallocator
instanceKlass sun/nio/fs/NativeBuffer
instanceKlass sun/nio/fs/NativeBuffers
instanceKlass sun/nio/fs/WindowsFileAttributes
instanceKlass java/nio/file/attribute/DosFileAttributes
instanceKlass sun/nio/fs/AbstractBasicFileAttributeView
instanceKlass sun/nio/fs/DynamicFileAttributeView
instanceKlass sun/nio/fs/WindowsFileAttributeViews
instanceKlass sun/nio/fs/Util
instanceKlass java/nio/file/attribute/BasicFileAttributeView
instanceKlass java/nio/file/attribute/FileAttributeView
instanceKlass java/nio/file/attribute/AttributeView
instanceKlass java/nio/file/Files
instanceKlass java/nio/file/CopyOption
instanceKlass java/nio/file/attribute/BasicFileAttributes
instanceKlass sun/nio/fs/WindowsPath
instanceKlass java/nio/file/Path
instanceKlass java/nio/file/Watchable
instanceKlass java/util/zip/ZipFile$Source$Key
instanceKlass sun/nio/fs/WindowsPathParser$Result
instanceKlass sun/nio/fs/WindowsPathParser
instanceKlass java/nio/file/FileSystem
instanceKlass java/nio/file/OpenOption
instanceKlass java/nio/file/spi/FileSystemProvider
instanceKlass sun/nio/fs/DefaultFileSystemProvider
instanceKlass java/util/zip/ZipFile$Source
instanceKlass java/util/zip/ZipCoder
instanceKlass java/util/zip/ZipFile$CleanableResource
instanceKlass java/lang/Runtime$Version
instanceKlass java/util/jar/JavaUtilJarAccessImpl
instanceKlass jdk/internal/access/JavaUtilJarAccess
instanceKlass jdk/internal/loader/FileURLMapper
instanceKlass jdk/internal/loader/URLClassPath$JarLoader$1
instanceKlass java/util/zip/ZipFile$1
instanceKlass jdk/internal/access/JavaUtilZipFileAccess
instanceKlass java/util/zip/ZipFile
instanceKlass java/util/zip/ZipConstants
instanceKlass jdk/internal/loader/URLClassPath$Loader
instanceKlass jdk/internal/loader/URLClassPath$3
instanceKlass java/security/PrivilegedExceptionAction
instanceKlass sun/net/util/URLUtil
instanceKlass com/jetbrains/internal/IoOverNio$ThreadLocalCloseable
instanceKlass java/lang/ThreadLocal$ThreadLocalMap
instanceKlass sun/launcher/LauncherHelper
instanceKlass java/lang/invoke/StringConcatFactory
instanceKlass java/lang/ModuleLayer$Controller
instanceKlass java/util/concurrent/CopyOnWriteArrayList
instanceKlass jdk/internal/module/ServicesCatalog$ServiceProvider
instanceKlass jdk/internal/loader/AbstractClassLoaderValue$Memoizer
instanceKlass java/util/ImmutableCollections$ListItr
instanceKlass java/util/ListIterator
instanceKlass java/lang/ModuleLayer
instanceKlass jdk/internal/module/ModuleLoaderMap$Modules
instanceKlass jdk/internal/module/ModuleLoaderMap$Mapper
instanceKlass jdk/internal/module/ModuleLoaderMap
instanceKlass java/util/AbstractMap$1$1
instanceKlass java/lang/module/ResolvedModule
instanceKlass java/lang/module/Configuration
instanceKlass jdk/internal/loader/BuiltinClassLoader$LoadedModule
instanceKlass jdk/internal/loader/AbstractClassLoaderValue
instanceKlass jdk/internal/module/ServicesCatalog
instanceKlass java/util/Deque
instanceKlass java/util/Queue
instanceKlass sun/net/util/IPAddressUtil$MASKS
instanceKlass sun/net/util/IPAddressUtil
instanceKlass java/net/URLStreamHandler
instanceKlass sun/net/www/ParseUtil
instanceKlass java/net/URL$3
instanceKlass jdk/internal/access/JavaNetURLAccess
instanceKlass java/net/URL$DefaultFactory
instanceKlass java/net/URLStreamHandlerFactory
instanceKlass jdk/internal/loader/URLClassPath
instanceKlass java/lang/ClassLoader$ParallelLoaders
instanceKlass java/security/cert/Certificate
instanceKlass jdk/internal/loader/ArchivedClassLoaders
instanceKlass java/util/concurrent/ConcurrentHashMap$CollectionView
instanceKlass jdk/internal/loader/ClassLoaderHelper
instanceKlass jdk/internal/loader/NativeLibraries
instanceKlass java/lang/Module$EnableNativeAccess
instanceKlass jdk/internal/loader/BootLoader
instanceKlass java/util/Optional
instanceKlass jdk/internal/module/SystemModuleFinders$SystemModuleFinder
instanceKlass java/lang/module/ModuleFinder
instanceKlass jdk/internal/module/SystemModuleFinders$3
instanceKlass jdk/internal/module/ModuleHashes$HashSupplier
instanceKlass jdk/internal/module/SystemModuleFinders$2
instanceKlass java/util/function/Supplier
instanceKlass java/lang/StringConcatHelper
instanceKlass java/lang/module/ModuleReference
instanceKlass jdk/internal/module/ModuleResolution
instanceKlass java/util/Collections$UnmodifiableMap
instanceKlass jdk/internal/module/ModuleHashes$Builder
instanceKlass jdk/internal/module/ModuleHashes
instanceKlass jdk/internal/module/ModuleTarget
instanceKlass java/util/ImmutableCollections$Set12$1
instanceKlass java/lang/reflect/AccessFlag$18
instanceKlass java/lang/reflect/AccessFlag$17
instanceKlass java/lang/reflect/AccessFlag$16
instanceKlass java/lang/reflect/AccessFlag$15
instanceKlass java/lang/reflect/AccessFlag$14
instanceKlass java/lang/reflect/AccessFlag$13
instanceKlass java/lang/reflect/AccessFlag$12
instanceKlass java/lang/reflect/AccessFlag$11
instanceKlass java/lang/reflect/AccessFlag$10
instanceKlass java/lang/reflect/AccessFlag$9
instanceKlass java/lang/reflect/AccessFlag$8
instanceKlass java/lang/reflect/AccessFlag$7
instanceKlass java/lang/reflect/AccessFlag$6
instanceKlass java/lang/reflect/AccessFlag$5
instanceKlass java/lang/reflect/AccessFlag$4
instanceKlass java/lang/reflect/AccessFlag$3
instanceKlass java/lang/reflect/AccessFlag$2
instanceKlass java/lang/reflect/AccessFlag$1
instanceKlass java/lang/module/ModuleDescriptor$Version
instanceKlass java/lang/module/ModuleDescriptor$Provides
instanceKlass java/lang/module/ModuleDescriptor$Opens
instanceKlass java/util/ImmutableCollections$SetN$SetNIterator
instanceKlass java/lang/module/ModuleDescriptor$Exports
instanceKlass java/lang/module/ModuleDescriptor$Requires
instanceKlass jdk/internal/module/Builder
instanceKlass jdk/internal/module/SystemModules$default
instanceKlass jdk/internal/module/SystemModules
instanceKlass jdk/internal/module/SystemModulesMap
instanceKlass java/net/URI$1
instanceKlass jdk/internal/access/JavaNetUriAccess
instanceKlass java/net/URI
instanceKlass jdk/internal/module/SystemModuleFinders
instanceKlass jdk/internal/module/ArchivedModuleGraph
instanceKlass jdk/internal/module/ArchivedBootLayer
instanceKlass jdk/internal/module/ModuleBootstrap$Counters
instanceKlass jdk/internal/module/ModulePatcher
instanceKlass java/io/DefaultFileSystem
instanceKlass java/io/FileSystem
instanceKlass java/lang/ThreadLocal
instanceKlass com/jetbrains/internal/IoOverNio
instanceKlass java/io/File
instanceKlass java/lang/module/ModuleDescriptor$1
instanceKlass jdk/internal/access/JavaLangModuleAccess
instanceKlass sun/invoke/util/VerifyAccess
instanceKlass java/util/KeyValueHolder
instanceKlass java/util/ImmutableCollections$MapN$MapNIterator
instanceKlass java/lang/StrictMath
instanceKlass java/lang/invoke/MethodHandles$Lookup
instanceKlass java/lang/invoke/MemberName$Factory
instanceKlass java/lang/invoke/MethodHandles
instanceKlass java/lang/module/ModuleDescriptor
instanceKlass jdk/internal/module/ModuleBootstrap
instanceKlass java/lang/Character$CharacterCache
instanceKlass java/util/HexFormat
instanceKlass jdk/internal/util/ClassFileDumper
instanceKlass java/lang/invoke/MethodHandleStatics
instanceKlass java/util/Collections
instanceKlass jdk/internal/misc/Blocker
instanceKlass sun/io/Win32ErrorMode
instanceKlass jdk/internal/misc/OSEnvironment
instanceKlass java/lang/Integer$IntegerCache
instanceKlass jdk/internal/misc/Signal$NativeHandler
instanceKlass java/util/Hashtable$Entry
instanceKlass jdk/internal/misc/Signal
instanceKlass java/lang/Terminator$1
instanceKlass jdk/internal/misc/Signal$Handler
instanceKlass java/lang/Terminator
instanceKlass java/nio/charset/CoderResult
instanceKlass java/lang/Readable
instanceKlass java/nio/ByteOrder
instanceKlass java/nio/Buffer$2
instanceKlass jdk/internal/access/JavaNioAccess
instanceKlass java/nio/Buffer$1
instanceKlass jdk/internal/misc/ScopedMemoryAccess
instanceKlass sun/nio/cs/GBK$EncodeHolder
instanceKlass java/nio/charset/CharsetEncoder
instanceKlass sun/nio/cs/ArrayEncoder
instanceKlass java/io/Writer
instanceKlass java/io/PrintStream$1
instanceKlass jdk/internal/access/JavaIOPrintStreamAccess
instanceKlass java/util/concurrent/ForkJoinPool$ManagedBlocker
instanceKlass java/util/concurrent/locks/AbstractQueuedSynchronizer$Node
instanceKlass jdk/internal/misc/InternalLock
instanceKlass java/io/OutputStream
instanceKlass java/io/Flushable
instanceKlass java/lang/Thread$ThreadIdentifiers
instanceKlass java/security/Principal
instanceKlass java/security/ProtectionDomain$Key
instanceKlass java/security/ProtectionDomain$JavaSecurityAccessImpl
instanceKlass jdk/internal/access/JavaSecurityAccess
instanceKlass sun/security/action/GetPropertyAction
instanceKlass java/util/concurrent/locks/AbstractQueuedSynchronizer$ConditionObject
instanceKlass java/util/concurrent/locks/Condition
instanceKlass jdk/internal/ref/CleanerImpl
instanceKlass java/lang/ref/Cleaner$1
instanceKlass java/lang/ref/Cleaner
instanceKlass jdk/internal/ref/CleanerFactory$1
instanceKlass java/util/concurrent/ThreadFactory
instanceKlass jdk/internal/ref/CleanerFactory
instanceKlass java/lang/ref/Cleaner$Cleanable
instanceKlass java/io/FileDescriptor$1
instanceKlass jdk/internal/access/JavaIOFileDescriptorAccess
instanceKlass java/io/FileDescriptor
instanceKlass jdk/internal/util/StaticProperty
instanceKlass java/util/HashMap$HashIterator
instanceKlass java/util/concurrent/locks/LockSupport
instanceKlass java/util/concurrent/ConcurrentHashMap$Node
instanceKlass java/util/concurrent/ConcurrentHashMap$CounterCell
instanceKlass java/util/concurrent/locks/ReentrantLock
instanceKlass java/util/concurrent/locks/Lock
instanceKlass java/lang/CharacterData
instanceKlass java/lang/Runtime
instanceKlass java/lang/VersionProps
instanceKlass java/util/HashMap$Node
instanceKlass java/util/Map$Entry
instanceKlass java/lang/StringCoding
instanceKlass java/nio/charset/CodingErrorAction
instanceKlass java/lang/StringUTF16
instanceKlass sun/nio/cs/DoubleByte
instanceKlass sun/nio/cs/GBK$DecodeHolder
instanceKlass java/nio/charset/CharsetDecoder
instanceKlass sun/nio/cs/ArrayDecoder
instanceKlass sun/nio/cs/DelegatableDecoder
instanceKlass jdk/internal/reflect/MethodHandleAccessorFactory
instanceKlass java/lang/reflect/Modifier
instanceKlass java/lang/Class$1
instanceKlass java/lang/Class$Atomic
instanceKlass java/lang/Class$ReflectionData
instanceKlass java/nio/charset/StandardCharsets
instanceKlass sun/nio/cs/HistoricallyNamedCharset
instanceKlass jdk/internal/util/ArraysSupport
instanceKlass java/util/Arrays
instanceKlass jdk/internal/util/Preconditions$3
instanceKlass jdk/internal/util/Preconditions$2
instanceKlass jdk/internal/util/Preconditions$4
instanceKlass java/util/function/BiFunction
instanceKlass jdk/internal/util/Preconditions$1
instanceKlass java/util/function/Function
instanceKlass jdk/internal/util/Preconditions
instanceKlass java/nio/charset/spi/CharsetProvider
instanceKlass java/nio/charset/Charset
instanceKlass jdk/internal/util/SystemProps$Raw
instanceKlass jdk/internal/util/SystemProps
instanceKlass java/lang/System$2
instanceKlass jdk/internal/access/JavaLangAccess
instanceKlass java/lang/ref/NativeReferenceQueue$Lock
instanceKlass java/lang/ref/ReferenceQueue
instanceKlass java/lang/ref/Reference$1
instanceKlass jdk/internal/access/JavaLangRefAccess
instanceKlass jdk/internal/reflect/ReflectionFactory
instanceKlass java/lang/Math
instanceKlass java/lang/StringLatin1
instanceKlass jdk/internal/reflect/Reflection
instanceKlass jdk/internal/reflect/ReflectionFactory$GetReflectionFactoryAction
instanceKlass java/security/PrivilegedAction
instanceKlass jdk/internal/access/SharedSecrets
instanceKlass java/lang/reflect/ReflectAccess
instanceKlass jdk/internal/access/JavaLangReflectAccess
instanceKlass java/util/ImmutableCollections
instanceKlass java/util/Objects
instanceKlass java/util/Set
instanceKlass jdk/internal/misc/CDS
instanceKlass java/lang/Module$ArchivedData
instanceKlass jdk/internal/misc/VM
instanceKlass java/lang/String$CaseInsensitiveComparator
instanceKlass java/util/Comparator
instanceKlass java/io/ObjectStreamField
instanceKlass jdk/internal/vm/FillerObject
instanceKlass jdk/internal/vm/vector/VectorSupport$VectorPayload
instanceKlass jdk/internal/vm/vector/VectorSupport
instanceKlass java/lang/reflect/RecordComponent
instanceKlass java/util/Iterator
instanceKlass java/lang/Number
instanceKlass java/lang/Character
instanceKlass java/lang/Boolean
instanceKlass java/util/concurrent/locks/AbstractOwnableSynchronizer
instanceKlass java/lang/LiveStackFrame
instanceKlass java/lang/StackFrameInfo
instanceKlass java/lang/StackWalker$StackFrame
instanceKlass java/lang/StackStreamFactory$AbstractStackWalker
instanceKlass java/lang/StackWalker
instanceKlass java/nio/Buffer
instanceKlass java/lang/StackTraceElement
instanceKlass java/util/AbstractCollection
instanceKlass java/util/RandomAccess
instanceKlass java/util/List
instanceKlass java/util/SequencedCollection
instanceKlass java/util/Collection
instanceKlass java/lang/Iterable
instanceKlass java/util/AbstractMap
instanceKlass java/util/concurrent/ConcurrentMap
instanceKlass java/security/CodeSource
instanceKlass jdk/internal/loader/ClassLoaders
instanceKlass java/util/jar/Manifest
instanceKlass java/lang/Enum
instanceKlass java/net/URL
instanceKlass java/io/InputStream
instanceKlass java/io/Closeable
instanceKlass java/lang/AutoCloseable
instanceKlass jdk/internal/module/Modules
instanceKlass jdk/internal/misc/Unsafe
instanceKlass jdk/internal/misc/UnsafeConstants
instanceKlass java/lang/AbstractStringBuilder
instanceKlass java/lang/Appendable
instanceKlass java/lang/AssertionStatusDirectives
instanceKlass jdk/internal/foreign/abi/ABIDescriptor
instanceKlass jdk/internal/foreign/abi/NativeEntryPoint
instanceKlass java/lang/invoke/CallSite
instanceKlass java/lang/invoke/MethodType
instanceKlass java/lang/invoke/TypeDescriptor$OfMethod
instanceKlass java/lang/invoke/LambdaForm
instanceKlass java/lang/invoke/MethodHandleNatives
instanceKlass java/lang/invoke/ResolvedMethodName
instanceKlass java/lang/invoke/MemberName
instanceKlass java/lang/invoke/VarHandle
instanceKlass java/lang/invoke/MethodHandle
instanceKlass jdk/internal/reflect/CallerSensitive
instanceKlass java/lang/annotation/Annotation
instanceKlass jdk/internal/reflect/FieldAccessor
instanceKlass jdk/internal/reflect/ConstantPool
instanceKlass jdk/internal/reflect/ConstructorAccessor
instanceKlass jdk/internal/reflect/MethodAccessor
instanceKlass jdk/internal/reflect/MagicAccessorImpl
instanceKlass jdk/internal/vm/StackChunk
instanceKlass jdk/internal/vm/Continuation
instanceKlass jdk/internal/vm/ContinuationScope
instanceKlass java/lang/reflect/Parameter
instanceKlass java/lang/reflect/Member
instanceKlass java/lang/reflect/AccessibleObject
instanceKlass java/lang/Module
instanceKlass java/util/Dictionary
instanceKlass java/util/Map
instanceKlass java/lang/ThreadGroup
instanceKlass java/lang/Thread$UncaughtExceptionHandler
instanceKlass java/lang/Thread$Constants
instanceKlass java/lang/Thread$FieldHolder
instanceKlass java/lang/Thread
instanceKlass java/lang/Runnable
instanceKlass java/lang/ref/Reference
instanceKlass java/lang/Record
instanceKlass java/security/AccessController
instanceKlass java/security/AccessControlContext
instanceKlass java/security/ProtectionDomain
instanceKlass java/lang/SecurityManager
instanceKlass java/lang/Throwable
instanceKlass java/lang/System
instanceKlass java/lang/ClassLoader
instanceKlass java/lang/Cloneable
instanceKlass java/lang/Class
instanceKlass java/lang/invoke/TypeDescriptor$OfField
instanceKlass java/lang/invoke/TypeDescriptor
instanceKlass java/lang/reflect/Type
instanceKlass java/lang/reflect/GenericDeclaration
instanceKlass java/lang/reflect/AnnotatedElement
instanceKlass java/lang/String
instanceKlass java/lang/constant/ConstantDesc
instanceKlass java/lang/constant/Constable
instanceKlass java/lang/CharSequence
instanceKlass java/lang/Comparable
instanceKlass java/io/Serializable
ciInstanceKlass java/lang/Object 1 1 124 100 1 10 12 1 1 10 7 12 1 1 1 10 100 12 1 1 1 10 12 1 1 8 1 10 12 1 1 10 100 12 1 1 1 10 12 1 10 12 1 1 10 7 12 1 1 1 10 12 1 10 12 1 100 1 10 100 12 1 1 1 10 12 1 1 10 12 1 100 1 8 1 10 12 1 3 8 1 100 1 5 0 1 1 1 1 1 1 1 1 1 1 1 1 1 1 1 1 100 1 1 1 1 1 1 1 1 1 1 100 1 1 1 1 1 1 1 1 1 1 3 1 1
ciInstanceKlass java/io/Serializable 1 0 7 100 1 100 1 1 1
ciInstanceKlass java/lang/Comparable 1 0 12 100 1 100 1 1 1 1 1 1 1 1
ciInstanceKlass java/lang/CharSequence 1 1 131 11 100 12 1 1 1 18 12 1 1 100 1 10 100 12 1 1 1 18 10 100 12 1 1 1 11 12 1 1 11 100 1 11 12 1 1 10 100 12 1 1 1 11 12 1 1 100 1 10 12 1 1 10 100 12 1 1 1 100 1 10 10 12 1 1 100 1 1 1 1 1 1 1 1 1 1 1 1 1 1 1 1 1 1 1 1 1 1 1 1 1 1 1 1 1 1 1 1 1 16 1 15 11 12 16 15 11 12 15 10 100 12 1 1 1 1 1 100 1 100 1 1 100 1 1 100 1 100 1 1
ciInstanceKlass java/lang/constant/Constable 1 0 11 100 1 100 1 1 1 1 1 1 1
ciInstanceKlass java/lang/constant/ConstantDesc 1 0 37 100 1 100 1 1 1 1 100 1 1 1 1 100 1 100 1 100 1 100 1 100 1 100 1 100 1 100 1 100 1 1 100 1 100 1 1
ciInstanceKlass java/lang/String 1 1 1451 10 7 12 1 1 1 8 1 9 7 12 1 1 1 9 12 1 1 9 12 1 1 9 12 1 1 10 12 1 10 12 1 1 10 12 1 1 9 12 1 10 7 12 1 1 1 10 12 1 1 10 12 1 10 7 12 1 1 1 10 12 1 1 10 12 1 1 10 12 1 10 12 1 1 10 12 1 10 7 12 1 1 1 7 1 9 7 12 1 1 1 10 7 12 1 1 1 10 12 1 1 10 12 1 1 10 7 12 1 1 1 10 12 1 1 9 7 12 1 1 10 12 9 7 12 1 1 10 12 1 1 3 10 12 1 1 7 1 11 12 1 1 11 12 1 11 12 1 1 10 100 12 1 1 1 10 12 1 1 9 100 12 1 1 1 10 12 1 1 10 12 1 11 12 1 1 10 12 1 10 12 10 12 1 1 10 100 12 1 1 1 10 7 12 1 1 1 10 12 1 1 100 1 100 1 10 12 1 10 12 1 10 12 1 1 10 12 1 1 100 1 10 12 1 1 100 1 10 12 1 1 10 12 1 1 10 12 1 10 10 12 1 100 1 100 1 100 1 10 12 1 10 12 1 1 10 12 1 1 10 12 1 10 12 1 1 10 12 1 1 10 7 12 1 1 7 1 11 10 7 12 1 1 11 12 1 11 12 1 10 12 1 1 10 12 1 10 12 10 12 1 1 10 10 100 12 1 1 1 10 100 12 1 1 10 12 1 1 10 100 12 1 1 10 12 1 10 12 1 1 10 12 1 1 10 12 1 10 12 1 10 12 1 1 100 1 10 12 1 1 10 12 10 12 1 10 12 1 1 10 12 1 1 10 100 12 1 1 1 10 12 1 10 12 1 1 10 12 1 10 12 1 3 3 10 12 1 1 10 12 1 10 12 1 1 10 12 1 1 10 12 1 1 10 12 1 10 12 1 1 10 12 1 1 10 12 1 10 12 1 10 12 1 10 12 1 1 10 12 1 10 12 1 10 12 1 10 12 1 10 12 1 10 12 1 10 100 1 10 8 1 10 12 1 1 10 12 1 8 1 10 12 1 1 10 12 10 12 1 8 1 10 10 12 1 1 10 12 1 1 10 12 1 1 10 100 1 10 10 12 1 10 12 1 10 12 1 10 10 12 1 10 12 1 10 12 1 10 12 1 10 12 1 10 12 1 10 12 1 1 10 12 1 1 10 12 1 1 10 10 12 1 1 10 10 12 1 100 1 10 10 12 1 1 10 12 1 1 10 7 1 10 12 1 10 12 1 10 7 12 1 1 1 10 12 1 10 12 1 1 10 12 1 11 100 1 11 12 10 12 1 10 12 1 1 10 12 1 1 10 10 12 1 10 12 1 9 12 1 1 11 100 12 1 1 1 10 12 10 10 12 1 10 12 1 1 10 10 12 1 10 12 1 10 12 1 1 10 12 1 1 10 10 12 1 1 10 12 1 10 10 12 1 10 12 10 10 12 10 10 12 1 10 12 1 10 10 12 10 7 12 1 1 1 10 12 10 10 12 10 12 1 10 12 10 12 10 10 12 1 10 12 1 1 10 12 1 1 10 10 12 1 10 7 12 1 1 1 10 12 1 1 10 10 100 12 1 1 1 11 10 12 1 10 12 1 1 10 12 1 1 10 100 12 1 1 1 10 12 1 10 12 1 10 12 1 10 12 1 10 12 1 10 12 1 100 1 100 1 8 1 10 10 10 12 1 10 12 1 1 8 1 10 12 1 3 3 10 12 1 10 12 1 1 10 12 100 1 10 10 12 1 1 10 12 1 10 12 1 10 12 1 1 10 12 1 1 11 100 12 1 1 1 100 1 10 12 1 10 12 1 1 8 1 10 12 1 1 10 12 1 11 100 12 1 1 1 11 100 12 1 1 11 12 1 10 12 1 10 12 1 1 10 10 7 12 1 1 1 10 12 1 10 12 1 10 10 12 10 12 1 1 10 10 12 1 10 10 12 1 10 10 12 1 10 10 12 1 10 12 1 1 10 10 12 1 8 1 10 12 1 1 18 12 1 1 11 100 12 1 1 1 7 1 3 18 12 1 18 12 1 8 1 10 100 12 1 1 1 11 12 1 1 10 12 10 10 12 1 10 11 12 1 1 10 12 1 1 11 12 1 18 3 11 10 12 1 11 11 10 12 1 10 12 1 1 8 1 10 12 1 10 12 1 10 12 1 1 10 10 12 1 11 100 12 1 100 1 100 1 10 12 100 1 10 10 100 12 1 1 1 100 1 10 100 1 10 10 12 1 10 10 12 1 8 1 10 10 12 1 8 1 8 1 10 12 1 10 12 1 10 10 12 10 100 12 1 1 10 100 12 1 1 10 100 12 1 1 8 1 10 12 1 10 12 1 10 9 12 1 10 12 9 7 12 1 1 1 10 12 1 10 12 1 10 12 1 10 12 10 12 1 10 12 1 8 1 10 100 12 1 1 1 10 12 10 12 1 1 10 12 10 10 12 10 12 7 1 9 12 1 1 7 1 10 100 1 100 1 100 1 100 1 1 1 1 1 1 5 0 1 1 1 1 1 3 1 3 1 1 1 1 1 1 1 1 1 1 1 1 1 1 1 100 1 1 1 1 1 1 1 1 1 1 1 1 1 1 1 1 1 1 1 1 1 1 1 1 1 1 1 1 1 1 1 100 1 1 1 1 1 1 1 1 1 1 1 1 100 1 1 1 1 1 1 1 1 1 1 1 1 1 1 1 1 1 1 1 1 1 1 1 1 1 1 1 1 1 1 1 1 1 1 1 1 1 1 1 1 1 1 1 1 1 1 1 1 1 1 1 1 1 1 1 1 1 1 1 1 1 1 1 1 1 1 1 1 1 1 1 1 1 1 1 1 1 1 1 1 1 1 1 1 1 1 1 1 1 1 1 1 1 1 1 1 1 1 1 1 1 1 1 1 1 1 1 1 1 1 1 1 1 1 1 1 1 1 1 1 1 1 1 1 1 1 1 1 1 1 1 1 1 1 1 1 1 1 1 1 1 1 1 1 1 1 1 1 1 1 1 1 1 1 1 1 1 1 1 1 1 1 1 1 1 1 1 1 1 1 1 1 1 1 100 1 1 1 1 1 1 1 1 1 1 1 1 1 1 1 1 1 1 1 1 1 1 1 100 1 1 1 1 1 1 1 1 1 1 1 1 1 1 1 100 1 1 1 1 1 1 1 1 1 1 1 1 1 1 1 16 15 10 12 16 15 10 12 15 10 12 15 10 12 15 10 100 12 1 1 1 1 1 1 1 100 1 100 1 1 1
staticfield java/lang/String COMPACT_STRINGS Z 1
staticfield java/lang/String serialPersistentFields [Ljava/io/ObjectStreamField; 0 [Ljava/io/ObjectStreamField;
staticfield java/lang/String CASE_INSENSITIVE_ORDER Ljava/util/Comparator; java/lang/String$CaseInsensitiveComparator
ciInstanceKlass java/lang/reflect/AnnotatedElement 1 1 164 11 7 12 1 1 1 11 12 1 1 100 1 10 100 12 1 1 1 10 12 1 1 10 12 1 1 10 12 1 10 100 12 1 1 1 11 12 1 1 11 100 12 1 1 10 100 12 1 1 1 10 12 1 10 100 12 1 1 1 18 12 1 1 11 100 12 1 1 18 12 1 18 12 1 1 10 100 12 1 1 1 11 100 12 1 1 1 100 1 10 100 12 1 1 1 1 1 1 1 1 1 1 1 1 1 1 1 1 1 1 1 1 1 1 1 1 1 100 1 1 1 1 1 1 1 1 1 1 1 16 15 16 1 16 1 15 11 12 16 16 1 15 10 100 12 1 1 1 16 1 15 10 100 12 1 1 1 1 100 1 100 1 1
ciInstanceKlass java/lang/reflect/GenericDeclaration 1 0 30 100 1 100 1 100 1 1 1 1 1 1 1 1 100 1 8 1 1 12 10 1 1 1 8 1 1 1 8 1
ciInstanceKlass java/lang/reflect/Type 1 1 17 11 100 12 1 1 1 100 1 1 1 1 1 1 1 1 1
ciInstanceKlass java/lang/invoke/TypeDescriptor 1 0 17 100 1 100 1 1 1 1 1 1 100 1 100 1 1 1 1
ciInstanceKlass java/lang/invoke/TypeDescriptor$OfField 1 0 21 100 1 100 1 100 1 1 1 1 1 1 1 1 1 1 1 1 1 1 1
ciInstanceKlass java/lang/Class 1 1 1687 10 7 12 1 1 1 9 7 12 1 1 1 9 12 1 1 10 12 1 1 8 1 10 12 1 8 1 8 1 10 12 1 1 10 7 12 1 1 1 10 12 1 7 1 10 10 12 1 10 12 1 1 10 12 1 1 10 12 1 1 10 100 12 1 1 10 12 1 10 12 1 10 12 1 8 1 10 12 1 8 1 10 12 1 8 1 8 1 10 12 1 1 10 100 12 1 1 1 18 12 1 1 11 100 12 1 1 1 8 1 8 1 8 1 10 100 12 1 1 1 11 12 1 1 8 1 10 12 1 10 11 100 12 1 1 1 11 100 12 1 1 1 11 8 1 18 8 1 10 12 1 10 7 12 1 1 10 12 1 1 10 7 12 1 1 1 10 12 1 1 10 12 1 1 10 7 12 1 1 1 10 12 9 100 12 1 1 1 10 100 12 1 1 1 10 12 1 10 7 12 1 1 1 10 12 1 1 18 12 1 1 10 7 12 1 1 1 10 100 12 1 10 12 1 1 10 100 1 100 1 10 12 1 1 9 12 1 1 100 1 8 1 10 12 1 10 12 1 1 10 12 1 1 10 7 12 1 1 1 7 1 10 12 1 100 1 100 1 10 10 12 1 1 10 12 1 1 100 1 10 100 12 1 1 1 10 12 1 1 10 12 1 1 9 12 1 1 10 12 1 10 12 1 1 9 12 1 1 9 12 1 1 10 12 1 1 10 100 1 10 12 1 10 12 1 10 12 1 1 10 9 12 1 10 12 1 8 1 10 12 1 1 10 12 1 1 10 12 1 10 12 1 1 10 12 1 1 10 12 1 1 9 7 12 1 1 1 10 100 12 1 1 10 12 10 12 1 10 12 1 10 12 1 10 12 1 9 100 12 1 1 1 9 12 1 10 12 1 10 100 12 1 1 1 10 12 1 1 10 100 12 1 1 10 12 1 10 12 1 1 10 100 12 1 1 1 10 12 1 10 12 1 1 10 12 1 10 12 1 10 12 1 1 10 7 1 10 10 10 12 1 1 10 12 1 1 10 12 10 10 12 1 1 100 1 8 1 10 10 12 1 1 10 12 1 100 1 11 12 1 10 100 12 1 1 10 12 1 10 12 1 10 100 12 1 1 10 10 12 1 1 8 1 10 12 1 10 12 1 1 8 1 10 12 1 9 12 1 10 12 1 10 12 1 10 12 1 10 12 100 1 9 12 1 10 12 1 9 12 1 10 12 1 10 12 1 10 12 1 10 10 12 1 10 12 1 10 7 12 1 1 10 12 1 10 12 1 10 12 1 1 10 12 1 10 12 1 10 12 1 100 1 10 12 1 10 12 1 1 10 12 1 1 10 12 1 1 10 12 1 1 10 12 1 1 10 12 1 1 100 1 10 10 12 1 1 10 12 1 1 10 12 1 1 10 10 12 1 10 12 1 1 10 12 1 1 10 12 1 1 10 12 1 1 100 1 10 10 12 11 100 12 1 1 10 12 1 10 12 1 10 100 12 1 1 1 10 12 1 1 10 10 12 1 1 100 1 10 10 12 1 1 10 100 12 1 1 1 100 1 100 1 10 12 1 1 10 12 1 10 10 12 1 1 10 12 1 10 12 1 10 12 1 10 100 12 1 1 1 11 100 12 1 1 10 12 1 10 12 1 9 12 1 10 12 1 1 10 12 1 9 100 12 1 1 1 9 12 1 10 100 12 1 1 1 10 12 1 10 12 1 10 100 12 1 1 1 10 12 1 10 12 10 12 1 1 100 1 10 8 1 10 12 1 11 11 12 1 1 11 100 12 1 1 11 12 1 8 1 10 12 1 10 12 1 1 9 12 1 9 12 1 1 10 7 12 1 1 9 12 1 10 12 1 1 10 10 12 1 10 7 12 1 1 1 10 100 12 1 1 10 100 12 1 1 9 12 1 1 10 12 1 9 12 1 10 12 1 10 12 1 1 9 12 1 1 9 12 1 10 12 1 10 12 1 1 9 12 1 100 1 10 10 12 1 1 100 1 10 12 1 1 100 11 100 1 9 12 1 1 9 12 1 100 1 10 12 1 9 12 1 1 9 12 1 10 12 1 10 12 1 1 9 12 1 100 1 10 10 12 1 1 10 10 12 1 10 12 10 10 12 1 9 12 1 10 12 1 1 10 7 12 1 1 1 10 12 1 1 10 12 1 8 10 100 8 1 18 8 1 8 1 10 12 1 9 12 1 9 12 1 1 10 12 1 7 1 100 1 10 12 1 9 12 1 1 7 1 10 10 12 1 10 7 1 9 12 1 8 1 10 12 1 7 1 10 12 1 10 12 1 1 100 1 100 1 9 12 1 100 1 8 1 10 10 100 12 1 1 1 10 12 11 100 12 1 1 1 10 12 1 10 12 1 1 10 8 1 8 1 10 12 1 1 9 100 12 1 1 11 12 100 1 11 100 12 1 1 9 12 1 10 100 12 1 1 1 10 100 12 1 1 10 12 1 1 9 12 1 9 10 12 1 1 10 12 1 1 10 12 1 1 10 12 1 1 10 12 1 1 11 12 1 100 1 11 12 1 10 100 12 1 1 1 10 12 1 11 12 1 10 100 12 1 1 1 10 12 1 10 100 12 1 1 1 11 12 1 11 12 1 1 10 12 1 10 12 1 1 9 12 1 1 9 100 12 1 1 10 12 1 10 100 12 1 1 1 10 12 1 1 10 12 1 10 12 1 10 12 1 10 100 12 1 1 1 10 12 1 8 1 10 12 1 10 12 1 10 12 1 100 1 10 12 10 100 12 1 1 1 11 100 12 1 1 1 10 12 1 1 10 12 1 18 12 1 1 11 12 1 1 18 11 12 1 18 12 1 11 12 1 10 12 1 1 10 12 1 10 12 1 10 12 1 10 12 1 10 12 10 12 1 8 1 10 12 1 7 1 9 12 1 1 100 1 100 1 100 1 100 1 1 1 3 1 3 1 3 1 1 1 1 1 1 1 5 0 1 1 1 1 1 1 1 1 1 1 1 1 1 1 1 1 1 1 1 1 1 1 1 1 100 1 1 1 1 1 1 1 100 1 1 1 1 1 100 1 1 1 1 1 1 1 1 1 1 1 1 1 1 1 1 1 1 1 1 1 1 1 1 1 1 1 1 1 1 1 1 1 1 1 1 1 1 1 1 1 1 100 1 1 1 1 1 1 1 1 1 1 1 1 1 1 1 1 1 1 1 1 1 1 1 1 1 1 1 1 1 1 1 100 1 1 1 1 1 1 1 1 1 1 1 1 1 1 1 1 1 1 1 1 3 1 1 1 1 1 1 1 1 1 1 1 1 1 1 1 1 1 1 1 1 1 1 1 1 1 1 1 1 1 1 1 1 1 1 1 100 1 100 1 1 1 1 1 1 1 100 1 1 1 1 1 1 1 1 1 1 1 1 1 1 1 1 1 1 1 1 1 1 1 1 1 1 1 1 1 1 1 1 1 1 1 1 1 1 1 1 1 1 1 1 1 1 1 1 1 1 1 1 1 1 1 1 1 1 1 1 1 1 1 1 1 1 1 1 1 1 1 1 1 1 1 1 1 1 1 1 1 1 1 1 1 1 1 1 1 1 1 1 1 1 1 1 1 1 1 1 1 1 1 1 1 1 1 1 1 1 1 1 1 1 1 1 1 1 1 1 1 1 1 1 16 15 10 12 16 15 11 12 16 1 16 15 16 15 10 12 16 16 15 10 12 16 15 16 1 15 10 12 16 15 10 100 12 1 1 1 1 1 1 1 1 1 1 1 1 1 100 1 1 100 1 100 1 1 100 1 100 1 1 100 1 100 1 1
staticfield java/lang/Class EMPTY_CLASS_ARRAY [Ljava/lang/Class; 0 [Ljava/lang/Class;
staticfield java/lang/Class serialPersistentFields [Ljava/io/ObjectStreamField; 0 [Ljava/io/ObjectStreamField;
ciInstanceKlass java/lang/Cloneable 1 0 7 100 1 100 1 1 1
instanceKlass jdk/internal/reflect/DelegatingClassLoader
instanceKlass java/security/SecureClassLoader
ciInstanceKlass java/lang/ClassLoader 1 1 1108 9 7 12 1 1 1 10 7 12 1 1 1 9 12 1 1 10 7 12 1 1 1 7 1 10 12 1 1 10 12 1 1 9 12 1 1 10 12 1 1 100 1 10 12 1 10 12 1 1 10 7 12 1 1 1 100 1 8 1 10 12 1 10 7 12 1 1 1 10 100 12 1 10 7 1 10 7 1 7 1 7 1 10 12 1 10 12 1 9 12 1 1 10 10 7 12 1 1 1 9 12 1 1 9 12 1 9 12 1 1 9 12 1 9 12 1 1 9 12 1 1 7 1 10 12 1 9 12 1 1 10 12 1 1 10 7 12 1 1 1 9 12 1 9 12 1 1 9 12 1 10 12 1 1 9 12 10 12 1 1 7 1 10 8 1 10 12 1 1 10 12 1 10 7 1 7 1 10 12 1 1 10 100 12 1 1 1 8 1 10 12 1 10 12 1 10 12 1 1 10 12 1 1 10 12 1 1 10 12 1 1 10 12 1 1 10 12 1 100 1 10 12 1 10 100 12 1 1 1 10 12 1 1 10 12 1 10 12 1 10 12 1 10 12 1 10 12 1 1 10 10 12 1 10 12 1 10 100 12 1 1 10 12 1 1 10 12 1 1 10 12 1 100 1 10 12 1 100 1 10 12 1 10 100 12 1 1 1 10 10 12 1 1 10 12 1 1 100 1 8 1 10 8 1 10 12 1 10 12 1 100 1 8 1 10 12 1 1 10 12 1 1 10 10 12 1 1 10 12 1 1 10 12 1 1 10 7 1 10 12 1 1 10 12 1 1 10 12 1 1 10 12 1 1 10 12 1 1 10 12 1 1 10 12 1 10 100 12 1 1 1 10 12 1 10 12 1 10 12 1 1 10 12 1 10 12 1 10 12 1 10 12 1 1 10 12 1 10 12 1 1 8 1 9 12 1 10 12 1 1 8 1 8 1 10 7 12 1 1 100 1 10 10 12 10 12 1 10 12 1 10 12 1 10 12 1 1 10 7 12 1 1 10 12 1 10 7 1 7 1 10 12 1 1 10 12 1 10 7 1 10 12 1 100 1 18 12 1 10 100 12 1 1 1 10 100 12 1 1 1 10 7 12 1 1 10 12 1 10 12 1 100 1 10 12 1 8 1 10 10 12 1 1 10 12 1 10 12 1 1 100 1 10 12 1 10 12 1 1 10 7 12 1 1 10 12 1 8 1 100 1 10 10 12 1 9 12 1 10 7 12 1 1 10 12 1 100 1 8 1 10 12 1 10 8 1 8 1 10 12 1 1 10 12 1 1 10 12 1 1 10 100 12 1 1 100 1 100 1 10 12 1 1 100 1 100 1 10 100 12 1 1 10 12 1 10 12 1 1 10 12 1 10 12 1 1 10 12 1 1 9 100 12 1 1 1 10 12 1 1 10 12 1 10 12 1 10 12 1 1 10 12 1 8 1 7 1 18 12 1 1 10 12 1 1 10 12 1 10 12 1 10 12 1 8 1 10 12 1 10 12 1 18 12 1 11 100 12 1 1 1 100 1 10 12 1 1 10 12 1 10 11 12 1 1 10 18 10 12 1 1 11 100 12 1 18 12 1 11 12 1 1 10 12 10 12 1 1 10 12 1 1 100 1 8 1 10 10 12 1 8 1 8 1 10 100 12 1 1 10 12 1 100 1 10 10 12 1 8 1 8 1 8 1 10 12 1 10 12 1 1 10 12 1 10 100 12 1 1 1 11 100 12 1 1 100 1 10 11 10 12 1 10 12 1 10 12 1 1 9 100 12 1 1 9 12 1 1 9 12 9 12 1 9 12 1 9 12 1 8 10 12 1 1 10 7 12 1 1 1 10 12 1 1 10 12 1 1 10 12 1 10 10 12 1 11 12 1 1 10 100 12 1 1 1 100 1 10 12 1 10 12 1 10 12 1 1 1 1 1 1 1 1 1 1 1 1 1 1 1 1 1 1 1 1 1 1 1 1 1 1 1 1 100 1 1 1 1 1 1 1 1 1 1 1 1 1 1 1 1 1 1 1 1 1 100 1 1 1 1 1 1 1 1 1 1 100 1 1 1 1 1 1 1 1 1 1 1 1 1 1 1 1 1 1 1 1 1 1 1 1 1 1 1 1 1 1 1 1 1 1 1 1 1 1 1 1 1 100 1 1 1 1 1 1 1 1 1 1 1 1 1 1 1 1 1 1 1 100 1 1 1 1 1 1 1 1 1 1 1 1 1 1 1 1 1 1 1 1 1 1 1 1 1 1 1 1 1 1 1 1 1 1 1 1 1 1 1 1 1 1 1 1 1 1 1 1 1 1 100 1 1 1 1 1 1 1 1 1 1 1 1 1 1 1 1 1 1 1 1 1 1 1 1 1 1 1 1 1 1 1 1 1 1 1 1 1 1 1 1 1 1 1 1 1 1 16 1 15 10 12 16 1 16 15 10 12 16 1 16 1 15 10 12 16 15 10 12 16 15 10 12 16 15 10 100 12 1 1 1 1 1 100 1 100 1 1
staticfield java/lang/ClassLoader nocerts [Ljava/security/cert/Certificate; 0 [Ljava/security/cert/Certificate;
staticfield java/lang/ClassLoader $assertionsDisabled Z 1
ciInstanceKlass java/lang/System 1 1 856 10 100 12 1 1 1 9 7 12 1 1 1 10 12 1 10 12 1 1 10 12 1 1 10 12 1 9 12 1 1 10 7 12 1 1 1 11 100 12 1 1 1 10 100 12 1 1 1 10 12 1 1 10 12 1 1 100 1 8 1 10 12 1 10 100 12 1 1 1 10 100 12 1 1 1 18 12 1 1 10 100 12 1 1 1 100 1 10 12 1 1 10 100 12 1 1 1 10 12 1 10 7 12 1 1 1 9 100 12 1 1 1 10 7 12 1 1 1 11 7 12 1 1 1 10 12 1 1 10 100 12 1 1 1 100 1 10 10 12 1 1 8 1 10 12 1 8 1 10 12 1 9 12 1 1 8 1 10 7 12 1 1 1 10 12 1 1 100 1 8 1 10 9 12 1 1 8 1 10 12 1 1 10 100 12 1 1 1 8 1 10 12 1 100 1 10 12 1 8 1 10 12 1 10 12 1 1 100 1 10 12 10 12 1 9 12 1 1 9 12 1 1 10 7 12 1 1 1 10 7 12 1 1 1 10 12 1 1 10 12 1 10 12 1 10 7 12 1 1 1 10 12 1 100 1 100 1 8 1 10 12 1 10 12 1 1 7 1 10 12 1 100 1 8 1 10 10 12 1 100 1 8 1 10 8 1 10 100 12 1 1 8 1 10 12 100 1 8 1 10 10 12 1 1 10 100 12 1 1 1 100 1 18 12 1 100 1 9 100 12 1 1 1 10 12 1 100 1 10 12 1 1 10 12 1 1 10 7 12 1 1 1 10 12 1 1 10 12 1 10 12 1 10 12 1 1 10 12 1 7 1 10 12 1 9 7 12 1 1 1 10 7 12 1 1 1 10 12 1 10 12 1 10 7 12 1 1 1 100 1 8 1 10 9 12 1 9 12 1 10 12 1 10 100 12 1 1 10 12 1 10 12 1 1 8 1 10 12 1 1 8 1 11 12 1 10 12 11 12 1 1 11 7 12 1 1 1 11 7 12 1 1 11 12 1 1 7 1 11 12 1 10 12 1 8 1 10 12 1 1 8 1 8 1 8 1 8 1 11 12 1 10 12 1 10 12 1 10 12 1 8 1 10 12 1 1 8 1 9 12 1 8 1 10 7 12 1 1 8 1 7 1 9 7 12 1 1 1 10 12 1 7 1 9 12 10 9 12 7 1 10 12 9 12 1 1 8 1 10 12 1 1 8 1 10 7 12 1 1 10 12 1 10 12 1 1 11 7 12 1 1 10 12 10 7 12 1 1 1 9 12 1 1 100 1 8 1 10 12 1 1 10 7 12 1 1 1 7 1 10 12 1 1 10 12 1 8 1 8 1 10 8 1 8 1 8 1 8 1 10 10 7 12 1 1 10 12 1 10 12 1 1 10 12 1 1 10 12 1 10 100 12 1 1 1 10 100 1 8 1 10 10 10 12 1 1 10 12 1 1 8 1 10 12 1 8 1 8 1 10 12 1 10 7 12 1 1 1 10 12 1 1 8 1 10 12 1 8 1 10 100 12 1 1 7 1 10 10 12 1 10 12 1 9 12 1 1 3 1 3 1 1 1 1 1 1 1 1 1 1 1 1 100 1 1 100 1 1 1 1 1 1 1 1 1 1 1 100 1 100 1 1 1 1 1 1 1 1 1 1 1 1 1 1 1 1 1 1 1 1 1 1 1 1 1 1 1 1 1 1 1 1 1 1 1 1 1 1 1 1 1 1 1 1 1 1 1 1 1 1 1 1 1 1 1 1 1 1 100 1 1 1 1 1 1 1 1 1 1 1 1 1 1 1 1 1 1 1 1 1 1 1 1 1 1 1 1 1 1 1 1 1 1 1 1 1 1 100 1 1 16 15 10 12 1 1 16 15 10 12 16 1 15 10 100 12 1 1 1 1 1 1 1 1 100 1 100 1 1 1 100 1 100 1 1
staticfield java/lang/System in Ljava/io/InputStream; java/io/BufferedInputStream
staticfield java/lang/System out Ljava/io/PrintStream; java/io/PrintStream
staticfield java/lang/System err Ljava/io/PrintStream; java/io/PrintStream
instanceKlass java/lang/Exception
instanceKlass java/lang/Error
ciInstanceKlass java/lang/Throwable 1 1 428 10 7 12 1 1 1 9 7 12 1 1 1 9 12 1 1 9 12 1 9 12 1 1 9 12 1 10 12 1 1 9 12 1 1 10 12 1 1 10 12 1 100 1 100 1 10 8 1 10 12 1 1 8 1 10 100 12 1 1 10 10 12 1 100 1 8 1 10 10 12 1 1 10 7 12 1 1 10 12 1 8 1 9 100 12 1 1 1 10 12 1 1 100 1 10 12 10 12 1 10 100 12 1 1 1 100 1 10 12 10 12 1 10 12 1 100 1 10 10 7 12 1 1 1 11 100 12 1 1 1 10 12 1 1 10 12 1 1 8 1 10 12 1 10 12 1 1 8 1 8 1 10 12 1 1 10 12 1 8 1 8 1 9 12 1 1 10 12 1 1 100 1 10 11 12 1 8 1 8 1 10 7 12 1 1 8 1 10 12 1 8 1 100 1 10 12 1 9 12 1 1 10 12 1 10 100 12 1 9 12 1 1 10 12 1 1 100 1 8 1 10 12 1 10 100 12 1 1 10 12 1 1 100 1 10 100 12 1 1 1 10 12 1 11 100 12 1 1 1 11 100 12 1 1 11 12 1 8 1 10 12 1 1 8 1 10 10 9 100 12 1 1 1 8 1 10 12 1 1 11 10 100 1 8 1 10 11 12 1 1 8 1 9 12 1 10 100 12 1 1 11 9 12 1 1 11 12 1 1 100 9 12 1 1 11 100 12 1 1 100 1 10 12 1 10 12 1 1 100 1 1 1 1 5 0 1 1 1 1 1 1 1 1 1 1 1 1 1 1 1 1 1 1 1 1 1 1 1 1 1 1 1 1 1 1 1 1 1 1 1 1 1 1 1 1 1 1 1 1 1 1 1 1 1 1 1 1 1 1 1 1 1 100 1 100 1 1 1 1 1 1 1 1 1 1 1 1 1 1 1 1 1 1 1 1 1 1 1 1 1 1 1 100 1 100 1 1
staticfield java/lang/Throwable UNASSIGNED_STACK [Ljava/lang/StackTraceElement; 0 [Ljava/lang/StackTraceElement;
staticfield java/lang/Throwable SUPPRESSED_SENTINEL Ljava/util/List; java/util/Collections$EmptyList
staticfield java/lang/Throwable EMPTY_THROWABLE_ARRAY [Ljava/lang/Throwable; 0 [Ljava/lang/Throwable;
staticfield java/lang/Throwable $assertionsDisabled Z 1
instanceKlass kotlin/reflect/jvm/internal/KotlinReflectionInternalError
instanceKlass kotlin/jvm/KotlinReflectionNotSupportedError
instanceKlass kotlin/NotImplementedError
instanceKlass java/lang/AssertionError
instanceKlass java/lang/VirtualMachineError
instanceKlass java/lang/LinkageError
ciInstanceKlass java/lang/Error 1 1 40 10 7 12 1 1 1 10 12 1 10 12 1 10 12 1 10 12 1 100 1 1 1 1 5 0 1 1 1 1 1 1 1 1 1 1 1 1 1 1
instanceKlass java/lang/CloneNotSupportedException
instanceKlass org/jetbrains/kotlin/commonizer/NativeLibraryLoadingException
instanceKlass java/io/IOException
instanceKlass java/lang/ReflectiveOperationException
instanceKlass java/lang/RuntimeException
ciInstanceKlass java/lang/Exception 1 1 54 10 100 12 1 1 1 10 12 1 10 12 1 10 12 1 10 12 1 100 1 1 1 1 5 0 1 1 1 1 1 1 1 1 1 1 1 1 1 1 1 100 1 100 1 100 1 100 1 1 1 1 1 1
instanceKlass kotlin/metadata/internal/protobuf/UninitializedMessageException
instanceKlass org/jetbrains/kotlin/protobuf/UninitializedMessageException
instanceKlass org/jetbrains/kotlin/com/intellij/openapi/util/RecursionManager$CachingPreventedException
instanceKlass org/jetbrains/kotlin/com/intellij/util/IncorrectOperationException
instanceKlass java/util/ConcurrentModificationException
instanceKlass java/util/NoSuchElementException
instanceKlass java/lang/IndexOutOfBoundsException
instanceKlass kotlin/NoWhenBranchMatchedException
instanceKlass kotlin/UninitializedPropertyAccessException
instanceKlass java/lang/IllegalStateException
instanceKlass java/lang/UnsupportedOperationException
instanceKlass kotlin/KotlinNothingValueException
instanceKlass java/lang/IllegalArgumentException
instanceKlass java/lang/ArithmeticException
instanceKlass java/lang/NullPointerException
instanceKlass java/lang/IllegalMonitorStateException
instanceKlass java/lang/ArrayStoreException
instanceKlass java/lang/ClassCastException
ciInstanceKlass java/lang/RuntimeException 1 1 40 10 100 12 1 1 1 10 12 1 10 12 1 10 12 1 10 12 1 100 1 1 1 1 5 0 1 1 1 1 1 1 1 1 1 1 1 1 1 1
ciInstanceKlass java/lang/SecurityManager 0 0 576 10 100 12 1 1 1 9 100 12 1 1 1 10 100 12 1 1 1 100 1 8 1 10 12 1 10 12 1 1 10 100 12 1 1 1 10 100 1 10 100 1 10 9 100 12 1 1 1 10 100 12 1 1 1 10 12 1 1 10 100 12 1 1 100 1 8 1 10 9 12 1 1 9 12 1 8 1 9 12 1 100 1 10 8 1 10 12 1 1 10 12 1 10 12 1 1 100 1 10 10 12 1 1 100 1 8 1 10 12 1 8 1 8 1 8 1 8 1 8 1 8 1 10 12 1 8 1 8 1 8 1 8 1 8 1 10 100 12 1 1 1 10 12 1 1 8 1 100 1 8 1 10 8 1 8 1 8 1 8 1 8 1 10 100 12 1 1 8 1 100 1 8 1 8 1 10 8 1 10 12 1 100 1 8 1 10 10 12 1 1 10 12 1 10 12 1 10 12 1 10 100 12 1 1 1 10 12 1 10 100 12 1 1 11 100 12 1 1 1 18 12 1 1 11 100 12 1 1 1 18 12 1 1 11 12 1 1 18 18 11 12 1 18 12 1 11 12 1 1 9 12 1 1 9 12 1 9 12 1 9 12 1 100 1 10 100 12 1 1 10 12 1 10 12 1 18 12 1 18 10 100 12 1 1 1 18 12 1 10 12 1 18 18 8 1 10 12 1 9 12 1 1 11 100 12 1 1 1 8 1 100 1 10 12 1 10 12 1 1 10 12 1 1 9 12 1 1 10 12 1 10 12 1 1 8 1 100 1 10 9 12 1 8 1 10 12 1 8 1 100 1 10 10 100 12 1 1 10 100 1 9 100 12 1 1 1 11 12 1 1 10 12 1 11 12 1 10 12 1 100 1 10 10 12 1 1 10 12 1 1 1 1 1 1 1 1 1 1 1 100 1 1 1 1 1 1 1 1 1 1 1 1 1 1 1 1 1 1 1 1 1 1 1 1 1 1 1 1 1 1 1 1 1 1 1 1 1 1 1 1 1 1 1 1 1 1 1 1 1 1 1 1 1 1 1 1 3 1 1 1 1 1 1 1 1 1 1 100 1 1 1 1 1 1 1 1 1 1 1 1 1 1 1 1 1 1 1 1 1 1 1 1 1 1 1 1 1 1 1 1 1 1 1 1 1 1 16 15 10 100 12 1 1 1 16 1 16 15 10 12 16 1 15 10 12 16 15 11 100 1 16 1 16 1 15 10 12 16 15 10 12 16 15 10 12 1 16 1 15 11 12 1 15 10 12 16 15 10 16 1 15 10 100 12 1 1 1 1 1 1 100 1 100 1 1
ciInstanceKlass java/security/ProtectionDomain 1 1 348 10 7 12 1 1 1 9 7 12 1 1 1 7 1 10 9 12 1 1 9 12 1 1 9 12 1 1 10 7 12 1 1 7 1 9 12 1 9 12 1 1 7 1 9 12 1 1 9 12 1 10 100 12 1 1 10 100 12 1 1 1 10 12 1 1 10 12 1 9 12 1 9 100 12 1 1 10 12 1 1 10 100 1 10 12 1 1 8 1 100 1 8 1 10 12 1 10 11 10 100 12 1 1 1 10 12 1 1 8 1 11 8 1 10 12 1 8 1 8 1 10 12 1 1 10 12 1 10 12 1 1 10 12 1 8 1 10 12 1 8 1 8 1 10 100 12 1 1 1 9 100 12 1 1 1 10 12 1 1 9 100 12 1 1 1 10 100 12 1 1 1 100 1 18 12 1 1 10 100 12 1 1 1 10 100 1 10 12 1 10 12 1 1 11 100 12 1 1 11 12 1 100 1 11 100 12 1 1 1 10 12 1 10 11 12 1 1 11 12 1 1 10 12 1 10 7 12 1 1 10 100 12 1 1 11 12 1 10 12 10 12 1 8 1 8 1 10 7 12 1 1 1 7 1 10 10 7 12 1 1 1 1 1 1 1 1 1 1 100 1 1 100 1 1 1 1 1 1 1 1 1 1 1 1 1 1 1 1 1 1 1 1 1 1 1 1 1 1 1 1 1 1 1 1 1 1 1 1 1 1 1 1 1 1 1 1 100 1 1 1 1 1 1 100 1 1 16 15 10 12 16 15 10 100 12 1 1 1 1 1 1 1 100 1 100 1 1
staticfield java/security/ProtectionDomain filePermCompatInPD Z 0
ciInstanceKlass java/security/AccessControlContext 1 1 374 9 7 12 1 1 1 9 12 1 1 10 100 12 1 1 1 8 1 10 100 12 1 1 1 10 7 12 1 1 1 9 12 1 9 12 1 1 9 12 1 1 10 7 12 1 1 100 1 10 12 1 11 100 12 1 1 1 11 12 1 11 12 1 11 12 1 1 100 1 11 12 1 1 10 12 1 10 100 12 1 1 1 9 100 12 1 1 1 10 100 12 1 1 1 11 100 12 1 1 1 10 100 1 100 1 8 1 10 12 1 10 12 1 1 100 1 10 100 12 1 1 1 9 12 1 9 12 1 9 12 1 9 12 1 1 9 12 1 1 9 12 1 9 12 1 10 7 12 1 1 1 9 12 1 10 12 1 1 10 12 1 1 8 1 10 12 1 1 10 12 1 1 10 100 12 1 1 1 100 1 10 10 12 1 1 10 100 12 1 1 1 10 8 1 10 100 12 1 1 8 1 10 100 12 1 1 8 1 8 1 10 12 1 8 1 10 12 1 8 1 10 12 1 10 12 1 10 12 1 1 8 1 8 1 100 1 10 12 1 10 12 1 1 100 1 10 12 1 8 1 10 12 1 10 12 1 10 8 1 10 12 1 1 10 12 1 1 10 12 1 1 10 12 1 1 10 12 1 10 12 1 11 10 12 1 10 12 1 1 10 10 10 12 1 1 1 1 1 1 1 1 1 1 1 1 1 1 1 1 1 1 1 1 1 1 1 1 100 1 1 1 1 1 1 1 1 1 1 1 1 1 1 1 1 1 1 1 1 1 1 1 1 1 1 1 1 1 1 1 1 1 1 1 1 1 1 1 1 1 1 1 1 1 1 1 1 1 1 1 1 3 1 1
ciInstanceKlass java/security/AccessController 1 1 295 10 100 12 1 1 1 10 7 12 1 1 1 10 7 12 1 1 1 10 12 1 1 10 12 1 1 10 7 12 1 1 1 10 12 1 1 10 12 1 10 12 1 1 10 12 1 100 1 8 1 10 12 1 10 12 1 10 12 1 1 10 12 1 100 1 100 1 10 12 1 1 10 12 1 10 12 1 10 12 1 1 10 7 12 1 1 1 10 12 1 1 9 100 12 1 1 1 10 100 12 1 1 1 10 12 1 10 12 1 9 100 12 1 1 1 10 12 1 10 12 1 1 9 12 1 1 10 100 1 10 11 7 12 1 1 1 10 7 12 1 1 11 7 1 100 1 10 12 1 10 12 1 10 12 1 8 1 10 12 1 1 8 1 10 100 12 1 1 1 8 1 100 1 10 10 12 1 1 10 12 1 10 7 12 1 1 1 10 12 1 8 1 10 100 12 1 1 8 1 8 1 10 12 1 8 1 10 12 1 10 12 1 1 10 12 1 1 1 1 1 1 1 1 1 1 1 1 1 1 1 1 1 1 1 1 1 1 1 1 1 1 1 1 100 1 1 1 1 1 1 1 1 1 1 1 1 1 1 1 1 1 1 1 1 1 1 1 1 1 1 1 1 1 1 1 1 1 1 100 1 100 1 1 1 1 1 1 1 1 1 3 1 1 1
staticfield java/security/AccessController $assertionsDisabled Z 1
instanceKlass jdk/internal/loader/BuiltinClassLoader
ciInstanceKlass java/security/SecureClassLoader 1 1 102 10 7 12 1 1 1 7 1 10 12 1 9 7 12 1 1 1 10 12 1 10 12 1 10 12 1 1 10 12 1 1 10 12 1 7 1 10 7 1 10 12 1 7 1 10 12 1 11 7 12 1 1 1 7 1 11 12 1 10 12 1 1 1 1 1 1 1 1 1 1 1 1 1 1 1 1 1 1 1 1 1 1 1 1 1 1 1 1 1 1 1 1 1 1 1 1 100 1 1 1 1
instanceKlass java/lang/InstantiationException
instanceKlass java/lang/IllegalAccessException
instanceKlass java/lang/reflect/InvocationTargetException
instanceKlass java/lang/NoSuchFieldException
instanceKlass java/lang/NoSuchMethodException
instanceKlass java/lang/ClassNotFoundException
ciInstanceKlass java/lang/ReflectiveOperationException 0 0 34 10 100 12 1 1 1 10 12 1 10 12 1 10 12 1 100 1 1 1 1 5 0 1 1 1 1 1 1 1 1 1 1 1
ciInstanceKlass java/lang/ClassNotFoundException 0 0 96 100 1 10 100 12 1 1 1 10 12 1 10 12 1 1 10 100 12 1 1 1 8 1 10 100 12 1 1 1 10 100 12 1 1 10 100 12 1 1 1 10 100 12 1 1 1 10 12 1 1 100 1 10 12 1 9 12 1 1 1 1 1 5 0 1 1 1 1 1 1 1 1 1 1 1 1 1 1 1 1 1 1 100 1 1 1 1 1 1 1 1 1 1 1 1
instanceKlass java/util/stream/Collectors$CollectorImpl
instanceKlass java/nio/DirectByteBuffer$Deallocator
instanceKlass java/io/IoOverNioFileSystem$StreamInitializationBundle
instanceKlass java/security/SecureClassLoader$CodeSourceKey
instanceKlass jdk/internal/reflect/ReflectionFactory$Config
instanceKlass jdk/internal/foreign/abi/UpcallLinker$CallRegs
instanceKlass jdk/internal/foreign/abi/VMStorage
ciInstanceKlass java/lang/Record 1 1 22 10 7 12 1 1 1 100 1 1 1 1 1 1 1 1 1 1 1 1 1 1
instanceKlass java/lang/IncompatibleClassChangeError
instanceKlass java/lang/BootstrapMethodError
instanceKlass java/lang/NoClassDefFoundError
ciInstanceKlass java/lang/LinkageError 1 1 31 10 7 12 1 1 1 10 12 1 10 12 1 100 1 1 1 1 5 0 1 1 1 1 1 1 1 1 1 1 1
ciInstanceKlass java/lang/NoClassDefFoundError 0 0 26 10 100 12 1 1 1 10 12 1 100 1 1 1 1 5 0 1 1 1 1 1 1 1 1 1
ciInstanceKlass java/lang/ClassCastException 1 1 26 10 100 12 1 1 1 10 12 1 100 1 1 1 1 5 0 1 1 1 1 1 1 1 1 1
ciInstanceKlass java/lang/ArrayStoreException 1 1 26 10 100 12 1 1 1 10 12 1 100 1 1 1 1 5 0 1 1 1 1 1 1 1 1 1
instanceKlass java/lang/StackOverflowError
instanceKlass java/lang/OutOfMemoryError
instanceKlass java/lang/InternalError
ciInstanceKlass java/lang/VirtualMachineError 1 1 34 10 100 12 1 1 1 10 12 1 10 12 1 10 12 1 100 1 1 1 1 5 0 1 1 1 1 1 1 1 1 1 1 1
ciInstanceKlass java/lang/InternalError 0 0 34 10 100 12 1 1 1 10 12 1 10 12 1 10 12 1 100 1 1 1 1 5 0 1 1 1 1 1 1 1 1 1 1 1
ciInstanceKlass java/lang/OutOfMemoryError 1 1 26 10 100 12 1 1 1 10 12 1 100 1 1 1 1 5 0 1 1 1 1 1 1 1 1 1
ciInstanceKlass java/lang/StackOverflowError 1 1 26 10 100 12 1 1 1 10 12 1 100 1 1 1 1 5 0 1 1 1 1 1 1 1 1 1
ciInstanceKlass java/lang/IllegalMonitorStateException 1 1 26 10 100 12 1 1 1 10 12 1 100 1 1 1 1 5 0 1 1 1 1 1 1 1 1 1
instanceKlass java/lang/ref/PhantomReference
instanceKlass java/lang/ref/FinalReference
instanceKlass java/lang/ref/WeakReference
instanceKlass java/lang/ref/SoftReference
ciInstanceKlass java/lang/ref/Reference 1 1 190 9 7 12 1 1 1 9 7 12 1 1 10 12 1 1 10 12 1 1 9 12 1 1 10 12 1 1 9 12 1 1 9 12 1 1 7 1 10 12 1 10 7 12 1 1 10 12 1 10 12 1 1 10 12 1 7 1 8 1 10 12 1 1 7 1 10 12 1 1 10 12 1 1 10 12 1 9 12 1 10 12 1 1 10 12 1 10 12 1 9 12 1 100 1 100 1 10 12 9 12 1 9 12 1 100 1 10 10 12 1 10 10 7 12 1 1 7 1 10 10 7 12 1 1 1 1 1 1 1 1 1 1 1 1 1 1 1 1 1 1 1 100 1 1 1 100 1 1 1 1 1 1 1 1 1 1 1 1 1 1 1 1 1 1 1 1 1 1 1 1 1 1 1 1 1 1 1 1 1 1 1 100 1 100 1 100 1 1 1
staticfield java/lang/ref/Reference processPendingLock Ljava/lang/Object; java/lang/Object
staticfield java/lang/ref/Reference $assertionsDisabled Z 1
instanceKlass org/jetbrains/kotlin/com/intellij/util/containers/SoftKeySoftValueHashMap$ValueReference
instanceKlass java/lang/invoke/LambdaFormEditor$Transform
ciInstanceKlass java/lang/ref/SoftReference 1 1 47 10 7 12 1 1 1 9 7 12 1 1 1 9 12 1 10 12 1 10 12 1 1 1 1 1 1 1 1 1 1 1 1 1 1 1 1 1 1 1 1 100 1 1 1 1 1
instanceKlass java/util/logging/Level$KnownLevel
instanceKlass jdk/internal/util/WeakReferenceKey
instanceKlass java/lang/ThreadLocal$ThreadLocalMap$Entry
instanceKlass java/util/WeakHashMap$Entry
ciInstanceKlass java/lang/ref/WeakReference 1 1 31 10 7 12 1 1 1 10 12 1 100 1 1 1 1 1 1 1 1 1 1 1 1 1 1 1 1 1 1 1 1
instanceKlass java/lang/ref/Finalizer
ciInstanceKlass java/lang/ref/FinalReference 1 1 50 10 100 12 1 1 1 10 100 12 1 1 1 10 12 1 1 100 1 8 1 10 12 1 1 1 1 1 1 1 1 1 1 1 1 1 1 1 1 1 1 1 1 1 1 1 1 1 100 1
instanceKlass jdk/internal/ref/Cleaner
instanceKlass jdk/internal/ref/PhantomCleanable
ciInstanceKlass java/lang/ref/PhantomReference 1 1 39 10 100 12 1 1 1 10 7 12 1 1 1 1 1 1 1 1 1 1 1 1 1 1 1 1 1 1 1 1 1 1 1 1 1 1 1 1 1
ciInstanceKlass java/lang/ref/Finalizer 1 1 155 9 7 12 1 1 1 10 100 12 1 1 1 9 12 1 1 9 12 1 1 9 12 1 9 12 1 9 12 1 1 10 12 1 100 1 8 1 10 12 1 10 12 1 1 9 12 1 100 1 10 12 1 100 1 11 100 12 1 1 10 12 1 100 1 10 12 1 100 1 10 12 1 10 100 12 1 1 1 10 100 12 1 1 1 100 1 10 10 12 1 7 1 10 12 1 7 1 10 12 1 1 10 12 1 1 10 12 1 10 7 12 1 1 1 7 1 10 7 1 10 10 12 1 1 1 1 1 1 1 1 1 1 1 1 1 1 1 1 1 1 1 1 1 1 1 1 1 1 1 1 1 1 1 1
staticfield java/lang/ref/Finalizer lock Ljava/lang/Object; java/lang/Object
staticfield java/lang/ref/Finalizer ENABLED Z 1
staticfield java/lang/ref/Finalizer $assertionsDisabled Z 1
ciInstanceKlass java/lang/Runnable 1 0 11 100 1 100 1 1 1 1 1 1 1
instanceKlass java/util/concurrent/ForkJoinWorkerThread
instanceKlass java/lang/ref/Finalizer$FinalizerThread
instanceKlass java/lang/ref/Reference$ReferenceHandler
instanceKlass jdk/internal/misc/InnocuousThread
instanceKlass java/lang/BaseVirtualThread
ciInstanceKlass java/lang/Thread 1 1 870 10 7 12 1 1 1 9 12 1 1 10 100 12 1 1 10 12 1 10 100 12 1 1 100 1 8 1 10 12 1 1 9 12 1 9 12 1 1 9 12 1 1 100 1 10 12 1 1 10 12 1 10 100 12 1 1 1 10 12 9 12 1 1 10 12 1 100 1 10 12 1 100 1 8 1 10 9 100 12 1 1 1 10 12 1 1 10 12 1 1 10 12 1 1 10 12 1 10 12 1 1 3 8 1 100 1 5 0 10 7 12 1 1 1 9 12 1 10 12 1 1 10 7 12 1 1 1 10 7 12 1 1 1 10 12 1 1 10 12 1 1 9 12 1 1 10 100 1 8 1 10 7 1 10 12 1 9 12 1 1 10 100 12 1 1 1 10 10 12 1 1 9 100 12 1 1 1 10 12 1 1 10 12 1 1 10 7 12 1 1 10 12 1 10 12 1 10 7 12 1 1 9 12 1 10 7 12 1 1 1 10 12 1 1 9 12 1 1 9 12 1 1 10 7 12 1 1 1 9 12 1 1 10 100 12 1 1 10 100 12 1 1 1 10 12 1 10 12 1 10 100 12 1 1 9 12 1 8 1 9 100 12 1 1 9 12 1 1 5 0 100 1 10 100 1 10 100 1 10 100 1 10 8 1 10 12 1 1 10 100 12 1 10 12 1 10 12 1 100 1 8 1 10 10 12 1 10 12 1 1 10 100 12 1 1 1 10 100 12 1 1 1 10 12 1 7 1 9 12 1 1 100 1 10 10 12 1 9 12 1 1 10 12 1 1 10 12 1 1 10 12 1 10 12 1 9 12 1 1 10 10 12 1 1 10 12 1 1 11 7 12 1 1 10 100 12 1 1 9 12 1 9 12 1 1 9 12 1 1 10 100 12 1 1 10 12 1 1 9 100 12 1 1 1 10 100 12 1 1 10 12 1 10 12 1 100 1 10 10 12 9 12 1 1 10 12 1 11 100 12 1 1 10 12 1 10 12 1 10 12 1 9 12 1 10 10 12 1 10 12 1 1 9 12 1 9 12 10 12 1 8 1 10 12 1 10 12 1 10 12 1 10 12 1 10 12 1 1 10 12 1 10 12 1 1 10 12 1 10 12 1 10 12 1 10 12 1 10 12 1 1 9 7 12 1 1 1 8 1 10 9 12 1 10 12 1 100 1 8 1 10 10 12 1 8 1 10 12 1 1 9 12 10 12 8 1 10 10 12 1 10 12 1 8 1 10 12 1 10 8 1 10 100 12 1 1 10 12 1 1 100 1 8 1 10 9 12 1 9 12 1 1 10 12 1 1 10 10 12 1 10 12 1 100 10 7 12 1 1 1 9 12 1 10 12 1 1 10 12 1 1 10 100 12 1 1 1 11 100 12 1 1 1 9 100 12 1 1 1 10 100 12 1 1 1 100 1 10 12 1 100 1 10 12 1 10 12 1 1 10 12 1 1 8 1 9 12 1 10 12 1 10 12 1 1 11 100 12 1 1 1 10 12 1 1 1 1 3 1 3 1 3 1 3 1 1 1 1 1 1 1 1 1 1 1 1 1 1 1 1 1 1 1 1 1 100 1 1 1 1 1 1 1 1 1 1 1 1 1 1 1 1 1 1 1 1 1 1 100 1 1 1 1 1 1 1 1 1 1 1 1 1 1 1 1 100 1 100 1 1 1 1 1 1 1 1 1 1 1 1 1 1 1 1 1 1 1 1 1 1 1 1 1 1 1 1 1 1 1 1 1 1 1 1 1 1 1 1 1 1 1 1 1 1 1 1 1 1 1 1 1 1 1 1 1 1 1 1 1 1 1 1 1 1 1 1 1 1 1 1 1 1 1 1 100 100 1 1 1 1 1 1 1 1 1 1 1 1 1 1 1 1 1 1 1 1 1 1 1 1 1 1 100 1 100 1 100 1 100 1 100 1 1 100 1 1 1 1 1 1 1 1 1 1 1 1 1 1 1
staticfield java/lang/Thread NEW_THREAD_BINDINGS Ljava/lang/Object; java/lang/Class
staticfield java/lang/Thread EMPTY_STACK_TRACE [Ljava/lang/StackTraceElement; 0 [Ljava/lang/StackTraceElement;
ciInstanceKlass java/lang/Thread$FieldHolder 1 1 48 10 7 12 1 1 1 9 7 12 1 1 1 9 12 1 1 9 12 1 1 9 12 1 1 9 12 1 1 1 1 1 1 1 1 1 1 100 1 100 1 1 1 1 100 1 1 1
ciInstanceKlass java/lang/Thread$Constants 0 0 59 100 1 10 100 12 1 1 1 100 1 10 10 100 12 1 1 1 100 1 8 1 10 12 1 9 100 12 1 1 1 100 1 100 1 10 12 1 10 12 1 9 12 1 1 1 1 1 1 1 1 1 1 1 1 1 1 1 1
ciInstanceKlass java/lang/Thread$UncaughtExceptionHandler 1 0 16 100 1 100 1 1 1 1 1 1 1 1 100 1 1 1
ciInstanceKlass java/lang/ThreadGroup 1 1 411 10 7 12 1 1 1 9 7 12 1 1 1 8 1 9 12 1 1 100 1 9 12 1 1 9 12 1 1 10 7 12 1 1 1 10 12 1 1 10 12 1 10 12 1 10 12 1 10 12 1 1 10 12 1 1 10 12 1 10 12 1 1 10 12 1 10 12 1 10 100 12 1 1 1 10 12 1 1 18 12 1 1 11 100 12 1 1 1 10 7 12 1 1 1 10 100 12 1 10 12 1 1 10 12 1 1 10 12 1 1 10 100 12 1 1 1 10 12 1 11 12 1 1 11 100 12 1 1 11 12 1 1 10 12 1 1 10 12 1 10 12 1 11 12 1 11 12 1 1 100 1 10 10 12 1 100 1 10 18 12 1 1 11 100 12 1 1 1 11 12 1 1 9 12 1 1 10 12 1 1 8 1 10 100 12 1 1 1 10 100 12 1 1 1 10 12 1 1 11 12 10 12 1 1 10 12 1 1 11 100 1 9 12 1 100 1 10 8 1 10 12 1 1 10 12 1 1 8 1 10 12 1 10 100 12 1 1 1 10 12 1 1 10 7 1 8 1 10 8 1 10 12 1 10 12 1 8 1 9 12 1 1 9 12 1 10 100 12 1 1 1 100 9 12 1 1 100 1 9 12 1 10 12 10 12 1 1 100 10 12 9 12 1 10 12 1 100 1 10 11 12 1 1 100 1 10 10 12 1 10 12 1 1 1 1 1 1 1 1 1 1 1 1 1 1 1 1 1 1 3 1 1 1 1 1 1 1 1 1 1 1 1 100 1 1 1 1 1 1 1 1 1 1 1 1 1 1 1 1 1 1 1 1 1 1 1 1 1 1 1 1 1 1 1 1 1 1 1 1 1 1 1 1 1 1 1 16 15 10 12 16 16 15 10 12 16 15 10 100 12 1 1 1 1 1 100 1 100 1 1
staticfield java/lang/ThreadGroup $assertionsDisabled Z 1
instanceKlass java/lang/ThreadBuilders$BoundVirtualThread
instanceKlass java/lang/VirtualThread
ciInstanceKlass java/lang/BaseVirtualThread 0 0 36 10 100 12 1 1 1 100 1 1 1 1 1 1 1 1 1 1 1 1 1 1 1 1 1 1 1 1 100 1 100 1 1 100 1 1
ciInstanceKlass java/lang/VirtualThread 0 0 907 9 100 12 1 1 1 10 100 12 1 1 1 10 100 12 1 1 1 10 100 12 1 1 1 9 12 1 1 9 12 1 1 100 1 10 12 1 9 12 1 1 18 12 1 1 9 12 1 1 10 12 1 1 100 1 10 12 1 10 12 1 1 10 12 1 1 10 12 1 1 10 12 1 10 100 12 1 10 12 1 10 12 1 10 12 1 10 12 1 11 100 12 1 1 1 100 1 10 12 1 1 10 100 12 1 1 1 10 100 12 1 1 1 10 12 1 100 1 10 10 12 1 10 12 1 1 9 12 1 1 10 12 1 1 9 12 1 1 10 12 1 9 12 1 1 9 12 1 100 1 10 10 12 1 10 100 12 1 1 10 9 10 10 12 1 1 10 12 1 1 10 100 12 1 1 10 100 1 10 9 10 10 12 1 100 1 10 12 1 1 10 12 1 10 12 1 10 12 1 1 9 12 1 10 12 1 10 12 1 9 12 1 1 10 12 1 10 12 1 9 12 1 1 10 12 1 10 12 1 10 12 1 11 100 12 1 1 10 12 1 1 10 12 1 1 10 12 1 1 9 12 1 10 100 1 10 12 1 1 10 12 1 1 10 12 1 10 12 1 10 12 1 10 12 9 12 1 1 10 100 12 1 1 10 12 1 10 12 1 1 10 100 12 1 1 10 12 1 100 1 8 1 10 12 1 10 12 1 1 10 12 1 10 12 1 10 100 12 1 1 10 12 1 10 12 1 1 10 12 1 10 12 1 1 10 100 12 1 1 10 12 1 1 10 12 1 1 100 1 10 10 12 1 100 1 9 12 1 1 10 100 12 1 1 10 9 12 1 1 18 9 100 12 1 1 1 11 100 12 1 1 1 11 100 1 11 12 10 12 1 10 12 1 1 10 12 1 100 1 10 10 12 1 10 12 1 1 10 12 1 1 10 12 1 10 12 1 10 12 1 9 12 1 1 11 100 12 1 1 10 12 9 100 12 1 1 1 9 12 1 10 12 1 1 9 12 1 9 12 1 9 12 1 100 1 10 10 12 1 1 10 12 1 10 12 100 1 100 1 10 8 1 10 12 1 1 10 12 1 10 12 1 10 10 12 1 8 1 10 10 12 1 10 12 1 10 100 12 1 1 8 1 8 1 10 9 100 12 1 1 1 10 12 1 1 10 12 1 10 10 10 12 9 12 1 10 12 1 1 9 12 1 10 12 1 1 9 12 1 10 12 1 1 18 12 1 1 18 12 1 10 100 12 1 1 1 8 1 10 100 12 1 1 1 10 100 12 1 1 1 18 12 1 10 100 12 1 1 1 100 1 10 12 1 8 1 10 12 1 8 1 10 12 1 1 8 1 8 1 10 100 12 1 1 8 1 10 12 1 8 1 8 1 10 100 12 1 1 1 10 12 1 10 12 1 1 10 12 1 18 12 1 1 18 12 1 1 5 0 9 12 1 10 12 1 18 12 1 100 1 10 12 10 100 12 1 1 10 12 1 1 100 1 8 1 10 10 12 1 10 12 1 1 10 12 1 9 12 1 8 10 12 1 1 8 8 9 12 1 8 10 12 1 1 3 1 3 1 3 1 3 1 3 1 3 1 3 1 3 1 3 1 3 1 3 1 3 3 1 3 1 1 1 1 1 1 1 1 1 1 1 1 1 1 100 1 1 1 1 1 1 1 1 1 1 1 1 1 1 100 1 1 1 1 1 1 1 1 1 1 1 100 1 1 1 1 1 1 1 1 1 1 1 1 1 1 1 1 1 1 1 1 1 1 1 1 1 1 1 1 1 1 1 1 1 1 1 1 1 1 1 100 1 1 1 1 1 1 1 1 1 1 1 1 1 1 1 1 1 1 1 1 1 1 1 1 1 1 1 1 1 1 1 1 1 1 1 100 1 1 1 1 1 1 1 1 1 1 1 1 1 1 100 1 1 16 15 10 12 15 16 15 10 12 16 15 10 12 16 16 15 10 12 16 15 10 12 16 15 10 12 16 15 10 12 16 1 15 10 100 12 1 1 1 1 1 1 1 100 1 1 100 1 100 1 1
ciInstanceKlass java/lang/ThreadBuilders$BoundVirtualThread 0 0 132 10 100 12 1 1 1 9 100 12 1 1 1 10 100 12 1 1 1 9 12 1 1 10 12 1 1 10 12 1 1 9 12 1 1 10 100 12 1 1 1 10 12 1 1 100 1 8 1 10 12 1 10 12 1 1 10 12 1 1 10 12 1 1 10 100 12 1 1 1 8 1 10 12 1 8 1 10 12 1 1 10 100 12 1 1 9 100 12 1 1 1 10 12 1 1 10 10 12 1 1 1 1 1 1 1 1 1 1 1 1 1 1 1 1 1 1 1 1 1 1 1 1 1 1 1 1 100 1 1 1 1
ciInstanceKlass java/util/Map 1 1 263 11 7 12 1 1 1 11 12 1 1 10 100 12 1 1 11 12 1 1 11 7 12 1 1 1 11 100 12 1 1 1 11 12 1 1 7 1 11 12 1 11 12 1 100 1 100 1 10 12 1 1 11 100 12 1 1 1 11 100 12 1 1 1 11 12 1 11 12 1 10 12 1 1 11 12 1 11 100 12 1 9 7 12 1 1 1 100 1 10 12 7 1 7 1 10 12 1 7 1 10 7 1 11 12 1 11 12 1 1 11 12 1 1 7 1 11 12 1 1 1 1 1 1 1 1 1 1 1 1 1 1 1 1 1 1 1 1 1 1 1 1 1 1 1 1 1 1 1 1 1 1 1 1 1 1 1 1 1 1 1 1 1 1 1 1 1 1 1 1 1 1 1 1 1 1 1 1 1 1 1 1 1 1 1 1 1 1 1 1 1 1 1 1 1 1 1 1 1 1 1 1 1 1 1 1 1 1 1 1 1 1 1 1 1 1 1 1 1 1 1 1 1 1 1 1 1 1 1 1 1 1 1 1 1 1 1 1 1 1 1 1 1 1 100 1 1 1 1 1 1 1 1 1 1 1 1 1 1 1 1 1 1
instanceKlass java/util/Hashtable
ciInstanceKlass java/util/Dictionary 1 1 36 10 7 12 1 1 1 100 1 1 1 1 1 1 1 1 1 1 1 1 1 1 1 1 1 1 1 1 1 1 1 1 1 1 1 1
instanceKlass java/util/Properties
ciInstanceKlass java/util/Hashtable 1 1 516 100 1 10 7 12 1 1 1 9 7 12 1 1 1 100 1 100 1 10 8 1 10 12 1 1 10 12 1 10 12 1 1 10 12 1 10 7 12 1 1 1 8 1 10 12 1 9 12 1 1 7 1 9 12 1 1 4 10 7 12 1 1 1 9 12 1 4 10 12 1 11 100 12 1 1 1 10 12 1 1 10 12 1 1 9 12 1 10 12 1 1 100 1 10 9 12 1 1 10 7 12 1 1 1 9 12 1 1 10 12 1 10 12 1 3 9 12 1 9 12 1 3 10 12 1 10 12 1 10 12 1 1 11 12 1 1 11 100 12 1 1 1 11 100 12 1 1 1 11 12 1 100 1 11 12 1 11 12 1 10 12 1 1 10 12 1 1 10 12 1 9 12 1 1 9 12 9 12 1 1 10 100 1 100 1 10 12 1 10 8 1 10 10 12 1 8 1 10 8 1 10 100 12 1 1 1 100 1 10 12 1 10 12 1 100 1 10 12 1 10 12 1 1 100 1 10 100 1 10 10 12 1 1 11 12 1 1 11 12 1 100 1 10 10 10 100 12 1 1 11 100 12 1 1 1 100 1 10 11 100 12 1 1 11 100 12 1 10 12 1 10 12 1 1 10 100 12 1 1 10 12 1 1 10 12 1 1 10 12 1 1 10 100 12 1 1 1 8 10 100 12 1 1 100 1 8 1 10 4 4 10 12 1 1 10 12 1 8 1 4 10 12 10 100 12 1 1 1 100 1 11 100 12 1 1 1 10 100 12 1 1 1 10 12 1 10 12 1 1 10 100 1 100 1 1 1 1 1 1 5 0 1 1 1 1 1 3 1 3 1 3 1 1 1 1 1 1 1 1 1 1 1 1 1 1 1 1 1 1 1 1 1 1 1 1 1 100 1 1 1 1 1 1 1 1 1 1 1 1 1 1 1 1 1 1 1 1 1 1 1 1 1 1 1 1 1 100 1 1 1 1 1 1 1 1 1 1 1 1 1 1 100 1 1 1 1 1 1 1 1 1 1 1 1 1 1 1 1 1 1 1 1 1 1 1 1 1 1 1 1 1 1 1 1 1 1 1 1 1 1 1 1 1 1 1 1 100 1 1 1 100 1 1 1 1 1 100 1 1 1 1 1 1 1 1 1 1 1 1 1 1 1 1 1 1
ciInstanceKlass java/util/Properties 1 1 690 10 7 12 1 1 1 100 1 10 7 12 1 1 7 1 10 12 1 9 12 1 1 9 12 1 1 9 12 1 1 10 7 12 1 1 1 10 12 1 1 8 1 10 7 12 1 1 1 7 1 10 12 1 10 12 1 1 8 1 10 12 1 7 1 10 12 10 12 1 1 9 12 1 1 10 12 1 1 7 1 10 12 1 10 12 1 10 12 1 1 100 1 8 1 10 12 1 10 12 1 10 12 1 1 10 12 1 100 1 3 10 10 100 12 1 1 1 10 12 1 10 12 1 1 8 1 10 12 1 10 12 1 1 8 1 10 100 12 1 1 10 12 1 1 10 12 1 10 12 1 1 100 1 10 12 1 10 12 1 1 100 1 9 100 12 1 1 1 10 12 1 10 12 1 1 10 12 1 1 10 12 1 1 100 1 9 12 1 1 100 1 100 1 10 12 1 100 1 11 100 12 1 1 1 11 12 1 1 11 100 12 1 1 1 11 100 12 1 1 1 11 12 1 1 11 12 1 11 12 1 10 12 1 1 8 1 10 12 1 10 100 12 1 1 10 12 1 100 1 10 10 12 1 10 12 1 100 1 10 10 12 1 1 10 100 12 1 1 9 100 12 1 1 10 12 1 1 10 100 12 1 1 1 100 1 100 1 100 1 10 8 1 8 1 10 12 1 10 12 1 10 12 1 1 10 10 12 1 1 10 12 1 1 100 1 10 10 12 1 11 100 12 1 1 10 100 12 1 1 1 8 1 10 100 12 1 1 11 11 100 1 8 1 10 100 1 11 10 12 1 10 10 12 1 10 12 1 1 10 12 1 1 10 12 1 1 10 12 1 10 12 1 10 10 12 1 10 12 1 10 12 1 10 10 12 1 1 10 12 1 1 10 10 12 1 10 12 1 10 12 1 10 12 1 10 12 1 1 10 12 1 1 10 12 1 10 12 1 10 12 1 1 10 12 10 12 1 1 10 12 1 1 10 12 1 10 12 1 1 10 12 1 1 10 12 10 11 12 1 4 11 10 12 1 1 10 100 12 1 1 11 12 1 10 12 1 1 10 100 12 1 1 10 12 1 100 1 8 1 10 12 1 10 10 100 12 1 1 1 100 1 6 0 10 12 1 1 11 100 12 1 1 1 10 12 1 10 12 1 1 1 1 1 5 0 1 1 1 1 1 1 1 1 1 1 1 1 1 1 1 1 1 1 1 1 1 1 1 1 1 1 1 1 1 1 1 1 1 1 1 1 1 1 1 100 1 1 1 1 1 1 1 1 1 1 1 1 1 1 1 1 1 1 1 1 100 1 1 1 1 1 1 1 1 1 1 1 1 100 1 100 1 1 1 1 1 100 1 1 1 1 1 1 1 1 1 1 1 1 1 1 1 1 1 1 1 1 1 1 1 1 1 1 1 1 1 1 1 1 1 1 1 1 1 1 1 1 1 1 1 1 1 1 1 1 1 1 1 1 1 1 1 1 1 1 1 1 1 1 1 1 1 1 1 1 1 1 1 1 1 1 1 1 1 100 1 1 1 1 1 1 1 1 1 1 1 100 1 1
staticfield java/util/Properties UNSAFE Ljdk/internal/misc/Unsafe; jdk/internal/misc/Unsafe
ciInstanceKlass java/lang/Module 1 1 1070 10 7 12 1 1 1 9 7 12 1 1 1 10 7 12 1 1 1 9 12 1 9 12 1 1 9 12 1 1 10 12 1 1 10 12 1 10 12 1 1 10 7 12 1 1 1 7 1 10 7 12 1 1 1 10 12 1 1 11 7 12 1 1 1 10 12 1 1 10 7 12 1 1 1 10 12 1 1 10 100 12 1 1 1 9 100 12 1 1 1 10 100 12 1 1 1 10 12 1 8 1 10 7 12 1 1 1 10 7 12 1 1 1 10 7 12 1 1 1 10 12 1 10 12 1 9 12 1 1 10 100 12 1 1 100 1 100 1 10 8 1 10 12 1 1 10 12 1 10 12 10 12 1 10 7 12 1 1 8 1 8 1 10 8 1 8 1 9 12 1 1 8 1 10 100 12 1 1 1 10 12 1 9 12 1 1 11 12 1 9 100 12 1 1 10 100 12 1 1 1 10 100 12 1 1 1 10 12 1 1 8 1 10 12 1 1 10 12 1 10 12 1 1 9 100 12 1 1 1 10 12 1 1 10 12 1 1 9 12 1 10 12 1 10 12 1 9 12 1 1 11 7 12 1 1 10 12 1 1 9 12 1 9 12 1 10 12 1 10 12 1 100 1 8 1 10 10 12 1 1 10 12 1 8 1 10 12 1 1 8 1 8 1 10 12 1 1 10 12 1 10 12 1 1 18 12 1 1 10 12 1 1 11 12 1 9 12 1 11 12 10 100 12 1 1 100 1 8 1 10 11 12 1 1 10 7 12 1 1 1 10 12 1 10 12 1 1 11 12 1 1 11 7 12 1 1 11 12 1 1 9 12 1 11 12 1 10 12 1 1 10 12 1 1 9 12 1 10 12 10 7 12 1 1 10 7 1 18 12 1 1 11 100 12 1 1 1 18 12 1 11 12 1 1 10 100 12 1 1 1 11 12 1 1 10 7 12 1 1 7 1 11 12 1 7 1 7 1 10 12 1 10 7 12 1 1 1 10 11 7 12 1 8 1 10 10 12 1 1 10 7 12 1 1 10 12 1 10 12 1 7 1 10 12 1 10 11 12 1 1 10 12 10 12 1 1 9 12 1 1 100 1 10 10 12 1 1 11 7 1 10 12 1 1 11 12 1 10 10 12 1 11 10 12 1 1 10 12 1 1 10 12 1 1 10 7 12 1 1 10 12 1 10 12 1 1 10 10 12 1 1 10 12 1 18 12 1 11 12 1 18 12 1 10 12 1 10 12 1 10 12 7 1 10 12 1 10 12 1 10 12 1 9 12 1 7 1 10 10 10 10 12 1 10 12 1 10 12 1 10 12 1 1 10 12 1 1 10 12 1 9 12 1 18 12 1 1 10 100 12 1 1 1 100 1 8 1 10 12 1 1 10 12 1 1 10 100 12 1 1 100 1 10 12 1 1 100 1 8 1 10 12 1 1 100 1 11 12 1 1 10 100 12 1 1 1 18 12 1 1 11 100 12 1 1 1 100 1 10 12 1 10 12 1 1 100 1 100 1 10 12 8 1 10 12 1 1 10 12 1 1 10 100 12 1 1 10 12 1 1 10 12 1 10 12 10 12 1 1 100 1 10 10 12 1 1 10 100 12 1 1 1 100 1 10 12 1 1 10 100 12 1 1 8 1 18 12 1 1 100 1 100 1 9 12 1 1 9 12 1 9 12 1 11 100 12 1 1 1 100 1 11 12 1 1 100 1 10 12 1 8 1 10 12 1 10 12 10 12 1 8 1 10 10 100 12 1 1 100 1 10 10 12 1 10 7 12 1 1 9 12 1 9 12 1 9 12 1 9 12 1 10 12 11 12 1 10 12 1 100 1 1 1 1 1 1 1 1 1 1 1 1 1 1 1 1 1 1 1 100 1 1 1 1 1 1 1 1 1 1 1 1 1 1 1 1 1 1 1 1 1 1 1 1 1 1 1 1 1 1 1 1 1 1 1 1 1 1 1 1 1 1 1 1 1 1 1 1 1 1 1 1 1 1 1 1 1 1 1 1 1 1 1 1 1 1 1 1 1 1 1 1 1 1 1 1 1 1 1 1 1 1 1 1 1 1 1 1 1 1 1 1 1 1 1 100 100 1 1 1 1 1 1 1 1 1 1 1 1 1 1 1 1 1 1 1 1 1 1 1 1 1 1 1 100 1 100 1 1 1 1 1 1 1 1 1 1 1 1 1 1 1 1 1 1 1 1 100 1 1 1 1 1 1 1 1 1 1 1 1 1 1 1 1 1 1 1 1 1 1 1 16 15 10 12 16 16 15 10 12 16 16 15 10 16 1 15 10 12 16 1 15 10 12 16 1 16 15 10 12 16 16 1 15 10 12 16 15 10 100 12 1 1 1 15 10 100 12 1 1 1 1 1 1 1 1 1 1 1 100 1 100 1 1 100 1 100 1 1
staticfield java/lang/Module ALL_UNNAMED_MODULE Ljava/lang/Module; java/lang/Module
staticfield java/lang/Module ALL_UNNAMED_MODULE_SET Ljava/util/Set; java/util/ImmutableCollections$Set12
staticfield java/lang/Module EVERYONE_MODULE Ljava/lang/Module; java/lang/Module
staticfield java/lang/Module EVERYONE_SET Ljava/util/Set; java/util/ImmutableCollections$Set12
staticfield java/lang/Module $assertionsDisabled Z 1
instanceKlass java/lang/reflect/Executable
instanceKlass java/lang/reflect/Field
ciInstanceKlass java/lang/reflect/AccessibleObject 1 1 400 10 7 12 1 1 1 9 100 12 1 1 1 10 100 12 1 1 1 10 7 12 1 1 10 7 12 1 1 1 10 100 12 1 1 1 10 12 1 1 10 12 1 1 9 12 1 1 100 1 10 7 12 1 1 1 11 12 1 100 1 10 12 1 7 1 100 1 10 12 1 10 12 1 1 10 12 1 1 10 12 1 1 10 12 1 1 7 1 10 100 12 1 1 1 10 12 1 1 11 10 7 12 1 1 1 10 12 1 1 10 12 1 10 12 1 10 12 1 1 10 12 1 8 1 100 1 100 1 10 10 12 1 1 8 1 10 12 1 10 12 1 8 1 8 1 8 1 8 1 8 1 8 1 8 1 8 1 8 1 100 1 10 12 1 10 12 1 9 12 1 1 10 12 1 1 10 12 1 10 100 1 100 1 8 1 10 8 1 10 12 1 8 1 10 12 1 10 12 1 1 10 100 1 8 1 10 11 7 12 1 1 1 10 12 1 1 10 12 1 1 10 12 1 1 9 12 1 1 100 1 10 12 1 7 1 10 12 1 10 12 1 1 10 100 1 10 12 1 10 12 10 12 1 10 12 1 10 12 1 1 10 12 1 9 12 1 10 100 12 1 1 8 1 10 100 12 1 1 1 8 1 10 100 12 1 1 1 9 12 1 100 1 10 7 1 10 10 7 12 1 1 1 7 1 10 10 7 12 1 1 1 7 1 9 12 1 1 1 1 1 1 1 1 1 1 1 1 1 1 1 1 1 1 1 1 1 1 1 1 1 1 1 1 1 1 1 1 1 1 1 1 1 1 1 1 1 1 1 1 1 1 1 1 1 1 1 1 1 1 1 1 1 1 1 1 1 1 1 1 1 1 1 1 1 1 1 1 1 1 1 1 1 1 1 1 1 1 1 1
staticfield java/lang/reflect/AccessibleObject reflectionFactory Ljdk/internal/reflect/ReflectionFactory; jdk/internal/reflect/ReflectionFactory
ciInstanceKlass java/lang/reflect/Member 1 1 37 100 1 10 12 1 1 100 1 100 1 1 1 1 3 1 3 1 1 1 1 1 1 1 1 1 1 1 1 1 1 1 1 1 1 1 1
ciInstanceKlass java/lang/reflect/Field 0 0 457 9 100 12 1 1 1 10 12 1 1 10 100 12 1 1 1 10 100 12 1 1 9 12 1 1 10 12 1 1 10 12 1 1 10 100 12 1 1 10 100 12 1 1 1 9 12 1 1 9 12 1 9 12 1 9 12 1 1 9 12 1 1 9 12 1 9 12 1 1 9 12 1 1 100 1 8 1 10 12 1 10 12 1 9 12 1 1 9 12 1 10 12 1 10 100 12 1 1 10 12 1 1 10 12 1 1 10 12 1 10 12 1 1 9 100 12 1 1 1 10 100 12 1 1 1 100 1 10 12 1 1 10 12 1 1 10 12 1 1 10 12 1 10 12 1 10 100 1 10 100 12 1 1 100 1 10 8 1 10 12 1 1 10 12 1 1 8 1 10 12 10 12 1 8 1 8 1 10 11 100 1 9 12 1 10 12 1 1 10 12 1 1 11 100 12 1 1 1 10 12 1 11 12 1 1 11 12 1 1 11 12 1 1 11 12 1 1 11 12 1 1 11 12 1 1 11 12 1 1 11 12 1 1 11 12 1 1 11 12 1 1 11 12 1 1 11 12 1 1 11 12 1 1 11 12 1 1 11 12 1 1 11 12 1 1 11 12 1 1 10 12 1 10 100 12 1 1 10 12 1 10 12 1 10 12 1 9 12 1 1 10 100 12 1 1 1 10 12 1 1 10 12 1 10 100 12 1 1 10 12 1 1 11 100 1 10 12 1 100 1 10 100 12 1 1 1 10 100 12 1 1 1 9 12 1 10 100 12 1 1 1 11 100 12 1 1 1 10 12 1 1 10 12 1 1 9 100 12 1 1 10 100 12 1 1 1 10 12 1 1 100 1 1 1 1 1 1 1 1 1 1 1 1 1 1 1 1 1 1 1 1 1 1 1 1 1 1 1 1 1 1 1 1 1 1 1 1 1 1 1 100 1 1 1 1 1 1 1 1 1 1 1 1 1 1 1 1 1 1 1 1 1 1 1 1 1 1 1 1 1 1 1 1 100 1 1 1 1 1 1 1 1 1 100 1 1
ciInstanceKlass java/lang/reflect/Parameter 0 0 243 10 100 12 1 1 1 9 100 12 1 1 1 9 12 1 1 9 12 1 1 9 12 1 10 12 1 1 10 12 1 1 10 100 12 1 1 1 100 1 10 10 12 1 1 11 100 12 1 1 1 10 12 1 10 100 12 1 1 1 10 12 1 1 10 12 1 10 12 1 8 1 8 1 10 100 12 1 1 1 10 12 1 10 12 9 100 12 1 1 1 10 100 12 1 1 1 10 12 1 8 1 10 12 1 9 12 1 1 10 12 1 1 9 12 1 1 10 12 1 1 10 12 1 1 10 12 1 1 10 12 1 10 10 12 1 10 100 12 1 1 1 10 12 1 1 11 100 12 1 1 10 100 12 1 1 100 1 10 100 12 1 1 1 10 12 1 1 10 12 1 1 10 12 1 1 10 12 1 1 9 12 1 100 1 10 11 12 1 1 11 12 1 1 100 1 1 1 1 1 1 1 1 1 1 1 1 1 1 1 1 1 1 1 1 1 1 1 1 1 1 1 1 1 1 1 1 1 1 1 1 1 1 1 1 1 100 1 1 1 1 1 1
instanceKlass java/lang/reflect/Constructor
instanceKlass java/lang/reflect/Method
ciInstanceKlass java/lang/reflect/Executable 1 1 581 10 7 12 1 1 1 10 7 12 1 1 1 10 7 12 1 1 1 11 7 12 1 1 1 10 7 12 1 1 1 10 12 1 1 10 100 12 1 1 1 10 100 12 1 1 1 10 12 1 8 1 10 10 12 1 1 10 12 1 1 10 100 12 1 1 1 18 12 1 1 11 100 12 1 1 1 8 1 8 1 8 1 10 100 12 1 1 1 11 12 1 1 100 1 8 1 8 1 10 12 1 100 1 8 1 10 12 1 8 1 11 100 12 1 1 1 100 1 11 100 12 1 1 1 11 12 1 8 1 18 8 1 10 12 1 10 12 1 1 18 8 1 10 12 1 100 1 10 12 1 10 12 1 11 12 1 10 12 1 1 8 1 8 1 10 12 1 1 10 12 1 1 10 10 12 1 9 100 12 1 1 1 10 100 12 1 1 1 10 12 1 10 12 1 1 10 100 12 1 1 10 12 1 10 12 1 10 12 1 10 7 12 1 1 100 1 10 100 12 1 1 1 10 12 1 1 10 100 12 1 1 10 12 1 10 12 1 1 9 100 12 1 1 1 10 100 10 12 1 8 1 10 12 1 10 12 1 3 100 1 8 1 10 12 1 10 12 1 10 10 12 1 10 12 1 1 8 1 8 1 8 1 9 12 1 1 9 12 1 10 12 1 100 1 8 1 10 12 1 10 12 1 10 12 1 1 10 12 1 1 10 12 1 10 12 10 12 1 100 1 10 12 1 10 12 1 1 100 1 10 100 12 1 1 1 100 1 10 7 12 1 1 1 10 12 1 1 11 7 12 1 1 10 12 1 10 100 12 1 1 1 10 12 1 1 9 12 1 10 12 1 1 10 12 1 10 12 1 1 9 100 12 1 1 1 10 100 12 1 1 1 10 12 1 10 12 1 1 9 12 1 10 10 10 10 100 12 1 1 1 10 12 1 9 12 1 10 12 1 1 9 12 1 100 1 100 1 1 1 1 1 1 1 1 1 1 1 1 1 1 1 1 1 1 1 1 1 1 1 1 1 1 1 1 1 1 1 1 1 1 1 1 100 1 1 1 1 1 1 1 1 1 1 1 1 1 1 1 1 1 1 1 100 1 1 1 1 1 1 1 1 1 1 1 1 1 1 1 1 1 1 1 1 1 1 1 1 1 1 1 1 1 1 1 1 1 1 1 1 1 1 1 1 1 1 1 100 1 1 1 1 1 1 1 1 1 1 1 1 1 1 1 1 1 1 1 1 1 1 100 1 1 16 15 16 1 16 1 15 10 12 16 15 10 100 12 1 1 1 1 1 1 100 1 1 100 1 100 1 1
ciInstanceKlass java/lang/reflect/Method 1 1 472 9 7 12 1 1 1 10 100 12 1 1 1 10 100 12 1 1 9 12 1 1 10 12 1 1 10 12 1 1 10 100 12 1 1 10 7 12 1 1 1 9 12 1 1 9 12 1 9 12 1 1 9 12 1 9 12 1 9 12 1 1 9 12 1 9 12 1 1 9 12 1 9 12 1 9 12 1 1 100 1 8 1 10 12 1 10 12 1 9 12 1 1 8 1 10 7 12 1 1 10 7 12 1 1 1 10 12 1 1 10 12 1 1 10 12 1 10 12 1 1 10 12 1 1 9 100 12 1 1 1 10 12 1 1 10 12 10 7 12 1 1 10 12 1 1 10 12 1 10 12 1 10 12 1 10 100 12 1 1 1 10 12 1 1 10 100 1 10 100 12 1 1 1 10 100 12 1 1 10 12 1 1 10 12 1 1 10 12 1 10 100 12 1 1 1 10 12 1 10 8 1 10 12 1 10 12 1 100 1 8 1 8 1 8 1 10 12 1 10 12 1 1 10 12 1 1 10 10 12 1 1 10 12 1 11 100 1 10 12 1 9 12 1 1 10 12 1 1 10 12 1 10 12 1 1 10 12 1 1 11 7 12 1 1 1 11 12 1 9 12 1 1 10 12 1 10 12 1 10 12 1 10 12 1 10 12 1 10 12 1 9 12 1 1 10 7 12 1 1 1 10 7 12 1 1 10 12 1 1 10 100 12 1 1 1 10 100 12 1 1 1 10 100 12 1 1 1 11 100 12 1 1 1 10 100 12 1 1 1 100 1 100 1 100 1 10 12 1 10 12 1 1 10 12 1 100 1 8 1 10 12 1 10 10 12 1 1 10 12 1 1 10 12 1 1 10 12 1 1 8 1 10 12 1 1 1 1 1 1 1 1 1 1 1 1 1 1 1 1 1 1 1 1 1 1 1 1 1 1 1 1 1 1 1 1 1 1 1 1 1 1 1 1 1 1 1 1 1 1 1 1 1 1 1 1 1 100 1 100 1 100 1 1 1 1 1 1 1 1 1 1 1 1 1 1 1 1 1 1 1 1 1 1 1 1 1 1 1 1 1 1
ciInstanceKlass java/lang/reflect/Constructor 1 1 439 10 100 12 1 1 1 10 100 12 1 1 9 7 12 1 1 1 10 12 1 1 10 12 1 1 10 100 12 1 1 9 12 1 1 10 7 12 1 1 1 9 12 1 1 9 12 1 1 9 12 1 9 12 1 1 9 12 1 9 12 1 1 9 12 1 1 9 12 1 100 1 8 1 10 12 1 10 12 1 9 12 1 1 10 7 12 1 1 10 7 12 1 1 1 10 12 1 1 10 12 1 1 10 12 1 7 1 100 1 8 1 10 10 12 1 10 12 1 10 12 1 1 10 12 1 1 9 100 12 1 1 1 10 7 12 1 1 10 12 1 1 10 12 1 10 12 1 1 10 100 12 1 1 1 10 100 12 1 1 10 12 1 1 10 12 1 10 100 12 1 1 1 8 1 10 10 12 1 100 1 8 1 10 12 1 10 12 1 1 10 12 1 1 10 12 1 10 12 1 10 12 1 1 10 12 1 1 9 12 1 1 10 12 1 1 10 12 1 1 10 12 1 1 11 7 12 1 1 1 10 12 1 1 10 12 1 10 12 1 10 12 1 8 1 9 12 1 1 10 7 12 1 1 1 10 7 12 1 1 10 12 1 1 10 12 1 1 10 12 1 1 10 12 1 1 10 12 1 9 100 12 1 1 10 12 1 10 12 1 10 12 1 100 1 8 1 10 10 12 1 1 10 12 1 10 10 12 1 1 10 12 1 1 10 100 12 1 1 1 11 100 12 1 1 1 10 12 1 1 9 100 12 1 1 1 10 100 12 1 1 1 10 12 1 1 1 1 1 1 1 1 1 1 1 1 1 1 1 1 1 1 1 1 1 1 1 1 1 1 1 1 1 1 1 1 1 1 1 1 1 1 1 1 1 1 1 1 1 1 1 1 1 1 1 1 100 1 100 1 100 1 100 1 1 1 1 1 1 1 1 1 1 1 1 1 1 1 1 1 1 1 1 1 1 1 1 1 1 1 1 1 1 1 1 1 100 1 1
ciInstanceKlass jdk/internal/vm/ContinuationScope 0 0 50 10 100 12 1 1 1 10 100 12 1 1 1 100 1 9 100 12 1 1 1 10 12 1 1 10 100 12 1 1 1 10 12 1 1 10 12 1 1 1 1 1 1 1 1 1 1 1 1 1
ciInstanceKlass jdk/internal/vm/Continuation 0 0 549 9 100 12 1 1 1 9 12 1 9 12 1 100 1 100 1 10 12 1 1 8 1 10 12 1 1 10 12 1 10 12 1 1 10 12 1 9 100 12 1 1 1 11 100 12 1 1 1 10 100 1 9 12 1 1 9 12 1 1 10 8 1 10 12 1 9 12 1 1 10 11 12 1 1 100 1 10 100 12 1 1 1 10 12 1 1 10 12 1 10 12 1 1 11 12 1 1 9 12 1 1 10 12 1 1 18 12 1 1 10 100 12 1 1 1 100 1 10 12 1 11 100 12 1 1 1 10 12 1 9 12 1 10 12 1 1 100 1 8 1 10 12 1 10 12 1 1 9 12 1 1 11 12 1 1 9 12 1 1 8 1 10 11 12 1 1 11 12 1 1 10 12 1 1 10 12 1 1 9 12 1 10 12 1 10 10 12 1 8 1 10 12 1 8 1 8 1 10 100 12 1 1 1 10 100 12 1 1 1 10 12 1 9 12 1 11 12 1 100 1 10 12 1 10 12 1 1 9 12 1 1 100 1 10 12 1 1 9 12 1 1 10 12 1 10 12 1 11 100 12 1 1 10 100 1 10 12 1 8 1 9 12 1 10 12 1 1 9 12 1 1 10 100 12 1 1 8 1 8 1 8 1 8 1 10 12 1 1 10 12 1 10 12 1 10 12 1 10 12 1 1 10 12 1 1 8 1 10 12 1 1 9 12 1 1 10 12 1 1 9 12 1 8 1 10 100 12 1 1 1 10 12 1 8 1 100 1 8 1 10 9 12 1 1 8 1 10 100 12 1 1 10 100 12 1 1 8 1 8 1 10 12 10 100 12 1 1 1 10 100 1 10 100 12 1 1 1 18 11 100 12 1 1 1 18 12 1 11 12 1 1 100 1 10 100 12 1 1 10 12 1 1 8 10 12 1 1 10 100 12 1 1 1 10 100 12 1 1 10 12 1 8 1 10 12 1 100 1 100 1 10 12 1 1 1 1 1 1 1 1 1 1 1 1 1 1 1 1 1 1 1 1 1 1 1 1 1 1 1 1 1 1 1 1 1 1 1 1 1 1 1 1 1 1 1 1 1 1 1 1 1 1 1 1 1 1 1 1 1 1 1 1 1 1 1 1 1 1 1 1 1 1 1 1 1 1 1 100 1 1 16 1 15 10 12 16 15 11 100 12 1 1 1 16 1 16 1 15 10 12 16 15 10 100 12 1 1 1 1 1 1 1 1 100 1 100 1 1
ciInstanceKlass jdk/internal/vm/StackChunk 0 0 32 10 100 12 1 1 1 9 100 12 1 1 1 9 12 1 1 9 12 1 1 1 1 1 1 1 1 1 1 1 1 1
instanceKlass jdk/internal/reflect/FieldAccessorImpl
instanceKlass jdk/internal/reflect/ConstructorAccessorImpl
instanceKlass jdk/internal/reflect/MethodAccessorImpl
ciInstanceKlass jdk/internal/reflect/MagicAccessorImpl 1 1 16 10 7 12 1 1 1 100 1 1 1 1 1 1 1 1
ciInstanceKlass jdk/internal/reflect/MethodAccessor 1 0 17 100 1 100 1 1 1 1 100 1 100 1 1 1 1 1 1
instanceKlass jdk/internal/reflect/DirectMethodHandleAccessor
ciInstanceKlass jdk/internal/reflect/MethodAccessorImpl 1 1 38 10 7 12 1 1 1 10 100 12 1 1 1 100 1 1 1 1 1 1 1 100 1 100 1 1 1 1 1 1 1 1 1 1 1 1 1 1
ciInstanceKlass jdk/internal/reflect/ConstructorAccessor 1 0 16 100 1 100 1 1 1 1 100 1 100 1 100 1 1 1
instanceKlass jdk/internal/reflect/DirectConstructorHandleAccessor$NativeAccessor
instanceKlass jdk/internal/reflect/DirectConstructorHandleAccessor
instanceKlass jdk/internal/reflect/NativeConstructorAccessorImpl
ciInstanceKlass jdk/internal/reflect/ConstructorAccessorImpl 1 1 27 10 7 12 1 1 1 100 1 100 1 1 1 1 1 1 1 1 1 100 1 100 1 100 1 1 1
ciInstanceKlass jdk/internal/reflect/DelegatingClassLoader 0 0 18 10 100 12 1 1 1 100 1 1 1 1 1 1 1 1 1 1
ciInstanceKlass jdk/internal/reflect/ConstantPool 1 1 142 10 100 12 1 1 1 9 7 12 1 1 1 10 12 1 1 10 12 1 1 10 12 1 10 12 1 1 10 12 1 1 10 12 1 10 12 1 1 10 12 1 10 12 1 1 10 12 1 10 12 1 10 12 1 10 12 1 1 10 12 1 1 10 12 1 1 10 12 1 1 10 12 1 10 12 1 1 10 100 12 1 1 1 8 11 7 12 1 1 1 10 7 12 1 1 1 1 1 1 1 1 1 1 1 1 1 1 1 1 1 1 1 1 1 1 1 1 1 1 1 1 1 1 1 1 1 1 1 1 1 1 1 1 1 1 1 1 1 1 1 1
ciInstanceKlass jdk/internal/reflect/FieldAccessor 0 0 48 100 1 100 1 1 1 1 100 1 1 1 1 1 1 1 1 1 1 1 1 1 1 1 1 1 1 1 100 1 1 1 1 1 1 1 1 1 1 1 1 1 1 1 1 1 1 1
instanceKlass jdk/internal/reflect/UnsafeFieldAccessorImpl
ciInstanceKlass jdk/internal/reflect/FieldAccessorImpl 0 0 269 10 100 12 1 1 1 9 100 12 1 1 1 10 100 12 1 1 1 10 100 12 1 1 10 100 12 1 1 1 10 12 1 1 100 1 10 10 12 1 1 10 12 1 1 8 1 10 10 12 1 100 1 8 1 10 12 1 8 1 10 12 1 8 1 10 12 1 100 1 10 12 1 1 10 8 1 10 12 1 1 8 1 10 100 12 1 1 8 1 10 100 12 1 1 8 1 10 100 12 1 1 8 1 10 100 12 1 1 8 1 10 100 12 1 1 8 1 10 100 12 1 1 8 1 10 100 12 1 1 8 1 10 100 12 1 1 10 12 1 1 8 1 10 12 1 1 10 100 12 1 1 1 8 1 10 12 1 8 1 8 1 8 1 8 1 10 100 12 1 1 1 8 1 8 1 8 1 10 12 100 1 1 1 1 1 1 1 1 1 1 1 1 1 1 1 1 1 1 1 1 1 1 1 1 1 1 1 1 1 1 1 1 1 1 1 1 1 1 1 1 1 1 1 1 1 1 1 1 1 1 1 1 1 1 1 1 1 1 1 1 1 1 1 1 1 1 1 1 1 1 1 1 1 1 1 1 1 1 1 1 1 1 1 1 1 1 1 1
instanceKlass jdk/internal/reflect/UnsafeStaticFieldAccessorImpl
ciInstanceKlass jdk/internal/reflect/UnsafeFieldAccessorImpl 0 0 62 10 100 12 1 1 1 10 100 12 1 1 1 10 100 12 1 1 1 9 100 12 1 1 10 12 1 9 12 1 1 10 100 12 1 1 1 9 12 1 1 10 12 1 10 12 1 1 1 1 1 1 1 1 1 1 1 1 1 1 1 1
ciInstanceKlass jdk/internal/reflect/UnsafeStaticFieldAccessorImpl 0 0 47 10 100 12 1 1 1 9 100 12 1 1 1 10 100 12 1 1 1 9 12 1 1 8 11 100 12 1 1 1 10 100 12 1 1 1 1 1 1 1 1 1 1 1 1 1 1
ciInstanceKlass java/lang/annotation/Annotation 0 0 17 100 1 100 1 1 1 1 1 1 1 1 1 1 1 1 1
ciInstanceKlass jdk/internal/reflect/CallerSensitive 0 0 17 100 1 100 1 100 1 1 1 1 1 1 1 1 1 1 1
ciInstanceKlass jdk/internal/reflect/NativeConstructorAccessorImpl 0 0 125 10 100 12 1 1 1 9 100 12 1 1 1 100 1 10 12 1 9 12 1 1 9 12 1 1 10 100 12 1 1 1 10 100 12 1 1 1 10 100 12 1 1 1 9 12 1 9 12 1 1 9 12 1 1 10 100 12 1 1 1 100 1 10 10 12 1 1 10 12 1 10 12 1 1 10 12 1 100 1 10 12 1 1 10 12 1 1 8 10 12 1 1 1 1 1 1 1 1 1 1 1 1 1 1 1 1 1 1 1 1 1 1 100 1 100 1 100 1 1 1 1 1 1 1
instanceKlass java/lang/invoke/DelegatingMethodHandle
instanceKlass java/lang/invoke/BoundMethodHandle
instanceKlass java/lang/invoke/DirectMethodHandle
ciInstanceKlass java/lang/invoke/MethodHandle 1 1 733 100 1 9 7 12 1 1 1 10 7 12 1 1 1 10 7 12 1 1 1 7 1 7 1 10 12 1 1 9 12 1 1 10 12 1 10 12 1 1 10 12 1 1 10 100 12 1 1 1 10 12 1 1 10 12 1 1 11 100 12 1 1 1 10 12 1 1 10 12 1 10 12 1 10 12 1 1 9 12 1 1 9 12 1 1 10 100 12 1 1 1 10 12 1 1 10 12 1 10 12 1 100 1 100 1 10 8 1 10 12 1 1 10 12 1 8 1 10 12 1 1 10 12 1 10 7 12 1 1 1 10 12 1 1 10 12 1 1 10 12 1 1 10 7 12 1 1 1 10 12 1 1 10 12 1 1 10 12 1 10 12 1 1 10 100 12 1 1 10 7 12 1 1 10 12 1 10 12 1 10 12 1 1 10 12 1 1 10 12 1 1 10 12 1 1 10 7 12 1 1 1 10 100 12 1 1 1 10 12 1 1 10 12 1 1 10 12 1 1 8 1 10 7 12 1 1 1 8 1 10 12 1 10 12 1 1 10 12 1 1 10 12 1 8 1 10 12 1 1 8 1 10 12 1 8 1 10 100 12 1 1 1 9 12 1 1 100 1 10 9 100 12 1 1 1 9 100 1 8 1 10 12 1 1 10 12 1 10 12 1 1 10 12 1 10 12 1 1 10 12 1 10 12 1 1 10 12 1 10 12 1 1 10 12 1 1 8 1 10 12 1 1 8 1 10 12 1 10 12 1 1 10 12 1 10 12 1 10 12 1 1 9 100 12 1 1 1 10 12 1 1 11 12 1 10 12 1 10 12 1 1 10 100 12 1 1 100 1 11 12 1 10 100 1 11 12 1 100 1 10 12 1 11 12 1 9 100 12 1 1 1 11 12 1 1 11 100 12 1 1 1 10 12 1 1 9 12 1 11 12 1 9 12 1 9 12 1 9 12 1 11 12 1 1 9 12 1 9 12 1 9 12 1 9 12 1 9 12 1 9 12 1 9 12 1 8 1 10 12 1 10 12 1 8 1 10 12 1 10 12 1 10 12 1 1 10 10 10 7 12 1 1 10 12 1 1 100 1 100 1 8 1 8 1 10 10 12 1 1 10 12 1 10 12 1 100 1 10 100 12 1 1 1 10 9 7 12 1 1 1 10 12 1 1 10 12 1 1 8 1 8 1 10 100 12 1 1 9 12 1 9 12 1 1 9 12 1 1 10 12 1 100 1 10 12 1 10 12 1 1 9 12 1 1 9 12 1 1 10 7 12 1 1 1 11 100 12 1 1 9 12 1 10 12 1 1 9 12 1 10 12 1 8 10 12 1 1 8 1 1 1 1 1 1 1 1 100 1 1 1 1 1 1 1 1 1 1 1 1 1 1 1 1 1 1 1 1 1 1 1 1 1 1 1 1 1 1 100 1 1 1 1 1 1 1 1 1 1 1 1 1 1 1 1 1 1 1 1 1 1 1 1 1 1 1 1 1 1 1 1 1 1 1 1 1 1 1 1 1 1 1 1 1 1 1 1 1 1 1 1 1 1 1 1 1 1 1 1 1 1 1 1 1 1 1 1 1 1 1 1 1 1 1 1 1 1 1 1 1 1 1 1 1 1 100 1 1 100 1 100 1 100 1 1 100 1 1 100 1 1 1 1
staticfield java/lang/invoke/MethodHandle FORM_OFFSET J 20
staticfield java/lang/invoke/MethodHandle UPDATE_OFFSET J 13
staticfield java/lang/invoke/MethodHandle $assertionsDisabled Z 1
instanceKlass java/lang/invoke/DirectMethodHandle$Special
instanceKlass java/lang/invoke/DirectMethodHandle$Constructor
instanceKlass java/lang/invoke/DirectMethodHandle$Accessor
instanceKlass java/lang/invoke/DirectMethodHandle$StaticAccessor
ciInstanceKlass java/lang/invoke/DirectMethodHandle 1 1 923 7 1 7 1 100 1 7 1 7 1 10 7 12 1 1 1 10 7 12 1 1 1 100 1 10 12 1 10 12 1 1 10 7 12 1 1 10 12 1 1 10 12 1 10 12 1 7 1 10 12 1 1 10 12 1 1 10 12 1 10 12 1 1 10 7 12 1 1 1 10 12 1 9 12 1 1 100 1 10 9 12 1 1 9 12 1 10 12 1 10 12 1 10 12 1 1 10 12 1 10 12 1 10 12 1 10 7 12 1 1 1 10 12 1 10 12 1 1 8 1 10 12 1 1 7 1 10 12 1 100 1 10 10 12 1 10 12 1 10 12 1 10 7 12 1 1 1 10 12 1 1 100 1 10 12 1 10 12 1 7 1 10 12 1 10 12 1 1 10 12 1 1 10 12 1 8 10 100 12 1 1 1 10 12 1 10 12 1 10 12 1 1 10 12 1 9 7 12 1 1 1 7 1 10 12 1 10 7 12 1 1 1 10 12 1 10 12 1 1 9 12 1 1 100 1 10 8 1 10 12 1 1 10 12 1 1 8 1 10 12 1 10 12 1 10 10 12 1 10 12 1 10 12 1 10 12 1 10 12 1 1 10 12 1 10 12 1 1 10 12 1 10 12 1 1 10 10 7 12 1 1 1 10 12 1 10 12 1 1 10 12 1 10 12 1 1 8 1 9 7 12 1 1 1 8 1 9 12 1 9 12 1 8 1 9 12 1 9 12 1 8 1 9 12 1 9 12 1 8 1 10 12 1 10 12 1 1 9 12 1 1 7 1 10 12 1 1 100 1 10 7 12 1 1 1 10 12 1 1 10 12 1 10 12 1 1 7 1 10 12 1 1 10 12 1 10 12 1 1 7 1 10 12 1 1 10 12 1 10 7 12 1 1 1 10 12 1 10 12 1 1 10 12 1 9 12 1 1 10 7 1 9 12 9 12 1 10 7 12 1 1 1 10 12 1 7 1 7 1 7 1 9 12 1 1 10 7 12 1 1 1 10 12 10 12 1 100 1 10 12 1 10 12 1 1 8 1 9 12 1 9 12 1 10 12 1 1 9 12 1 1 10 100 12 1 1 1 9 12 1 1 9 12 1 1 10 12 1 10 12 1 10 12 1 10 12 1 1 10 12 1 9 12 1 10 12 1 10 12 1 10 12 1 10 12 1 1 10 12 1 1 9 12 1 1 10 12 1 1 9 7 12 1 1 1 9 12 1 9 12 1 9 12 1 9 12 1 9 12 1 9 12 1 9 12 1 9 12 1 9 12 1 9 12 1 9 12 1 9 12 1 9 12 1 9 12 1 9 12 1 9 12 1 9 12 1 9 12 1 9 12 1 9 12 1 9 12 1 9 12 1 9 12 1 9 12 1 9 12 1 9 12 1 9 12 1 9 12 1 9 12 1 9 12 1 9 12 1 9 12 1 9 12 1 9 12 1 9 12 1 9 12 1 8 1 9 12 1 1 9 12 1 1 10 12 1 10 12 1 1 9 7 1 10 12 1 9 12 1 1 10 12 10 12 1 10 12 1 10 12 1 10 12 1 10 8 1 8 1 8 1 8 1 10 12 1 1 9 12 1 1 10 12 1 10 100 12 1 1 1 8 9 12 1 1 10 12 1 1 8 1 8 8 9 12 1 8 1 8 8 8 8 8 1 8 10 12 1 7 1 10 12 1 8 1 8 1 10 12 1 10 12 1 10 12 1 10 12 1 1 7 1 1 1 1 3 1 3 1 3 1 3 1 3 1 3 1 3 1 3 1 3 1 3 1 1 1 1 1 1 1 1 1 1 3 1 3 1 1 1 1 3 1 1 1 1 1 1 1 1 1 1 1 1 1 1 1 1 1 1 1 1 1 1 1 1 1 1 1 1 1 1 1 1 1 1 1 1 1 1 1 1 1 1 1 1 1 1 1 1 1 1 1 1 1 1 1 1 1 100 1 1 1 1 1 1 1 1 1 100 1 1 1 1 1 1 1 1 1 1 1 1 1 1 1 1 1 1 1 1 1 1 1 1 1 1 1 1 1 1 1 1 1 1 1 1 1 1 1 1 1 1 1 1 1 1 1 1 1 1 1 1
staticfield java/lang/invoke/DirectMethodHandle IMPL_NAMES Ljava/lang/invoke/MemberName$Factory; java/lang/invoke/MemberName$Factory
staticfield java/lang/invoke/DirectMethodHandle FT_UNCHECKED_REF I 8
staticfield java/lang/invoke/DirectMethodHandle ACCESSOR_FORMS [Ljava/lang/invoke/LambdaForm; 132 [Ljava/lang/invoke/LambdaForm;
staticfield java/lang/invoke/DirectMethodHandle ALL_WRAPPERS [Lsun/invoke/util/Wrapper; 10 [Lsun/invoke/util/Wrapper;
staticfield java/lang/invoke/DirectMethodHandle NFS [Ljava/lang/invoke/LambdaForm$NamedFunction; 12 [Ljava/lang/invoke/LambdaForm$NamedFunction;
staticfield java/lang/invoke/DirectMethodHandle OBJ_OBJ_TYPE Ljava/lang/invoke/MethodType; java/lang/invoke/MethodType
staticfield java/lang/invoke/DirectMethodHandle LONG_OBJ_TYPE Ljava/lang/invoke/MethodType; java/lang/invoke/MethodType
staticfield java/lang/invoke/DirectMethodHandle $assertionsDisabled Z 1
ciInstanceKlass java/lang/invoke/DirectMethodHandle$StaticAccessor 0 0 96 10 100 12 1 1 1 10 100 12 1 1 1 9 100 12 1 1 1 9 12 1 1 9 12 1 1 10 100 12 1 1 1 9 12 1 1 9 12 1 1 10 12 1 9 12 1 10 12 1 1 100 1 10 12 1 9 12 1 1 10 12 1 1 10 12 1 1 1 1 1 1 1 1 1 1 1 1 1 1 1 1 1 1 1 1 1 1 1 1 1 1 1 1 1 1
ciInstanceKlass java/lang/invoke/DirectMethodHandle$Accessor 1 1 93 10 7 12 1 1 1 10 7 12 1 1 1 9 7 12 1 1 1 9 12 1 1 10 7 12 1 1 1 9 12 1 1 9 12 1 1 10 12 1 9 12 1 10 12 1 1 100 1 10 12 1 9 12 1 1 10 12 1 1 10 12 1 1 1 1 1 1 1 1 1 1 1 1 1 1 1 1 1 1 1 1 1 1 1 1 1 1 1 1 1 1 1
staticfield java/lang/invoke/DirectMethodHandle$Accessor $assertionsDisabled Z 1
instanceKlass java/lang/invoke/VarHandleInts$FieldInstanceReadOnly
instanceKlass java/lang/invoke/VarHandleReferences$FieldInstanceReadOnly
ciInstanceKlass java/lang/invoke/VarHandle 1 1 474 10 7 12 1 1 1 10 7 12 1 1 9 12 1 1 9 12 1 1 100 1 10 8 1 10 12 1 1 10 7 12 1 1 1 10 12 1 1 10 100 12 1 1 1 9 100 12 1 1 1 10 12 1 1 10 100 12 1 1 1 10 12 1 1 9 12 1 10 12 1 9 12 1 1 10 100 12 1 1 10 12 1 9 100 12 1 1 1 9 12 1 1 10 12 1 1 100 1 100 1 10 8 1 10 12 1 1 10 12 1 8 1 10 12 1 10 12 1 9 12 1 1 9 12 1 10 12 1 10 12 1 1 10 12 1 10 10 100 12 1 1 1 10 12 1 1 10 12 1 1 10 100 12 1 1 1 10 100 12 1 1 1 10 100 12 1 1 1 9 12 1 1 9 10 12 1 10 12 1 1 10 12 1 1 10 12 1 10 100 12 1 1 1 9 12 1 1 10 12 1 1 9 12 1 10 12 1 10 12 1 10 100 12 1 1 100 1 10 9 7 12 1 1 1 9 12 1 1 10 7 12 1 1 1 10 12 1 10 12 1 10 12 1 10 12 1 10 12 1 10 12 1 1 8 10 12 1 1 7 1 10 12 1 1 100 1 1 1 1 1 1 1 1 1 1 1 1 1 1 1 1 1 1 1 1 1 1 1 1 1 1 1 1 1 1 1 1 1 1 1 1 1 1 1 1 1 1 1 1 1 1 1 1 1 1 1 1 1 1 1 1 1 1 1 1 1 1 1 1 1 1 1 1 100 1 1 1 1 1 1 1 1 100 1 1 1 1 1 1 1 1 1 1 1 1 100 1 100 1 1 100 1 100 1 100 1 100 1 100 1 100 1 100 1 100 1 100 1 100 1 100 1 100 1 100 1 100 1 100 1 100 1 100 1 100 1 100 1 100 1 100 1 100 1 100 1 100 1 100 1 100 1 100 1 100 1 100 1 100 1 100 1 100 1 100 1 100 1 100 1 1 1 1 1 1 100 1 1 1 100 1 1 100 1 100 1 100 1 100 1 100 1 100 1 1 1 1 100 1 100 1 100 1 100 1 100 1 100 1 100 1 100 1
staticfield java/lang/invoke/VarHandle VFORM_OFFSET J 16
staticfield java/lang/invoke/VarHandle $assertionsDisabled Z 1
ciInstanceKlass java/lang/invoke/MemberName 1 1 724 7 1 7 1 100 1 9 12 1 1 10 7 12 1 1 1 9 12 1 1 10 12 1 1 10 12 1 1 10 12 1 1 10 12 1 10 12 1 1 10 7 12 1 1 1 10 12 1 9 7 12 1 1 10 12 1 100 1 100 1 10 12 1 8 1 10 12 1 1 10 12 1 10 12 1 1 10 12 1 9 12 1 1 8 1 10 100 12 1 1 1 7 1 10 10 12 1 1 100 1 100 1 10 12 1 9 12 1 1 100 1 8 1 10 12 1 10 12 1 10 12 1 10 12 1 10 12 1 1 10 12 1 10 12 1 10 12 1 1 8 1 8 1 10 12 1 8 1 9 12 1 1 3 10 12 1 10 12 1 10 12 1 10 10 7 12 1 1 1 10 12 1 10 12 1 10 12 1 10 12 1 7 1 8 10 12 1 1 10 12 1 1 8 1 9 100 1 8 9 100 1 10 12 1 1 10 12 1 10 12 1 8 1 10 12 1 1 10 12 1 10 12 1 10 12 1 10 12 1 1 100 1 10 12 1 1 10 12 1 8 1 10 12 1 10 12 1 8 1 10 12 1 1 10 12 1 1 100 1 10 12 1 1 10 12 8 1 8 1 100 1 10 12 1 10 100 12 1 1 1 100 1 10 12 10 12 1 10 12 1 10 12 1 10 12 1 10 10 12 1 10 12 1 10 12 1 3 10 12 1 3 10 12 1 3 3 3 3 3 3 10 12 1 3 9 12 1 10 12 1 1 3 10 12 1 10 10 7 12 1 1 1 10 12 1 1 10 100 12 1 1 10 10 12 1 10 12 1 1 10 12 1 10 10 12 1 1 10 12 1 10 12 1 10 12 1 100 1 10 10 10 12 100 1 10 10 10 12 1 1 10 12 1 1 10 10 12 1 8 10 7 1 10 12 1 10 100 1 10 12 1 10 12 1 10 12 1 10 10 12 1 10 12 1 1 10 12 1 1 10 12 1 10 12 1 10 12 1 100 1 10 12 1 1 100 1 8 1 10 7 1 10 12 1 10 12 10 12 1 1 10 12 1 10 12 1 8 1 8 1 8 1 8 1 10 12 1 10 12 1 10 7 12 1 1 1 8 1 8 1 10 12 1 8 1 10 10 10 12 1 10 12 1 8 1 8 1 10 10 12 1 8 1 10 100 12 1 1 1 8 1 100 1 10 12 1 10 12 1 1 10 12 1 8 1 8 1 8 1 8 1 100 1 10 8 1 8 1 8 1 8 1 10 12 1 100 1 100 1 100 1 10 100 1 10 100 1 10 100 12 1 1 1 9 7 12 1 1 1 100 1 100 1 1 1 1 1 1 1 3 1 3 1 3 1 3 1 3 1 3 1 1 1 1 1 1 1 1 3 1 3 1 1 1 1 1 1 1 1 1 1 1 1 1 1 1 1 1 1 1 1 1 1 1 1 1 1 1 1 1 1 1 1 1 1 1 1 1 1 1 1 1 1 1 1 1 1 1 1 1 1 1 1 1 1 1 1 1 1 1 1 1 1 1 1 1 1 1 1 1 1 1 1 1 1 1 1 1 1 1 1 1 1 1 1 1 1 1 1 1 1 1 1 1 1 1 1 100 1 1 1 1 1 1 1 1 1 1 1 1 1 1 1
staticfield java/lang/invoke/MemberName $assertionsDisabled Z 1
ciInstanceKlass java/lang/invoke/ResolvedMethodName 1 1 16 10 100 12 1 1 1 100 1 1 1 1 1 1 1 1
ciInstanceKlass java/lang/invoke/MethodHandleNatives 1 1 685 100 1 10 7 12 1 1 1 9 7 12 1 1 1 10 12 1 1 100 1 10 10 12 1 1 10 12 1 10 12 1 8 1 8 1 8 1 8 1 8 1 8 1 8 1 8 1 8 1 8 1 10 12 1 1 7 1 10 7 12 1 1 1 10 100 12 1 1 1 7 1 10 10 12 1 1 8 1 10 12 1 8 1 10 12 1 1 8 1 10 12 1 1 9 100 12 1 1 1 8 1 10 100 12 1 1 1 100 1 10 12 100 1 100 1 8 1 7 1 10 10 12 1 7 1 9 7 12 1 1 10 12 1 1 10 12 1 10 7 12 1 1 1 10 12 1 1 9 12 1 8 1 10 12 1 1 10 12 1 8 1 10 12 1 1 7 1 10 12 1 10 7 12 1 1 1 10 12 1 10 12 1 1 10 12 1 1 8 1 10 12 1 1 8 1 10 12 1 8 1 8 1 8 1 100 1 10 12 1 8 1 10 100 12 1 1 1 10 12 1 1 10 100 12 1 1 10 10 12 1 1 10 12 1 10 100 12 1 1 1 100 1 8 1 10 100 12 1 1 1 7 1 8 1 10 12 1 8 1 8 1 8 1 8 1 8 1 10 12 1 1 10 12 1 1 10 12 1 10 12 1 1 10 12 1 1 7 1 10 12 1 100 1 100 1 10 12 1 10 12 1 8 1 8 1 10 10 12 1 1 10 12 1 1 8 1 10 100 12 1 1 8 1 8 1 10 12 1 1 10 7 12 1 1 1 100 1 10 12 1 1 7 1 9 12 1 1 10 7 12 1 1 1 10 10 12 1 9 12 1 10 12 1 9 12 1 9 12 1 10 12 1 1 10 12 1 10 12 1 1 7 1 7 1 10 12 1 1 10 12 1 10 12 1 1 10 7 12 1 1 1 10 12 1 8 1 10 12 1 10 12 1 10 12 1 1 10 12 1 10 7 12 1 1 1 10 12 1 1 100 1 8 1 10 9 7 12 1 1 1 10 12 1 1 10 12 1 1 100 1 10 12 1 1 10 12 1 1 100 1 100 1 10 10 100 1 100 1 10 100 1 10 10 12 1 1 10 100 1 10 12 1 10 12 1 1 10 12 1 1 10 12 1 1 10 12 1 10 12 1 1 10 8 1 10 12 1 10 12 1 10 12 1 10 12 1 10 12 1 1 10 12 1 10 12 1 10 12 1 10 10 7 12 1 1 10 12 1 1 1 1 1 1 1 1 1 1 1 1 1 100 1 1 1 1 1 1 1 1 1 1 1 1 1 1 1 1 1 1 1 1 1 1 1 1 1 1 1 1 1 1 1 1 1 1 1 1 1 1 1 1 1 1 1 1 1 1 1 1 1 1 1 1 1 1 1 1 1 1 1 1 1 1 1 100 1 1 1 1 1 1 1 1 1 1 1 1 1 1 1 1 1 1 1 1 1 1 1 1 1 1 1 1 1 1 1 1 1 100 1 1 1 1 1 1 1 1 1 1 1 1 1 1 1 1 1 1 1 1 1 1 1 1 1 1 1 1 1 1 1 1 100 1 1
staticfield java/lang/invoke/MethodHandleNatives $assertionsDisabled Z 1
ciInstanceKlass java/lang/invoke/LambdaForm 1 1 1059 7 1 100 1 10 7 12 1 1 1 9 12 1 1 9 12 1 9 12 1 9 12 1 1 9 12 1 1 9 12 1 1 9 12 1 1 9 12 1 1 9 12 1 10 7 12 1 1 9 12 1 10 12 1 1 100 1 10 10 12 1 1 10 12 1 10 12 1 10 12 1 1 10 12 1 9 12 1 9 12 1 10 12 1 1 10 7 12 1 1 1 10 12 1 1 9 100 12 1 1 1 10 12 1 1 9 7 12 1 1 10 12 1 10 12 1 1 10 12 1 1 10 12 1 1 7 1 10 7 12 1 1 1 10 12 1 1 10 12 1 10 12 1 1 9 12 1 1 9 12 1 9 12 1 1 10 12 1 9 12 1 10 100 12 1 1 1 10 12 1 1 100 1 10 12 1 9 12 1 1 10 100 12 1 1 1 10 12 1 10 12 1 7 1 10 12 1 10 12 1 10 12 1 1 10 12 1 1 10 12 1 10 12 1 10 12 1 10 12 1 1 8 1 10 12 1 10 12 1 10 10 12 1 8 1 8 1 9 12 1 9 12 1 1 10 12 1 1 10 12 1 9 12 1 10 12 1 1 10 7 12 1 1 1 10 12 1 1 10 12 1 10 12 1 10 100 12 1 1 1 9 12 1 10 12 1 8 1 8 1 8 1 8 1 8 1 8 1 8 1 8 1 10 12 1 9 12 1 7 1 10 12 1 1 9 12 1 10 12 1 10 12 1 1 10 12 10 12 1 10 12 1 1 10 12 1 1 10 10 12 1 1 10 12 1 1 7 1 8 1 10 12 1 1 10 12 1 10 12 1 1 10 8 1 10 12 1 1 8 1 8 1 8 1 10 12 1 10 12 1 10 12 1 1 100 1 10 12 1 1 10 12 1 1 10 7 12 1 1 1 10 12 1 1 9 12 1 1 8 1 10 100 12 1 1 1 10 7 12 1 1 10 12 10 12 1 1 10 12 1 1 9 12 1 8 10 12 1 1 100 1 10 12 1 1 10 12 1 9 7 12 1 1 9 100 12 1 1 1 8 1 10 100 12 1 1 10 12 1 1 100 1 100 1 10 10 12 1 1 10 12 1 1 8 1 8 1 100 1 8 1 10 12 10 12 1 10 12 1 10 12 1 1 8 1 8 1 10 12 1 10 12 1 1 8 1 8 1 8 1 100 1 8 1 100 1 8 1 100 1 8 1 10 12 1 8 1 9 10 7 12 1 1 1 10 12 1 9 12 1 1 10 12 1 10 10 12 1 10 12 1 10 12 1 10 12 1 1 10 12 1 10 12 1 1 10 12 1 1 10 12 1 1 10 12 1 1 8 1 100 10 12 1 10 12 1 9 12 1 1 10 7 12 1 1 8 1 8 1 100 1 8 1 8 1 8 1 8 1 8 1 8 1 8 1 8 1 10 12 1 1 10 12 1 1 10 12 1 10 12 1 10 12 1 10 12 1 8 1 8 1 8 1 10 12 1 8 1 10 12 1 8 1 8 1 8 1 8 1 8 1 10 12 1 10 12 1 10 12 1 1 10 7 12 1 1 1 10 12 1 10 12 1 10 12 1 10 12 1 10 12 1 10 12 1 10 12 1 9 12 1 1 8 1 10 12 1 1 9 12 1 1 10 12 1 1 9 12 1 9 12 1 1 9 12 1 9 12 1 1 7 1 10 7 12 1 1 1 9 12 1 10 12 1 10 12 1 8 1 10 12 1 9 12 1 1 7 1 10 7 12 1 1 1 8 1 100 1 10 12 1 9 12 1 9 12 1 10 12 1 10 12 1 10 7 12 1 1 1 10 12 1 9 7 12 1 1 10 12 1 1 10 12 1 10 12 1 10 12 1 9 12 10 12 1 10 10 12 1 9 12 1 9 9 12 1 7 9 12 1 1 10 12 1 1 9 12 1 10 12 1 10 7 1 9 1 1 1 1 3 1 3 1 1 3 1 3 1 1 1 1 1 1 1 1 1 1 1 1 1 1 1 1 1 1 1 1 1 1 1 1 1 1 1 1 1 1 1 1 1 1 1 1 1 1 1 1 1 1 1 1 1 1 1 1 1 1 1 100 1 1 1 1 1 1 1 1 1 1 1 1 1 1 1 1 1 1 1 1 1 1 1 1 1 1 1 1 1 1 1 1 1 1 1 1 1 1 1 1 1 1 1 1 1 1 1 1 1 1 1 1 1 1 1 1 1 1 1 1 1 1 100 1 1 1 1 1 1 1 1 1 1 1 1 1 1 1 1 1 1 1 1 1 1 1 1 1 1 1 1 1 1 1 1 1 1 100 1 1 1 1 1 1 1 1 1 1 1 1 1 1 1 1 1 1 1 1 1 1 100 1 1 1 100 1 1 100 1 1 1 1 1 1 1 1 1 1 1
staticfield java/lang/invoke/LambdaForm DEFAULT_CUSTOMIZED Ljava/lang/invoke/MethodHandle; 
staticfield java/lang/invoke/LambdaForm DEFAULT_KIND Ljava/lang/invoke/LambdaForm$Kind; java/lang/invoke/LambdaForm$Kind
staticfield java/lang/invoke/LambdaForm COMPILE_THRESHOLD I 0
staticfield java/lang/invoke/LambdaForm INTERNED_ARGUMENTS [[Ljava/lang/invoke/LambdaForm$Name; 5 [[Ljava/lang/invoke/LambdaForm$Name;
staticfield java/lang/invoke/LambdaForm IMPL_NAMES Ljava/lang/invoke/MemberName$Factory; java/lang/invoke/MemberName$Factory
staticfield java/lang/invoke/LambdaForm LF_identity [Ljava/lang/invoke/LambdaForm; 6 [Ljava/lang/invoke/LambdaForm;
staticfield java/lang/invoke/LambdaForm LF_zero [Ljava/lang/invoke/LambdaForm; 6 [Ljava/lang/invoke/LambdaForm;
staticfield java/lang/invoke/LambdaForm NF_identity [Ljava/lang/invoke/LambdaForm$NamedFunction; 6 [Ljava/lang/invoke/LambdaForm$NamedFunction;
staticfield java/lang/invoke/LambdaForm NF_zero [Ljava/lang/invoke/LambdaForm$NamedFunction; 6 [Ljava/lang/invoke/LambdaForm$NamedFunction;
staticfield java/lang/invoke/LambdaForm createFormsLock Ljava/lang/Object; java/lang/Object
staticfield java/lang/invoke/LambdaForm DEBUG_NAME_COUNTERS Ljava/util/HashMap; 
staticfield java/lang/invoke/LambdaForm DEBUG_NAMES Ljava/util/HashMap; 
staticfield java/lang/invoke/LambdaForm TRACE_INTERPRETER Z 0
staticfield java/lang/invoke/LambdaForm $assertionsDisabled Z 1
ciInstanceKlass java/lang/invoke/TypeDescriptor$OfMethod 1 0 43 100 1 100 1 100 1 1 1 1 1 1 1 1 1 1 1 1 1 1 1 1 1 1 1 1 1 1 1 1 1 1 1 1 1 1 1 1 1 1 100 1 1
ciInstanceKlass java/lang/invoke/MethodType 1 1 780 7 1 10 7 12 1 1 1 9 12 1 1 9 12 1 1 9 12 1 1 10 7 12 1 1 1 9 7 12 1 1 8 1 10 100 12 1 1 1 9 7 1 9 7 1 10 12 1 1 100 1 10 8 1 10 12 1 1 10 12 1 10 12 1 1 100 1 8 1 10 12 1 100 1 10 10 12 1 10 12 1 1 10 12 1 1 11 7 12 1 1 1 9 12 1 11 12 1 1 7 10 12 1 1 10 12 1 1 7 1 7 1 10 7 12 1 1 1 10 12 1 10 12 1 9 12 1 1 10 7 12 1 1 10 12 1 1 10 7 12 1 1 1 10 7 12 1 1 1 10 12 1 9 12 1 1 10 12 1 1 10 12 1 1 10 12 1 1 10 12 1 1 10 12 1 1 10 12 1 10 12 1 10 12 1 1 10 12 1 8 1 8 1 10 12 1 1 9 12 1 1 100 1 10 10 12 1 1 10 12 1 10 12 1 1 10 12 1 1 10 12 1 10 12 1 10 12 1 8 1 10 12 1 1 10 100 12 1 1 1 10 12 1 10 12 1 1 10 12 1 10 12 1 10 12 1 1 10 12 1 10 12 1 9 12 1 10 12 1 10 10 12 1 1 10 12 1 9 12 1 1 10 12 1 1 11 12 1 1 10 12 1 1 10 12 1 10 12 1 100 1 8 1 8 1 8 1 10 12 1 10 12 1 10 12 1 1 10 10 12 1 11 12 1 1 11 12 1 10 100 12 1 1 1 9 12 1 10 12 1 10 12 1 1 10 12 1 1 10 12 1 10 12 1 10 100 12 1 1 1 10 12 1 1 10 12 1 10 12 1 10 12 1 10 9 12 1 1 7 1 10 12 1 10 12 1 1 9 100 12 1 1 1 10 100 12 1 1 1 10 100 12 1 1 1 10 12 1 1 10 100 12 1 1 1 10 12 1 1 8 1 10 7 12 1 1 1 11 12 1 1 9 12 1 1 10 12 1 1 10 12 1 10 12 1 1 10 12 1 1 10 100 12 1 1 100 1 10 12 1 1 11 100 12 1 1 18 12 1 1 11 12 1 1 18 12 1 11 12 1 100 1 11 100 12 1 1 10 12 1 100 1 10 12 1 10 100 12 1 1 10 12 1 1 9 12 1 1 9 100 12 1 1 1 10 100 12 1 1 1 9 12 1 10 100 12 1 1 10 12 1 100 10 12 1 1 10 12 1 7 1 10 10 12 1 1 7 1 7 1 9 12 1 1 100 1 100 1 100 1 1 1 5 0 1 1 1 1 1 1 1 3 1 3 1 3 1 1 1 1 1 1 1 1 1 1 1 1 1 1 1 1 1 1 1 1 1 1 1 1 1 1 1 1 1 1 1 1 1 1 1 1 1 1 1 1 1 1 1 1 1 1 1 1 1 1 1 1 1 1 1 1 1 1 1 1 1 1 1 1 1 1 1 1 1 1 1 1 1 1 1 1 1 1 1 1 1 1 1 1 1 1 1 1 1 1 1 1 1 1 1 1 1 1 1 1 1 1 1 1 1 1 1 1 1 1 1 1 1 1 1 1 1 1 1 1 1 1 1 1 1 1 1 1 1 1 100 1 100 1 1 1 1 1 1 1 1 1 1 1 1 1 100 1 1 1 100 1 1 1 1 1 1 1 1 1 1 1 1 1 1 1 1 1 1 1 1 1 1 16 15 10 12 16 16 15 10 12 16 15 10 100 12 1 1 1 1 1 100 1 1 100 1 1 100 1 100 1 1
staticfield java/lang/invoke/MethodType internTable Ljdk/internal/util/ReferencedKeySet; jdk/internal/util/ReferencedKeySet
staticfield java/lang/invoke/MethodType NO_PTYPES [Ljava/lang/Class; 0 [Ljava/lang/Class;
staticfield java/lang/invoke/MethodType objectOnlyTypes [Ljava/lang/invoke/MethodType; 20 [Ljava/lang/invoke/MethodType;
staticfield java/lang/invoke/MethodType METHOD_HANDLE_ARRAY [Ljava/lang/Class; 1 [Ljava/lang/Class;
staticfield java/lang/invoke/MethodType serialPersistentFields [Ljava/io/ObjectStreamField; 0 [Ljava/io/ObjectStreamField;
staticfield java/lang/invoke/MethodType $assertionsDisabled Z 1
ciInstanceKlass java/lang/BootstrapMethodError 0 0 45 10 100 12 1 1 1 10 12 1 10 12 1 10 100 12 1 1 1 10 100 12 1 1 1 1 1 1 5 0 1 1 1 1 1 1 1 1 1 1 1 100 1 1 1
instanceKlass java/lang/invoke/VolatileCallSite
instanceKlass java/lang/invoke/MutableCallSite
instanceKlass java/lang/invoke/ConstantCallSite
ciInstanceKlass java/lang/invoke/CallSite 1 1 296 10 7 12 1 1 1 10 7 12 1 1 1 9 12 1 1 10 7 12 1 1 1 10 12 1 100 1 10 12 1 1 10 12 1 1 9 100 12 1 1 1 10 100 12 1 1 10 12 1 1 100 1 100 1 10 10 100 12 1 1 1 10 12 1 1 8 1 10 12 1 10 12 1 1 10 12 1 10 12 1 1 10 12 1 1 10 10 100 12 1 1 10 12 1 1 9 12 1 9 100 12 1 1 1 8 1 10 7 12 1 1 1 10 12 1 1 100 1 10 12 1 1 9 12 1 8 1 100 1 10 12 1 10 12 1 100 1 8 1 10 10 12 1 10 12 1 1 100 1 10 12 1 1 10 12 1 10 12 1 10 12 1 1 10 12 1 1 9 12 1 1 8 10 12 1 1 9 12 1 1 100 1 10 10 12 1 10 100 12 1 1 1 10 12 1 1 10 12 1 1 10 12 1 10 7 12 1 1 1 100 1 8 1 10 10 12 10 12 1 1 100 1 100 1 100 1 8 1 10 12 1 10 7 12 1 1 1 1 1 1 1 1 1 1 1 1 1 1 1 1 1 1 1 1 1 1 1 1 1 1 1 1 1 1 1 1 1 1 1 1 1 1 1 1 1 1 1 1 1 1 1 1 1 1 1 1 1 1 1 100 1 100 1 1 1
staticfield java/lang/invoke/CallSite $assertionsDisabled Z 1
ciInstanceKlass jdk/internal/foreign/abi/NativeEntryPoint 0 0 194 10 100 12 1 1 1 9 100 12 1 1 1 9 12 1 1 100 1 8 1 10 12 1 10 12 1 1 100 1 10 100 12 1 1 1 10 12 1 9 12 1 1 18 12 1 1 10 100 12 1 1 1 10 100 12 1 1 1 9 100 12 1 1 1 100 1 10 8 1 10 12 1 1 10 12 1 10 12 1 1 8 1 10 12 1 1 100 1 8 1 10 12 1 10 12 1 1 10 12 1 9 12 1 1 18 12 1 1 10 100 12 1 1 1 10 12 1 1 10 12 1 10 100 12 1 1 1 10 1 1 1 1 1 1 1 1 1 1 1 1 1 1 1 1 1 1 1 1 1 1 1 1 1 1 1 1 1 1 1 1 1 1 1 1 1 16 1 15 10 12 16 1 16 15 10 12 15 10 100 12 1 1 1 1 1 100 1 1 100 1 100 1 1
ciInstanceKlass jdk/internal/foreign/abi/ABIDescriptor 0 0 55 10 100 12 1 1 1 9 100 12 1 1 1 9 12 1 1 9 12 1 9 12 1 9 12 1 1 9 12 1 9 12 1 1 9 12 1 9 12 1 9 12 1 9 12 1 1 1 1 1 1 1 1 1 1
ciInstanceKlass jdk/internal/foreign/abi/VMStorage 0 0 91 10 100 12 1 1 1 9 100 12 1 1 1 9 12 1 1 9 12 1 1 9 12 1 1 100 1 10 8 1 10 12 1 1 10 12 1 10 12 1 1 10 12 1 18 12 1 18 12 1 1 18 12 1 1 1 1 1 1 1 1 1 1 1 1 1 1 1 1 1 1 1 8 1 15 15 15 15 15 10 100 12 1 1 1 1 100 1 100 1 1
ciInstanceKlass jdk/internal/foreign/abi/UpcallLinker$CallRegs 0 0 66 10 100 12 1 1 1 9 100 12 1 1 1 9 12 1 18 12 1 1 18 12 1 1 18 12 1 1 1 1 1 1 1 1 1 1 1 1 1 1 1 1 1 1 100 1 1 1 8 1 15 15 15 10 100 12 1 1 1 1 1 100 1 100 1 1
ciInstanceKlass java/lang/invoke/ConstantCallSite 1 1 65 10 7 12 1 1 1 9 7 12 1 1 1 9 12 1 1 10 7 12 1 1 1 10 12 1 100 1 10 12 9 12 1 1 100 1 10 10 12 1 1 10 12 1 1 1 1 1 1 1 1 1 1 1 1 1 100 1 1 1 1 1 1 1 1
staticfield java/lang/invoke/ConstantCallSite UNSAFE Ljdk/internal/misc/Unsafe; jdk/internal/misc/Unsafe
ciInstanceKlass java/lang/invoke/MutableCallSite 0 0 63 10 100 12 1 1 1 10 12 1 9 100 12 1 1 1 10 12 1 10 12 1 1 9 12 1 1 10 100 12 1 1 1 10 100 12 1 1 1 10 12 1 1 1 1 1 1 1 1 1 1 1 1 1 1 1 1 1 1 100 1 1 1
ciInstanceKlass java/lang/invoke/VolatileCallSite 0 0 37 10 100 12 1 1 1 10 12 1 10 100 12 1 1 1 10 12 1 10 12 1 1 1 1 1 1 1 1 1 1 1 1 1 1 1 1
ciInstanceKlass java/lang/AssertionStatusDirectives 0 0 24 10 100 12 1 1 1 100 1 1 1 1 1 1 1 1 1 1 1 1 1 1 1 1
ciInstanceKlass java/lang/Appendable 1 0 14 100 1 100 1 1 1 1 100 1 1 1 1 1
instanceKlass java/lang/StringBuilder
instanceKlass java/lang/StringBuffer
ciInstanceKlass java/lang/AbstractStringBuilder 1 1 607 7 1 10 7 12 1 1 1 9 7 12 1 1 1 9 12 1 9 12 1 1 9 12 1 1 10 100 12 1 1 1 10 12 1 1 7 1 3 3 10 12 1 10 12 1 1 11 7 1 100 1 100 1 10 8 1 10 12 1 10 12 1 10 12 1 1 10 12 1 10 12 1 9 12 1 10 12 1 9 12 1 1 10 12 1 1 10 7 12 1 1 1 10 10 12 1 10 12 1 10 12 1 1 10 12 1 1 10 7 12 1 1 1 10 7 12 1 1 1 100 1 8 1 10 10 12 1 1 100 1 10 12 10 12 1 1 10 10 12 1 1 10 12 1 1 10 12 1 1 10 12 1 1 10 10 7 12 1 1 1 10 12 1 100 1 10 10 100 12 1 1 1 9 12 1 1 9 12 1 10 12 1 1 10 10 12 1 1 10 12 10 12 1 10 12 1 1 10 12 1 1 10 12 1 1 10 12 1 10 12 1 1 10 12 1 1 10 12 1 10 12 1 1 8 1 10 12 1 1 10 12 1 10 12 1 10 12 1 10 12 1 10 12 1 10 12 1 10 100 12 1 1 10 12 1 10 12 1 10 100 12 1 1 1 100 1 100 1 10 12 1 10 100 12 1 1 10 12 1 10 12 1 1 10 12 1 10 12 1 1 10 12 1 10 12 1 1 10 12 1 1 10 10 7 12 1 1 1 10 12 1 10 12 1 10 12 1 1 10 12 1 10 12 1 10 12 1 10 12 1 10 12 1 10 12 1 10 12 1 10 12 1 1 10 12 1 10 12 1 10 12 10 12 1 1 18 12 1 1 100 1 10 100 12 1 1 1 18 10 12 1 1 10 12 1 1 10 12 1 10 12 1 1 11 12 1 1 10 12 1 10 12 1 10 12 10 10 10 12 1 10 5 0 10 10 12 1 1 100 1 8 1 10 10 12 1 1 10 100 12 1 1 1 10 12 1 10 12 1 1 100 1 10 12 100 1 10 100 1 10 100 1 1 1 1 1 1 1 1 1 1 1 100 1 1 1 1 1 1 1 1 1 1 1 1 1 1 1 1 1 1 1 1 1 1 1 1 1 1 1 1 1 1 1 1 1 1 1 1 1 1 1 1 1 1 1 1 1 1 1 1 1 1 1 1 1 1 1 1 1 1 1 1 1 1 1 1 1 1 1 1 1 1 1 1 1 1 1 1 1 1 1 1 1 1 1 1 1 1 1 1 1 1 1 1 1 1 1 1 1 1 1 1 100 1 1 1 1 1 1 1 1 1 1 1 1 1 1 1 1 1 100 1 1 1 1 1 1 100 1 1 16 1 15 10 12 16 15 10 12 15 10 100 12 1 1 1 1 1 1 1 100 1 100 1 1
staticfield java/lang/AbstractStringBuilder EMPTYVALUE [B 0
ciInstanceKlass java/lang/StringBuffer 0 0 483 10 100 12 1 1 1 10 12 1 10 12 1 10 12 1 1 9 100 12 1 1 1 10 12 1 1 10 12 1 10 12 1 1 9 12 1 1 10 12 1 10 12 1 1 10 12 1 1 10 12 1 10 12 1 1 10 12 1 10 12 1 1 10 12 1 1 10 100 12 1 1 1 10 12 1 1 10 12 1 10 12 1 10 12 1 10 12 1 10 12 1 10 12 1 10 12 1 10 12 1 10 12 1 10 12 1 10 12 1 10 12 1 10 12 1 10 12 1 1 10 12 1 10 12 1 1 10 12 1 1 10 10 12 1 1 10 12 1 10 12 1 10 12 1 10 12 1 10 12 1 10 12 1 10 12 10 12 1 10 12 1 10 12 1 10 12 1 1 10 12 1 10 12 1 10 10 12 1 1 10 12 1 10 12 1 10 12 1 10 10 100 12 1 1 1 10 10 12 1 1 9 12 1 1 10 100 12 1 1 10 100 1 8 10 100 12 1 1 1 8 10 12 1 8 1 10 12 1 10 12 1 10 100 12 1 1 1 10 100 12 1 1 1 100 1 10 12 100 1 8 1 10 10 12 1 1 10 12 1 1 10 12 1 10 12 1 10 12 1 1 10 12 1 10 12 1 10 12 1 10 12 1 10 12 1 10 12 10 12 1 10 12 1 10 12 1 10 12 1 10 12 1 10 12 1 10 12 1 10 12 1 10 12 1 10 12 1 10 12 10 12 10 12 1 10 12 1 10 12 1 10 12 10 12 1 10 12 1 10 12 1 10 12 1 10 12 1 10 12 1 10 12 1 10 12 1 10 12 1 10 12 1 10 12 1 100 1 10 12 1 9 100 12 1 1 1 9 100 1 9 12 1 1 100 1 100 1 100 1 100 1 1 1 1 5 0 1 1 1 1 1 1 1 1 1 1 1 1 1 1 1 1 1 1 1 1 1 1 1 1 1 1 1 1 1 1 1 1 1 1 1 1 1 1 1 1 1 1 1 1 1 1 1 1 1 1 1 1 1 1 1 1 1 1 1 1 1 100 1 1 1 1 1 100 1 1 1 1 1 1 1 1 1 1 1 1 1 1 1 1 1 1
ciInstanceKlass java/lang/StringBuilder 1 1 422 10 7 12 1 1 1 10 12 1 10 12 1 10 12 1 1 10 7 12 1 1 1 10 7 12 1 1 1 10 12 1 10 12 1 10 12 1 10 12 1 10 12 1 10 12 1 10 12 1 10 12 1 10 12 1 10 12 1 10 12 1 10 12 1 10 12 1 10 12 1 1 10 12 1 10 12 1 1 10 12 1 1 10 12 1 10 12 1 10 12 1 10 12 1 10 12 1 10 12 1 10 12 1 10 12 10 12 1 10 12 1 10 12 1 10 12 1 1 10 12 1 10 12 1 10 12 10 12 1 1 10 12 1 10 12 1 10 12 1 10 100 12 1 1 1 9 12 1 1 10 12 1 10 12 1 1 10 12 1 1 9 12 1 1 10 100 12 1 1 1 10 100 1 10 12 1 1 10 100 12 1 1 10 12 1 10 12 1 1 100 1 100 1 8 1 10 10 12 1 1 10 12 1 10 12 1 10 12 1 1 10 12 1 10 12 1 10 12 1 10 12 1 10 12 1 10 12 10 12 1 10 12 1 10 12 1 10 12 1 10 12 1 10 12 1 10 12 1 10 12 1 10 12 1 1 10 12 1 1 10 12 1 10 12 1 10 12 1 10 12 10 12 10 12 1 10 12 1 10 12 1 10 12 10 12 1 10 12 1 10 12 1 10 12 1 10 12 1 10 12 1 10 12 1 10 12 1 10 12 1 1 10 12 1 10 12 1 1 10 12 1 10 12 1 1 10 12 1 10 12 1 1 10 12 1 10 12 1 10 12 1 10 10 12 1 10 12 1 100 1 100 1 100 1 100 1 1 1 1 5 0 1 1 1 1 1 1 1 1 1 1 1 1 1 1 1 1 1 1 1 1 1 1 1 1 1 1 1 1 1 1 1 1 1 1 1 1 1 1 1 1 1 1 1 1 100 1 1 1 100 1 1 1 1 1 1 1 1 1 1 1
ciInstanceKlass jdk/internal/misc/UnsafeConstants 1 1 34 10 100 12 1 1 1 9 7 12 1 1 1 9 12 1 9 12 1 1 9 12 1 9 12 1 1 1 1 1 1 1 1 1
staticfield jdk/internal/misc/UnsafeConstants ADDRESS_SIZE0 I 8
staticfield jdk/internal/misc/UnsafeConstants PAGE_SIZE I 4096
staticfield jdk/internal/misc/UnsafeConstants BIG_ENDIAN Z 0
staticfield jdk/internal/misc/UnsafeConstants UNALIGNED_ACCESS Z 1
staticfield jdk/internal/misc/UnsafeConstants DATA_CACHE_LINE_FLUSH_SIZE I 0
ciInstanceKlass jdk/internal/misc/Unsafe 1 1 1287 10 7 12 1 1 1 9 7 12 1 1 1 9 12 1 1 10 12 1 1 10 100 12 1 1 1 10 12 1 1 10 12 1 1 10 12 1 1 10 12 1 1 10 12 1 1 10 12 1 1 10 12 1 1 10 12 1 1 10 12 1 1 10 12 1 1 10 12 1 1 10 12 1 1 10 12 1 1 10 12 1 10 12 1 100 1 10 10 12 1 1 10 12 1 1 5 0 10 12 1 1 10 12 1 1 10 7 12 1 1 1 10 12 1 1 10 12 1 10 12 1 10 12 1 1 10 12 1 1 10 12 1 10 12 1 100 1 100 1 10 8 1 10 12 1 1 10 12 1 8 1 10 12 1 1 10 12 1 10 12 1 10 12 1 1 10 12 1 10 12 1 1 10 12 1 1 10 12 1 10 12 1 10 12 1 10 12 1 1 10 12 1 10 12 1 10 12 1 1 10 12 1 5 0 5 0 5 0 10 12 1 10 12 1 10 12 1 10 12 1 10 12 1 10 12 1 10 12 1 10 12 1 10 12 1 1 10 12 1 10 12 1 100 1 8 1 10 100 1 10 10 12 1 1 10 12 1 1 10 12 1 10 12 1 1 10 12 1 1 10 12 1 10 12 1 1 10 12 1 9 7 12 1 1 9 12 1 100 1 10 10 12 1 1 8 1 10 8 1 8 1 10 12 1 1 9 7 12 1 1 1 9 100 1 9 100 1 9 100 1 9 9 100 1 9 100 1 9 100 1 10 12 1 1 10 12 1 1 10 12 1 1 10 12 1 1 5 0 5 0 9 12 1 1 10 12 1 10 12 1 10 12 1 1 10 12 1 1 10 12 1 8 1 3 10 12 1 1 10 12 1 1 10 12 1 10 12 1 1 10 12 1 1 10 12 1 10 12 1 10 12 1 10 12 1 10 12 1 10 12 1 1 10 12 1 1 10 12 1 10 12 1 10 12 1 10 12 1 10 12 1 10 12 1 1 10 12 1 1 10 12 1 10 12 1 10 12 1 10 12 1 10 12 1 10 12 1 1 10 12 1 1 10 12 1 1 10 12 1 1 10 12 1 10 12 1 10 12 1 10 12 1 10 12 1 10 12 1 10 12 1 1 10 12 1 1 10 12 1 10 12 1 10 12 1 10 12 1 10 12 1 10 12 1 10 12 1 1 10 12 1 1 10 12 1 10 12 1 10 12 1 10 12 1 10 12 1 10 12 1 10 12 1 10 12 1 1 10 12 1 10 12 1 10 12 1 10 12 1 10 12 1 1 10 12 1 10 12 1 10 12 1 10 12 1 10 12 1 10 12 1 10 12 1 10 12 1 1 10 12 1 10 12 1 10 12 1 10 12 1 10 12 1 10 12 1 1 10 12 1 10 12 1 10 12 1 1 10 12 1 10 12 1 10 12 1 10 12 1 10 12 1 10 12 1 10 12 1 10 12 1 10 12 1 10 12 1 10 12 1 10 12 1 10 12 1 10 12 1 10 12 1 10 12 1 10 12 1 10 12 1 10 12 1 10 12 1 10 12 1 10 12 1 10 12 1 100 1 10 100 1 10 9 12 1 5 0 10 12 1 1 5 0 10 12 1 5 0 10 12 1 10 12 1 10 12 1 1 10 12 1 1 10 12 1 10 12 1 10 12 1 10 12 1 1 10 12 1 10 12 1 10 12 1 10 12 1 10 12 1 1 10 12 1 10 12 1 10 12 1 10 12 1 1 10 12 1 10 12 1 10 12 1 1 10 12 1 10 12 1 10 12 1 10 12 1 1 10 12 1 10 10 12 1 1 10 12 1 10 12 1 1 10 12 1 10 12 5 0 5 0 5 0 10 12 1 1 10 12 1 10 12 1 10 12 10 100 12 1 1 8 1 100 1 11 12 1 1 8 1 11 12 1 1 10 100 12 1 1 10 12 1 10 12 1 10 12 1 10 12 1 10 12 1 1 10 12 1 10 12 1 10 12 1 10 12 1 10 12 1 10 12 1 10 7 1 10 12 1 9 12 1 7 1 9 12 1 7 1 9 12 1 7 1 9 12 1 7 1 9 12 1 7 1 9 12 1 7 1 9 12 1 7 1 9 12 1 7 1 9 12 1 10 12 1 9 12 1 9 12 1 9 12 1 9 12 1 9 12 1 9 12 1 9 12 1 9 12 1 9 12 1 9 12 1 1 1 3 1 1 1 1 1 1 1 1 1 1 1 1 1 1 1 1 1 1 1 1 1 1 1 1 1 1 1 1 1 1 1 1 1 1 1 1 1 1 1 1 1 1 1 1 1 1 1 1 1 1 1 1 1 1 1 1 1 1 1 1 1 1 1 1 1 1 1 1 1 1 1 1 1 1 1 1 1 1 1 1 1 1 1 1 1 1 1 1 1 100 1 1 1 1 1 1 1 1 1 1 1 1 1 1 1 1 1 1 1 1 1 1 1 1 1 1 1 1 1 1 1 1 1 1 1 1 1 1 1 1 1 1 1 1 1 1 1 1 1 1 1 1 1 1 1 1 1 1 1 1 1 1 1 1 1 1 1 1 1 1 1 1 1 1 1 1 1 1 1 1 1 1 1 1 1 1 1 1 1 1 1 1 1 1 1 1 1 1 1 1 1 1 1 1 1 1 1 1 1 1 1 1 1 1 1 1 1 1 1 1 1 1 1 1 1 1 1 1 1 1 1 1 1 1 1 1 1 1 1 1 1 1 1 1 1 1 1 1 1 1 1 1 1 1 1 1 1 1 1 1 1 1 1 1 1 1 1 1 1 1 1 1 1 1 1 1 1 1 1 1 1 1 1 1 1 1 1 1 1 1 1 1 1 1 1 1 1 1 1 1 1 1 1 1 1 1 3 1 1 1 1 1 1 1 1 1 1 1 1 1 1 1 1 1 1 1 1 1
staticfield jdk/internal/misc/Unsafe theUnsafe Ljdk/internal/misc/Unsafe; jdk/internal/misc/Unsafe
staticfield jdk/internal/misc/Unsafe ARRAY_BOOLEAN_BASE_OFFSET I 16
staticfield jdk/internal/misc/Unsafe ARRAY_BYTE_BASE_OFFSET I 16
staticfield jdk/internal/misc/Unsafe ARRAY_SHORT_BASE_OFFSET I 16
staticfield jdk/internal/misc/Unsafe ARRAY_CHAR_BASE_OFFSET I 16
staticfield jdk/internal/misc/Unsafe ARRAY_INT_BASE_OFFSET I 16
staticfield jdk/internal/misc/Unsafe ARRAY_LONG_BASE_OFFSET I 16
staticfield jdk/internal/misc/Unsafe ARRAY_FLOAT_BASE_OFFSET I 16
staticfield jdk/internal/misc/Unsafe ARRAY_DOUBLE_BASE_OFFSET I 16
staticfield jdk/internal/misc/Unsafe ARRAY_OBJECT_BASE_OFFSET I 16
staticfield jdk/internal/misc/Unsafe ARRAY_BOOLEAN_INDEX_SCALE I 1
staticfield jdk/internal/misc/Unsafe ARRAY_BYTE_INDEX_SCALE I 1
staticfield jdk/internal/misc/Unsafe ARRAY_SHORT_INDEX_SCALE I 2
staticfield jdk/internal/misc/Unsafe ARRAY_CHAR_INDEX_SCALE I 2
staticfield jdk/internal/misc/Unsafe ARRAY_INT_INDEX_SCALE I 4
staticfield jdk/internal/misc/Unsafe ARRAY_LONG_INDEX_SCALE I 8
staticfield jdk/internal/misc/Unsafe ARRAY_FLOAT_INDEX_SCALE I 4
staticfield jdk/internal/misc/Unsafe ARRAY_DOUBLE_INDEX_SCALE I 8
staticfield jdk/internal/misc/Unsafe ARRAY_OBJECT_INDEX_SCALE I 4
staticfield jdk/internal/misc/Unsafe ADDRESS_SIZE I 8
ciInstanceKlass jdk/internal/module/Modules 1 1 504 10 100 12 1 1 1 9 7 12 1 1 1 11 7 12 1 1 1 11 12 1 1 11 12 1 1 11 12 1 1 11 12 1 11 12 1 11 12 1 11 12 1 11 12 1 1 10 100 12 1 1 1 10 100 12 1 1 1 18 12 1 1 10 100 12 1 1 1 100 1 10 100 12 1 1 1 10 100 12 1 1 1 10 100 12 1 1 10 12 1 1 11 12 1 9 12 1 1 11 100 12 1 1 1 10 12 1 1 10 10 12 1 10 9 12 1 1 10 100 12 1 1 10 12 1 1 10 100 12 1 1 100 1 11 100 12 1 1 1 10 100 12 1 1 1 11 100 12 1 1 10 12 1 1 10 100 12 1 1 10 100 12 1 1 1 10 12 1 1 10 12 1 1 11 12 1 1 18 12 1 1 11 100 12 1 1 10 100 12 1 1 1 11 100 12 1 1 1 100 1 11 12 1 1 11 100 12 1 1 1 11 12 1 1 10 12 1 1 10 100 12 1 1 18 12 1 1 11 12 1 1 18 12 1 1 11 12 1 1 10 12 1 18 18 10 12 1 1 9 12 1 1 11 100 12 1 1 1 100 1 10 11 12 1 11 12 1 1 11 12 1 1 10 100 1 10 12 1 1 10 100 12 1 1 10 12 1 1 11 12 10 12 1 1 100 1 10 18 12 1 10 12 1 1 100 1 8 1 10 12 1 10 100 12 1 1 18 12 1 11 11 12 10 12 1 10 10 100 1 18 12 1 10 10 10 7 12 1 1 10 7 12 1 1 1 10 12 1 1 1 1 1 1 1 1 1 1 1 1 1 1 1 1 1 1 1 1 1 1 1 1 1 1 1 1 1 1 1 1 1 100 1 1 1 1 1 1 1 1 1 1 1 1 1 1 1 1 1 1 1 1 1 1 1 1 1 1 1 1 1 1 1 1 1 1 1 100 1 1 1 1 1 1 1 1 1 1 1 1 1 1 1 1 1 1 1 1 1 1 1 16 15 10 12 1 16 16 15 10 12 1 16 1 16 1 15 10 12 1 16 1 16 1 15 10 12 16 1 15 10 16 1 15 10 12 16 1 15 10 12 16 15 10 12 16 15 10 12 15 10 100 12 1 1 1 1 1 1 100 1 100 1 1
staticfield jdk/internal/module/Modules JLA Ljdk/internal/access/JavaLangAccess; java/lang/System$2
staticfield jdk/internal/module/Modules JLMA Ljdk/internal/access/JavaLangModuleAccess; java/lang/module/ModuleDescriptor$1
staticfield jdk/internal/module/Modules $assertionsDisabled Z 1
ciInstanceKlass java/lang/AutoCloseable 1 0 12 100 1 100 1 1 1 1 100 1 1 1
ciInstanceKlass java/io/Closeable 1 0 14 100 1 100 1 100 1 1 1 1 100 1 1 1
instanceKlass kotlin/metadata/internal/protobuf/RopeByteString$RopeInputStream
instanceKlass org/jetbrains/kotlin/protobuf/RopeByteString$RopeInputStream
instanceKlass sun/nio/ch/ChannelInputStream
instanceKlass java/util/zip/ZipFile$ZipFileInputStream
instanceKlass java/io/FilterInputStream
instanceKlass java/io/FileInputStream
instanceKlass java/io/ByteArrayInputStream
ciInstanceKlass java/io/InputStream 1 1 195 100 1 10 7 12 1 1 1 100 1 10 10 7 12 1 1 1 10 7 12 1 1 1 10 12 1 100 1 3 10 12 1 1 100 1 8 1 10 12 1 10 100 12 1 1 1 3 100 1 8 1 10 10 100 12 1 1 1 100 1 10 11 100 12 1 1 1 10 12 1 1 11 12 1 1 11 100 12 1 1 1 11 12 1 1 100 1 10 100 12 1 1 1 5 0 10 12 1 10 12 1 1 100 1 10 8 1 10 8 1 8 1 10 12 1 1 10 100 12 1 1 1 100 1 5 0 10 12 1 100 1 100 1 1 1 1 3 1 3 1 1 1 1 1 1 1 1 1 1 1 1 1 1 1 1 1 1 1 1 1 1 1 1 1 1 1 1 1 1 1 1 1 1 1 1 1 1 1 1 1 1 1 1 1 1 1 1 1 1 1 1 1 1 1
ciInstanceKlass java/io/ByteArrayInputStream 1 1 117 10 7 12 1 1 1 9 7 12 1 1 1 9 12 1 1 9 12 1 9 12 1 10 100 12 1 1 1 10 7 12 1 1 1 10 7 12 1 1 1 10 100 12 1 1 1 10 12 1 1 3 10 100 1 10 100 12 1 1 1 9 12 1 1 100 1 10 10 7 12 1 1 1 1 1 1 1 1 1 1 1 1 1 1 1 1 1 1 1 1 1 1 1 1 1 1 1 1 1 1 1 100 1 1 1 1 1 1 1 1 1 1 1 1 1 1
staticfield java/io/ByteArrayInputStream $assertionsDisabled Z 1
ciInstanceKlass java/net/URL 1 1 771 10 7 12 1 1 1 10 12 1 10 7 12 1 1 9 12 1 1 9 12 1 10 7 12 1 1 1 10 12 1 1 10 12 1 1 9 12 1 1 10 7 12 1 1 1 8 1 10 12 1 1 100 1 10 10 12 1 1 8 1 10 12 1 1 9 12 1 100 1 8 1 10 12 1 10 12 1 8 1 9 12 1 10 12 1 1 9 12 1 10 12 1 10 12 1 9 12 1 9 12 1 8 1 9 12 1 10 12 1 1 8 1 9 12 1 1 10 12 1 1 10 7 12 1 1 1 8 1 10 12 1 7 1 10 12 1 10 12 1 10 12 1 10 12 1 1 10 12 1 1 8 1 10 12 1 1 10 12 1 8 1 9 12 1 8 1 10 12 1 10 7 12 1 1 1 100 1 10 12 1 10 12 1 1 10 100 12 1 1 1 100 1 8 1 10 10 12 1 8 1 10 12 1 1 10 12 1 10 12 1 10 12 1 10 12 1 10 12 1 10 12 1 8 1 10 12 1 8 1 10 10 100 1 10 10 12 1 8 1 10 7 12 1 1 1 10 12 1 9 100 12 1 1 1 10 100 12 1 1 1 9 12 1 1 10 12 1 10 100 12 1 1 1 100 1 100 1 10 12 1 10 12 1 10 12 1 10 12 1 10 12 1 10 12 10 10 12 1 10 12 1 10 12 1 1 8 1 9 100 12 1 1 1 10 100 12 1 1 1 10 12 1 1 9 100 12 1 1 1 10 12 1 1 100 1 10 12 1 10 12 1 10 10 12 1 1 10 12 1 1 10 12 1 10 12 1 10 12 1 10 100 12 1 1 1 10 12 1 1 10 12 1 9 12 1 1 9 12 1 1 100 1 8 1 10 10 12 1 9 12 1 1 10 7 12 1 1 8 1 10 100 12 1 1 8 1 10 12 1 1 10 12 1 8 1 8 1 10 7 12 1 1 1 100 1 10 100 12 1 1 1 10 12 1 10 12 1 100 1 10 9 100 12 1 1 1 10 100 12 1 1 10 12 1 1 10 12 1 8 1 100 1 10 10 100 12 1 1 1 10 12 1 8 9 100 12 1 1 1 10 12 1 1 10 12 1 10 12 1 1 10 100 12 1 1 11 7 12 1 1 10 12 1 10 12 1 9 12 1 10 12 1 1 10 100 12 1 1 10 100 12 1 1 1 8 10 100 12 1 1 100 1 10 8 8 10 12 1 8 8 8 100 1 10 12 1 9 12 1 1 10 12 1 10 12 1 1 10 12 1 10 12 10 12 1 1 10 12 1 1 10 10 10 12 1 10 12 1 10 12 1 10 12 1 10 12 1 10 10 12 1 100 1 8 1 10 10 10 12 1 1 10 12 1 10 12 1 1 8 1 7 1 10 10 7 1 10 12 1 9 7 12 1 1 1 9 12 1 1 7 1 10 10 7 12 1 1 1 100 1 1 1 1 1 5 0 1 1 1 1 1 1 1 1 1 1 1 1 1 1 1 1 1 1 1 1 1 1 1 1 1 1 1 1 1 1 1 1 1 1 1 1 1 1 1 1 1 1 1 1 1 1 1 1 100 1 1 1 1 1 1 1 1 1 1 1 1 1 1 1 1 1 1 1 1 1 1 1 1 1 1 1 1 1 1 1 1 1 1 1 1 1 100 1 1 1 1 1 1 1 1 1 1 1 1 1 1 1 1 1 100 1 1 1 1 1 1 1 1 1 1 1 1 1 1 1 1 1 1 1
staticfield java/net/URL defaultFactory Ljava/net/URLStreamHandlerFactory; java/net/URL$DefaultFactory
staticfield java/net/URL streamHandlerLock Ljava/lang/Object; java/lang/Object
staticfield java/net/URL serialPersistentFields [Ljava/io/ObjectStreamField; 7 [Ljava/io/ObjectStreamField;
instanceKlass org/jetbrains/kotlin/commonizer/cir/CirFunctionOrProperty$Kind
instanceKlass kotlin/metadata/MemberKind
instanceKlass kotlin/metadata/ReturnValueStatus
instanceKlass kotlin/metadata/ClassKind
instanceKlass kotlin/metadata/Visibility
instanceKlass kotlin/metadata/Modality
instanceKlass kotlin/metadata/KmVariance
instanceKlass kotlin/metadata/internal/metadata/ProtoBuf$Expression$ConstantValue
instanceKlass kotlin/metadata/internal/metadata/ProtoBuf$Effect$InvocationKind
instanceKlass kotlin/metadata/internal/metadata/ProtoBuf$Effect$EffectType
instanceKlass kotlin/DeprecationLevel
instanceKlass kotlin/metadata/internal/metadata/ProtoBuf$VersionRequirement$VersionKind
instanceKlass kotlin/metadata/internal/metadata/ProtoBuf$MemberKind
instanceKlass kotlin/metadata/internal/metadata/ProtoBuf$ReturnValueStatus
instanceKlass kotlin/metadata/internal/metadata/ProtoBuf$Class$Kind
instanceKlass kotlin/metadata/internal/metadata/ProtoBuf$Modality
instanceKlass kotlin/metadata/internal/metadata/ProtoBuf$Visibility
instanceKlass kotlin/metadata/internal/metadata/ProtoBuf$Type$Argument$Projection
instanceKlass kotlin/metadata/internal/metadata/ProtoBuf$QualifiedNameTable$QualifiedName$Kind
instanceKlass java/io/JbExtendedOpenOptions
instanceKlass java/util/stream/StreamOpFlag$Type
instanceKlass java/util/stream/StreamOpFlag
instanceKlass kotlin/metadata/internal/metadata/ProtoBuf$TypeParameter$Variance
instanceKlass kotlin/metadata/internal/metadata/ProtoBuf$Annotation$Argument$Value$Type
instanceKlass kotlin/metadata/internal/protobuf/WireFormat$JavaType
instanceKlass kotlin/metadata/internal/protobuf/WireFormat$FieldType
instanceKlass org/jetbrains/kotlin/metadata/ProtoBuf$VersionRequirement$VersionKind
instanceKlass org/jetbrains/kotlin/metadata/ProtoBuf$VersionRequirement$Level
instanceKlass org/jetbrains/kotlin/resolve/ReturnValueStatus
instanceKlass org/jetbrains/kotlin/descriptors/Modality
instanceKlass org/jetbrains/kotlin/metadata/ProtoBuf$MemberKind
instanceKlass org/jetbrains/kotlin/metadata/ProtoBuf$ReturnValueStatus
instanceKlass org/jetbrains/kotlin/metadata/ProtoBuf$Class$Kind
instanceKlass org/jetbrains/kotlin/metadata/ProtoBuf$Modality
instanceKlass org/jetbrains/kotlin/metadata/ProtoBuf$Visibility
instanceKlass org/jetbrains/kotlin/types/Variance
instanceKlass org/jetbrains/kotlin/metadata/ProtoBuf$Effect$EffectConditionKind
instanceKlass org/jetbrains/kotlin/metadata/ProtoBuf$Effect$InvocationKind
instanceKlass org/jetbrains/kotlin/metadata/ProtoBuf$Expression$ConstantValue
instanceKlass org/jetbrains/kotlin/metadata/ProtoBuf$Effect$EffectType
instanceKlass org/jetbrains/kotlin/metadata/ProtoBuf$Type$Argument$Projection
instanceKlass org/jetbrains/kotlin/com/intellij/openapi/diagnostic/LogLevel
instanceKlass org/jetbrains/kotlin/metadata/ProtoBuf$QualifiedNameTable$QualifiedName$Kind
instanceKlass org/jetbrains/kotlin/metadata/ProtoBuf$TypeParameter$Variance
instanceKlass org/jetbrains/kotlin/metadata/ProtoBuf$Annotation$Argument$Value$Type
instanceKlass org/jetbrains/kotlin/protobuf/WireFormat$JavaType
instanceKlass org/jetbrains/kotlin/protobuf/WireFormat$FieldType
instanceKlass org/jetbrains/kotlin/descriptors/ClassKind
instanceKlass org/jetbrains/kotlin/name/NativeForwardDeclarationKind
instanceKlass org/jetbrains/kotlin/library/impl/BuiltInsPlatform
instanceKlass org/jetbrains/kotlin/storage/LockBasedStorageManager$NotValue
instanceKlass kotlin/coroutines/intrinsics/CoroutineSingletons
instanceKlass java/util/stream/Collector$Characteristics
instanceKlass kotlin/time/DurationUnit
instanceKlass org/jetbrains/kotlin/library/loader/KlibLoaderResult$ProblemSeverity
instanceKlass java/nio/file/AccessMode
instanceKlass org/jetbrains/kotlin/commonizer/cli/Task$Category
instanceKlass org/jetbrains/kotlin/commonizer/CommonizerLogLevel
instanceKlass org/jetbrains/kotlin/konan/target/Architecture
instanceKlass org/jetbrains/kotlin/konan/target/Family
instanceKlass java/util/regex/Pattern$Qtype
instanceKlass kotlin/text/RegexOption
instanceKlass org/jetbrains/kotlin/commonizer/stats/StatsType
instanceKlass org/jetbrains/kotlin/commonizer/cli/TaskType
instanceKlass java/lang/invoke/MethodHandles$Lookup$ClassOption
instanceKlass java/lang/invoke/VarHandle$AccessType
instanceKlass java/lang/invoke/VarHandle$AccessMode
instanceKlass java/lang/invoke/MethodHandleImpl$Intrinsic
instanceKlass java/lang/invoke/LambdaForm$BasicType
instanceKlass java/lang/invoke/LambdaForm$Kind
instanceKlass sun/invoke/util/Wrapper
instanceKlass java/util/zip/ZipCoder$Comparison
instanceKlass java/nio/file/LinkOption
instanceKlass sun/nio/fs/WindowsPathType
instanceKlass java/nio/file/StandardOpenOption
instanceKlass java/io/File$PathStatus
instanceKlass java/lang/module/ModuleDescriptor$Requires$Modifier
instanceKlass java/lang/reflect/AccessFlag$Location
instanceKlass java/lang/reflect/AccessFlag
instanceKlass java/lang/module/ModuleDescriptor$Modifier
instanceKlass com/jetbrains/internal/IoOverNio$Debug
instanceKlass java/lang/reflect/ClassFileFormatVersion
instanceKlass java/util/concurrent/TimeUnit
instanceKlass java/lang/Thread$State
ciInstanceKlass java/lang/Enum 1 1 204 9 7 12 1 1 1 9 12 1 1 10 7 12 1 1 1 9 12 1 10 7 12 1 1 1 100 1 10 10 12 1 1 10 12 1 100 1 10 10 7 12 1 1 10 12 1 1 18 12 1 1 10 100 12 1 1 1 10 12 1 1 11 100 12 1 1 1 100 1 8 1 10 12 1 100 1 100 1 10 8 1 10 12 1 1 10 12 1 1 8 1 10 12 1 10 100 1 8 1 10 10 12 1 1 10 100 12 1 1 1 100 1 100 1 100 1 1 1 1 1 1 1 1 1 1 1 1 1 1 1 1 1 1 1 1 1 1 1 1 1 1 1 1 1 1 1 1 1 1 1 1 1 1 1 1 1 1 1 1 1 1 1 3 1 1 1 1 100 1 100 1 1 100 1 1 1 1 1 1 1 1 1 1 1 16 15 10 12 16 15 10 100 12 1 1 1 1 1 100 1 100 1 1
ciInstanceKlass java/util/jar/Manifest 1 1 339 10 7 12 1 1 1 7 1 10 9 7 12 1 1 1 7 1 10 9 12 1 1 9 12 1 1 10 12 1 10 12 1 1 10 12 1 1 10 12 1 1 10 12 1 1 11 7 1 11 12 1 1 10 12 1 1 10 100 12 1 1 1 100 1 100 1 10 8 1 10 12 1 1 10 12 1 1 10 12 1 10 12 1 11 100 1 10 12 1 10 12 1 1 11 12 1 1 10 12 1 11 12 1 1 11 100 12 1 1 1 11 100 12 1 1 11 12 1 1 100 1 10 12 1 8 1 11 12 1 100 1 10 12 1 1 11 12 1 10 12 1 10 12 1 10 100 12 1 1 1 8 1 10 12 1 1 10 9 100 12 1 1 1 10 12 1 1 10 100 12 1 10 12 1 10 12 1 9 100 12 1 1 1 8 1 10 12 1 8 1 8 1 7 1 10 12 1 10 12 1 10 12 1 1 100 1 8 1 10 12 1 1 8 1 10 10 12 1 1 8 1 10 12 1 1 10 100 12 1 1 1 10 12 1 10 11 12 1 1 10 12 1 10 100 12 1 1 1 10 12 1 1 10 12 1 10 12 1 1 11 10 12 1 11 10 12 1 100 1 1 1 1 1 1 1 1 1 1 1 1 1 1 1 1 1 1 1 1 1 1 1 1 1 1 1 1 1 1 1 1 1 1 1 1 1 1 1 1 1 1 1 100 1 1 1 1 1 1 1 1 1 1 1 1 1 1 100 1 1 1 1 1 1 1 1 1 1 1
instanceKlass jdk/internal/loader/ClassLoaders$BootClassLoader
instanceKlass jdk/internal/loader/ClassLoaders$PlatformClassLoader
instanceKlass jdk/internal/loader/ClassLoaders$AppClassLoader
ciInstanceKlass jdk/internal/loader/BuiltinClassLoader 1 1 757 9 7 12 1 1 1 10 7 12 1 1 1 10 7 12 1 1 1 9 12 1 1 9 12 1 1 7 1 10 12 1 9 12 1 10 12 1 9 12 1 10 7 12 1 1 1 10 7 12 1 1 1 10 7 12 1 1 1 11 7 12 1 1 1 100 1 100 1 10 10 12 1 1 8 1 10 12 1 10 12 7 1 10 12 1 10 12 1 1 11 7 12 1 1 1 11 7 12 1 1 1 11 12 1 1 7 1 8 1 8 1 10 9 12 1 1 10 7 12 1 1 11 12 1 1 10 12 1 1 10 12 1 1 10 12 1 1 10 7 12 1 1 1 10 12 1 10 100 12 1 1 1 10 12 1 1 11 7 12 1 1 1 10 100 12 1 1 100 1 10 7 12 1 1 1 10 12 1 100 1 8 1 10 12 1 1 10 8 1 10 12 1 1 10 12 1 1 10 12 1 1 11 7 12 1 1 11 12 1 7 1 10 11 12 1 1 11 10 12 1 1 7 1 10 12 1 10 7 12 1 10 12 1 7 1 10 12 1 10 7 12 1 1 1 100 1 10 12 1 1 11 12 1 100 1 100 1 10 12 1 10 12 1 1 100 1 100 1 10 12 1 10 12 1 18 12 1 1 10 12 1 10 12 1 1 18 100 1 10 7 12 1 1 1 100 1 10 10 12 1 1 10 12 1 1 10 12 1 1 10 12 1 9 12 1 1 100 1 10 10 12 1 1 10 12 1 1 10 12 1 10 12 10 12 1 1 10 12 1 1 10 12 1 1 10 12 1 10 7 12 1 1 1 10 12 1 1 10 7 12 1 1 18 12 1 7 1 100 1 10 12 1 1 10 12 1 1 10 12 1 10 12 1 1 10 12 1 100 1 10 12 1 100 1 10 12 1 10 7 12 1 1 1 10 12 1 11 12 1 100 1 10 12 1 7 1 100 1 10 12 1 10 12 1 11 12 1 1 10 12 1 1 10 12 1 1 10 12 1 1 10 12 1 1 10 12 1 10 12 1 10 12 1 10 12 1 8 1 10 12 1 1 10 7 12 1 1 10 12 1 100 1 8 1 8 1 10 10 12 1 8 1 8 1 10 7 12 1 1 1 11 7 12 1 1 1 9 7 12 1 1 1 10 7 12 1 1 1 9 12 1 9 12 1 9 12 1 9 12 1 9 12 1 9 12 1 10 7 12 1 1 1 8 1 10 12 1 7 1 10 12 1 1 10 12 1 7 1 10 11 12 1 1 10 12 10 12 1 10 12 1 100 1 10 12 1 10 12 1 10 10 12 1 10 7 12 1 1 8 1 10 7 12 1 1 10 12 1 1 1 1 1 1 1 1 1 1 1 1 1 1 1 1 1 1 1 1 1 1 1 1 1 1 1 1 1 1 1 1 1 1 1 1 1 1 1 1 1 1 1 1 1 1 1 1 1 1 1 1 1 1 1 1 100 1 1 1 1 1 1 1 1 1 1 1 1 1 1 1 1 1 1 100 1 1 1 1 1 1 100 1 1 1 1 1 1 1 1 1 1 1 1 1 1 1 1 1 1 1 1 1 1 1 1 1 1 1 1 1 1 1 1 1 1 1 1 1 1 1 1 1 1 1 1 1 1 1 1 100 1 1 16 15 10 12 16 15 10 12 16 15 10 12 16 1 15 10 100 12 1 1 1 1 1 1 100 1 1 1 1 1 100 1 100 1 1
staticfield jdk/internal/loader/BuiltinClassLoader packageToModule Ljava/util/Map; java/util/concurrent/ConcurrentHashMap
staticfield jdk/internal/loader/BuiltinClassLoader $assertionsDisabled Z 1
ciInstanceKlass jdk/internal/loader/ClassLoaders 1 1 183 10 100 12 1 1 1 10 7 12 1 1 1 10 12 1 1 10 100 12 1 1 1 9 7 12 1 1 1 9 12 1 1 9 12 1 1 7 1 11 100 12 1 1 1 100 1 11 12 1 1 11 12 1 1 10 100 12 1 1 1 10 100 12 1 1 1 100 1 100 1 10 7 12 1 1 1 9 12 1 1 10 12 1 1 7 1 10 12 1 1 10 12 1 7 1 8 1 10 7 12 1 1 1 10 12 1 1 7 1 10 12 1 10 12 1 10 12 1 8 1 10 7 12 1 1 8 1 8 1 10 12 1 7 1 10 12 1 10 12 1 10 12 1 1 1 1 1 1 1 1 1 1 1 1 1 1 1 1 1 1 1 1 100 1 1 1 1 1 1 1 1 1 1 1 1 1 1 1 1 1 1 1
staticfield jdk/internal/loader/ClassLoaders JLA Ljdk/internal/access/JavaLangAccess; java/lang/System$2
staticfield jdk/internal/loader/ClassLoaders BOOT_LOADER Ljdk/internal/loader/ClassLoaders$BootClassLoader; jdk/internal/loader/ClassLoaders$BootClassLoader
staticfield jdk/internal/loader/ClassLoaders PLATFORM_LOADER Ljdk/internal/loader/ClassLoaders$PlatformClassLoader; jdk/internal/loader/ClassLoaders$PlatformClassLoader
staticfield jdk/internal/loader/ClassLoaders APP_LOADER Ljdk/internal/loader/ClassLoaders$AppClassLoader; jdk/internal/loader/ClassLoaders$AppClassLoader
ciInstanceKlass jdk/internal/loader/ClassLoaders$AppClassLoader 1 1 119 8 1 10 7 12 1 1 1 10 7 12 1 1 1 10 100 12 1 1 1 10 12 1 1 10 100 12 1 1 1 10 12 1 1 10 12 1 1 7 1 8 1 10 12 10 7 12 1 1 1 10 100 12 1 1 10 12 1 1 10 12 1 1 10 7 12 1 1 1 100 1 10 12 1 1 1 1 1 1 1 1 1 1 1 1 1 1 1 1 1 1 1 1 1 100 1 1 1 1 1 1 1 1 1 1 1 1 1 1 1 1 1 1 1 100 1 1 1
ciInstanceKlass jdk/internal/loader/ClassLoaders$PlatformClassLoader 1 1 42 8 1 10 7 12 1 1 1 10 7 12 1 1 1 100 1 10 12 1 100 1 1 1 1 1 1 1 1 1 1 1 1 1 1 100 1 1 1 100 1 1
ciInstanceKlass java/security/CodeSource 1 1 398 10 7 12 1 1 1 9 7 12 1 1 1 9 12 1 1 9 12 1 1 9 12 1 1 10 7 12 1 1 1 9 12 1 1 10 100 12 1 1 10 100 10 100 12 1 1 1 10 100 12 1 1 1 10 12 1 1 100 1 10 10 100 12 1 1 1 10 100 12 1 1 1 10 12 1 1 100 1 10 12 1 1 10 12 1 1 10 12 1 1 10 12 1 10 10 10 12 1 1 10 100 12 1 1 1 10 12 1 10 12 1 10 12 1 8 1 10 12 1 10 12 1 10 12 1 1 10 12 1 8 1 10 12 1 1 10 100 1 10 10 12 1 1 8 1 10 12 1 10 12 1 10 12 1 8 1 8 1 9 12 1 1 100 1 8 1 10 12 1 10 12 1 1 8 1 10 12 1 8 1 8 1 8 1 10 100 12 1 1 10 12 1 1 10 12 1 10 12 1 1 10 12 1 1 10 12 1 1 100 1 100 1 10 12 1 10 12 10 12 1 1 10 100 12 1 1 10 12 1 100 1 10 12 10 100 12 1 1 1 10 8 1 10 12 1 10 12 1 10 12 1 1 100 1 10 12 1 1 100 1 100 1 8 1 8 1 10 10 12 1 1 10 100 12 1 1 1 100 1 10 12 10 12 1 1 11 100 12 1 1 10 10 12 1 11 10 12 1 8 1 100 1 10 12 1 10 12 1 1 10 12 1 11 12 1 1 100 1 1 1 1 5 0 1 1 1 1 1 1 1 1 1 1 1 1 1 1 1 1 1 1 1 1 1 1 1 1 1 1 1 1 1 1 1 1 1 1 1 1 1 1 1 1 1 1 1 1 1 1 1 1 1 1 1 1 1 1 1 1 1 1 1 1 1 1 1 1 1 1 100 1 1 1 1 1 1 1
ciInstanceKlass java/util/concurrent/ConcurrentMap 1 1 208 11 100 12 1 1 1 10 100 12 1 1 11 12 1 1 11 100 12 1 1 1 11 100 12 1 1 1 11 12 1 1 100 1 11 12 1 11 12 1 100 1 11 100 12 1 1 1 18 12 1 11 12 1 1 11 100 12 1 1 11 12 1 1 11 100 12 1 11 12 1 1 11 12 1 1 100 1 100 1 1 1 1 1 1 1 1 1 1 1 1 1 1 1 1 1 1 1 1 1 1 1 1 1 1 1 1 1 1 1 1 1 1 1 1 1 1 1 1 1 1 1 1 1 1 1 1 1 1 1 1 1 1 1 1 1 1 1 1 16 15 11 12 15 10 100 12 1 1 1 1 1 100 1 100 1 1 1 100 1 8 1 1 12 10 1 1 1 8 1 1 1 8 1 1 8 1 1 1 8 1 1 1 8 1 1 1 8 1 1 1 8 1 1 1 8 1 1 1 8 1 1 1 8 1 1 8 1
instanceKlass java/util/EnumMap
instanceKlass kotlin/metadata/internal/protobuf/SmallSortedMap
instanceKlass java/util/Collections$SingletonMap
instanceKlass org/jetbrains/kotlin/com/intellij/util/containers/RefHashMap
instanceKlass org/jetbrains/kotlin/protobuf/SmallSortedMap
instanceKlass java/util/TreeMap
instanceKlass java/util/IdentityHashMap
instanceKlass java/util/WeakHashMap
instanceKlass java/util/Collections$EmptyMap
instanceKlass java/util/HashMap
instanceKlass sun/util/PreHashedMap
instanceKlass java/util/ImmutableCollections$AbstractImmutableMap
instanceKlass java/util/concurrent/ConcurrentHashMap
ciInstanceKlass java/util/AbstractMap 1 1 196 10 7 12 1 1 1 10 7 12 1 1 1 11 7 12 1 1 1 10 11 12 1 1 11 7 12 1 1 1 11 12 1 1 7 1 11 12 1 10 12 1 1 11 12 1 100 1 10 11 12 1 11 7 1 10 12 1 1 11 12 1 9 12 1 1 7 1 10 12 1 9 12 1 1 100 1 10 11 11 12 1 1 11 12 1 100 1 100 1 11 12 1 8 1 100 1 10 10 12 1 1 8 1 10 12 1 10 12 1 1 10 12 1 1 1 1 1 1 1 1 1 1 1 1 1 1 1 1 1 1 1 1 1 1 1 1 1 1 1 1 1 1 1 1 1 1 1 1 1 1 1 1 100 1 1 1 1 1 1 1 100 1 1 1 1 1 1 1 1 1 100 1 1 1 1 1 1 1 1 1 100 1 100 1 100 1 100 1 100 1 1 1 1 1 1
ciInstanceKlass java/util/concurrent/ConcurrentHashMap 1 1 1210 7 1 7 1 3 10 12 1 1 3 100 1 10 7 12 1 1 1 100 1 10 100 12 1 1 1 100 1 11 12 1 1 11 12 1 11 12 1 1 9 12 1 1 9 12 1 1 9 12 1 10 7 12 1 1 1 7 1 10 12 1 1 10 12 1 1 10 7 12 1 1 1 4 10 12 1 9 12 1 10 12 1 1 100 1 10 5 0 10 12 1 10 12 1 1 5 0 10 12 1 1 10 12 1 9 12 1 1 10 12 1 1 9 12 1 9 12 1 1 10 12 1 1 9 12 1 10 12 1 1 9 12 1 1 10 12 1 1 100 1 10 100 1 10 12 1 10 12 1 1 10 12 1 1 10 12 1 1 10 12 1 10 12 1 1 10 12 1 1 100 1 10 12 1 1 7 1 100 1 8 1 10 12 1 10 12 1 1 10 12 1 1 11 100 12 1 1 10 12 1 1 11 12 1 1 11 100 12 1 1 1 11 100 12 1 1 1 11 12 1 100 1 11 12 1 11 12 1 10 12 1 1 10 12 1 1 9 12 1 1 10 100 12 1 1 1 9 10 12 1 1 9 12 1 10 12 1 1 5 0 9 12 1 1 7 1 10 12 1 9 12 1 1 7 1 10 12 1 9 12 1 100 1 10 100 1 10 10 12 1 1 8 1 10 12 1 10 12 1 1 11 100 1 10 12 1 10 100 12 1 1 1 8 1 10 100 12 1 1 1 8 1 10 12 1 8 1 10 12 1 10 12 1 1 10 100 12 1 1 10 12 1 10 12 1 10 12 1 9 12 1 9 10 12 1 9 12 1 1 11 100 12 1 1 1 11 7 12 1 1 1 100 1 10 12 11 100 12 1 1 10 11 7 12 1 10 12 1 100 1 10 12 1 100 1 10 10 9 7 12 1 1 1 10 12 3 10 100 12 1 1 9 12 1 10 12 1 1 9 12 1 1 9 12 1 10 12 1 1 10 100 12 1 1 9 12 1 9 7 12 1 1 10 12 1 1 10 12 1 3 9 12 1 9 12 1 10 12 1 1 7 1 9 3 9 12 1 100 1 10 12 1 9 12 1 10 12 1 9 12 1 10 12 1 9 12 1 10 100 12 1 1 1 100 10 12 1 100 1 5 0 10 100 12 1 1 100 1 10 12 1 1 10 12 1 10 12 1 100 1 10 12 1 10 100 1 100 1 10 10 12 1 10 100 1 10 12 1 10 100 1 10 12 1 10 100 1 10 12 1 1 100 1 10 12 1 10 10 12 1 100 1 10 12 1 10 10 12 1 100 1 10 12 1 10 100 1 10 12 1 10 100 1 10 12 1 10 100 1 10 12 1 10 100 1 10 12 1 10 100 1 10 12 1 10 100 1 10 12 1 10 100 1 10 12 1 10 100 1 10 10 100 1 10 10 100 1 10 10 100 1 10 12 1 10 100 1 10 12 1 10 100 1 10 12 1 10 100 1 10 12 1 10 100 1 10 12 1 10 100 1 10 10 100 1 10 10 100 1 10 10 100 1 10 12 1 10 100 1 10 12 1 10 100 1 10 12 1 10 100 1 10 12 1 10 100 1 10 12 1 10 10 12 1 10 7 12 1 1 1 10 12 1 7 1 7 1 10 12 1 9 12 1 1 9 12 1 1 10 12 1 1 8 10 12 1 1 8 8 8 8 7 10 12 1 1 10 12 1 100 1 8 1 10 7 1 100 1 100 1 1 1 5 0 1 1 3 1 3 1 1 1 1 3 1 3 1 3 1 1 1 1 1 3 1 3 1 3 1 1 1 1 1 1 1 1 1 1 1 1 1 1 1 1 1 1 1 1 1 1 1 1 1 100 1 1 1 1 1 1 1 1 1 1 1 1 1 1 1 1 1 1 1 1 1 1 1 1 1 1 1 1 1 1 1 1 1 1 1 1 1 1 1 1 1 1 1 1 1 1 1 1 1 1 1 1 1 1 1 1 1 1 1 1 1 1 1 1 1 1 1 1 1 1 1 1 1 1 1 1 1 1 1 1 1 1 1 1 100 1 1 1 1 1 1 1 1 1 1 1 100 1 1 1 1 1 1 1 1 1 1 1 1 1 1 1 1 1 1 1 1 1 1 1 1 1 1 1 1 1 1 1 1 1 1 1 1 1 1 1 1 1 1 1 1 1 1 1 1 1 1 1 1 1 1 1 1 1 1 1 1 1 1 1 1 1 1 1 1 1 1 1 1 1 1 1 1 1 1 1 1 1 1 1 1 1 1 1 1 1 1 1 1 1 1 1 1 1 1 1 1 1 1 1 1 1 1 1 1 1 1 1 1 1 1 1 1 1 1 1 1 1 1 1 1 1 1 1 1 1 1 1 1 1 1 1 1 1 1 1 1 1 1 1 1 1 1 1 1 1 1 1 1 1 1 1 1 1 1 1 1 1 1 1 1 1 1 1 1 1 1 1 1 1 1 1 1 1 1 1 1 1 1 1 1 1 1 1 1 1 1 1 1 1 1 1 1 1 1 1 1 1 1 1 1 1 1 1 1 1 1 1 1 1 1 1 1 1 1 1 1 1 1 1 100 1 100 1 100 1 100 1 100 1 100 1 100 1 100 1 100 1 1 1 1 1 1 1 1 1 1 1 1 1 1 1 1 1 1 1 1 1 1 1 1 1 1 1 1 1 1 1 1 1 1 1 1 1 1 1 1 1 1 1 1 1 1 1 1 1 1 1 1 1 1 1 1 1 1
staticfield java/util/concurrent/ConcurrentHashMap NCPU I 12
staticfield java/util/concurrent/ConcurrentHashMap serialPersistentFields [Ljava/io/ObjectStreamField; 3 [Ljava/io/ObjectStreamField;
staticfield java/util/concurrent/ConcurrentHashMap U Ljdk/internal/misc/Unsafe; jdk/internal/misc/Unsafe
staticfield java/util/concurrent/ConcurrentHashMap SIZECTL J 20
staticfield java/util/concurrent/ConcurrentHashMap TRANSFERINDEX J 32
staticfield java/util/concurrent/ConcurrentHashMap BASECOUNT J 24
staticfield java/util/concurrent/ConcurrentHashMap CELLSBUSY J 36
staticfield java/util/concurrent/ConcurrentHashMap CELLVALUE J 144
staticfield java/util/concurrent/ConcurrentHashMap ABASE I 16
staticfield java/util/concurrent/ConcurrentHashMap ASHIFT I 2
ciInstanceKlass java/lang/Iterable 1 1 62 10 100 12 1 1 1 11 100 12 1 1 1 11 100 12 1 1 1 11 12 1 1 11 100 12 1 1 1 10 100 12 1 1 1 100 1 1 1 1 1 1 1 1 1 1 1 1 1 1 1 1 1 1 1 1 1 1 1 1 1 1
ciInstanceKlass java/util/Collection 1 1 115 11 7 12 1 1 1 7 1 11 7 12 1 1 1 10 100 12 1 1 1 11 12 1 1 11 100 12 1 1 1 11 12 1 1 11 100 12 1 1 1 11 12 1 1 10 100 12 1 1 1 11 12 1 10 7 12 1 1 1 100 1 100 1 1 1 1 1 1 1 1 1 1 1 1 1 1 1 1 1 1 1 1 1 1 1 1 1 1 1 1 1 1 1 1 1 1 1 1 1 1 1 1 1 1 1 1 1 1 1 1 1 1 1 1
ciInstanceKlass java/util/SequencedCollection 1 1 109 100 1 10 12 1 1 11 100 12 1 1 1 11 100 12 1 1 1 11 12 1 1 11 12 1 100 1 100 1 1 1 1 1 1 1 1 1 1 1 1 1 1 1 1 1 1 1 1 1 1 1 1 1 1 1 1 1 100 1 8 1 1 12 10 1 1 1 8 1 1 1 8 1 1 1 8 1 1 1 8 1 1 8 1 1 1 8 1 1 8 1 1 1 8 1 1 8 1 1 1 8 1 1 8 1 1 8 1
ciInstanceKlass java/util/List 1 1 251 10 100 12 1 1 1 11 100 12 1 1 1 11 100 12 1 1 1 11 12 1 1 11 100 12 1 1 11 12 1 1 11 12 1 1 10 100 12 1 1 1 100 1 100 1 10 12 1 1 100 1 10 100 12 1 1 1 11 12 1 1 11 12 1 11 12 1 100 1 10 12 1 11 12 1 1 11 12 1 1 11 12 1 10 100 12 1 1 1 9 7 12 1 1 1 7 1 10 12 10 12 1 7 1 10 12 1 1 10 12 1 10 12 1 1 11 12 1 1 100 1 1 1 1 1 1 1 1 1 1 1 1 1 1 1 1 1 1 1 1 1 1 1 1 1 1 1 1 1 1 1 1 1 1 1 1 1 1 1 1 1 1 1 1 100 1 100 1 1 1 1 1 1 1 1 1 1 1 1 1 1 1 1 1 1 1 1 1 1 1 1 1 1 1 1 1 1 1 1 1 1 1 1 1 1 1 1 1 1 1 1 1 1 1 1 1 1 1 1 1 1 1 1 1 1 1 1 1 1 1 1 1 1 1 1 1 1 1 1 1 1 1 1 100 1 1 100 1 1 1
ciInstanceKlass java/util/RandomAccess 1 0 7 100 1 100 1 1 1
instanceKlass java/util/HashMap$Values
instanceKlass org/jetbrains/kotlin/it/unimi/dsi/fastutil/objects/AbstractObjectCollection
instanceKlass java/util/LinkedHashMap$LinkedValues
instanceKlass java/util/ArrayDeque
instanceKlass java/util/AbstractSet
instanceKlass java/util/ImmutableCollections$AbstractImmutableCollection
instanceKlass java/util/AbstractList
ciInstanceKlass java/util/AbstractCollection 1 1 160 10 7 12 1 1 1 10 7 12 1 1 1 10 12 1 1 11 7 12 1 1 1 11 12 1 1 10 12 1 1 10 100 12 1 1 1 10 12 1 1 10 12 1 1 10 7 12 1 1 10 7 12 1 1 1 7 1 10 100 12 1 1 1 10 100 12 1 1 1 100 1 10 11 12 1 11 7 1 10 12 1 10 12 1 10 100 12 1 1 1 11 8 1 7 1 10 10 12 1 1 8 1 10 12 1 10 12 1 1 1 1 1 1 1 1 1 1 1 1 1 1 1 1 1 1 1 1 1 1 1 1 1 1 1 1 1 1 1 1 1 1 1 1 1 1 1 1 1 1 1 1 1 1 1 1 1 1 1 1
instanceKlass kotlin/metadata/internal/protobuf/UnmodifiableLazyStringList
instanceKlass kotlin/metadata/internal/protobuf/LazyStringArrayList
instanceKlass java/util/AbstractSequentialList
instanceKlass org/jetbrains/kotlin/protobuf/UnmodifiableLazyStringList
instanceKlass org/jetbrains/kotlin/protobuf/LazyStringArrayList
instanceKlass kotlin/collections/AbstractMutableList
instanceKlass java/util/Collections$SingletonList
instanceKlass org/jetbrains/kotlin/utils/SmartList
instanceKlass java/util/Arrays$ArrayList
instanceKlass java/util/Collections$EmptyList
instanceKlass java/util/ArrayList
ciInstanceKlass java/util/AbstractList 1 1 218 10 7 12 1 1 1 9 7 12 1 1 1 10 12 1 1 10 12 1 1 100 1 10 10 12 1 1 11 7 12 1 1 1 11 12 1 1 11 12 1 10 7 12 1 1 1 10 12 1 11 12 1 11 12 1 11 12 1 10 12 1 1 10 12 1 1 11 100 12 1 1 1 11 100 1 11 7 1 10 12 1 7 1 10 12 1 10 12 1 1 100 1 100 1 10 12 1 100 1 10 100 1 100 1 10 8 1 10 12 1 1 10 12 1 10 12 1 1 10 12 1 8 1 100 1 8 1 8 1 8 1 10 7 1 11 10 10 12 1 11 12 1 10 12 1 1 8 1 8 1 1 1 1 1 1 1 1 1 1 1 1 1 1 1 1 1 1 1 1 1 1 1 1 1 1 1 1 1 1 1 1 1 1 1 1 1 1 1 1 1 1 1 1 1 1 1 1 1 1 1 1 1 1 1 1 1 1 100 1 100 1 1 1 1 1 1 1
ciInstanceKlass java/util/ArrayList 1 1 509 10 7 12 1 1 1 7 1 9 7 12 1 1 1 9 12 1 100 1 100 1 10 8 1 10 12 1 1 10 12 1 10 12 1 1 10 12 1 9 12 1 11 7 12 1 1 1 9 12 1 1 11 12 1 1 7 10 7 12 1 1 1 9 12 1 10 12 1 10 12 1 1 10 7 12 1 1 1 10 7 12 1 1 1 10 12 1 1 10 12 1 1 10 12 1 1 10 12 1 10 12 1 1 100 1 100 1 10 12 1 10 10 7 12 1 1 1 10 7 12 1 1 10 12 1 100 1 10 10 12 10 12 1 1 10 12 1 1 10 12 1 10 12 10 12 1 1 7 1 10 12 1 1 10 12 1 1 10 12 1 100 1 10 11 12 1 1 11 7 12 1 1 1 11 12 1 10 12 1 10 12 1 10 12 1 1 100 1 10 12 1 1 10 10 12 1 1 10 12 1 8 1 8 1 8 1 8 1 10 12 1 1 10 12 1 1 11 12 1 100 1 10 100 12 1 1 10 12 1 10 12 1 1 10 100 12 1 1 10 12 1 10 100 12 1 1 1 11 100 12 1 1 1 10 12 1 100 1 8 1 10 7 1 10 12 1 7 1 10 12 1 10 12 1 1 100 1 10 12 1 10 12 1 1 11 100 12 1 1 100 1 10 12 1 10 12 1 1 11 100 12 1 1 10 12 1 1 10 12 1 1 10 12 1 1 10 12 1 1 11 100 12 1 1 10 12 1 1 100 1 100 1 100 1 1 1 1 5 0 1 3 1 1 1 1 1 1 1 1 1 1 1 1 1 1 1 1 1 1 1 1 1 1 1 1 1 1 1 1 1 1 1 1 1 1 1 1 1 1 1 1 1 1 1 1 1 1 1 1 1 1 1 1 1 1 1 1 1 1 1 1 1 1 1 1 1 1 1 1 1 1 1 1 1 1 1 1 1 1 1 1 1 1 1 1 1 1 1 1 1 1 1 1 1 1 1 1 1 1 1 1 1 1 1 1 100 1 1 1 1 100 1 1 1 1 1 1 1 1 1 1 1 1 1 1 1 1 1 1 1 1 1 1 1 1 1 1 1 1 1 100 1 1 1 1 1 1 1 1 1 1 1 1 1 1 1 1 1 1 100 1 100 1 1 1 1 1 1
staticfield java/util/ArrayList EMPTY_ELEMENTDATA [Ljava/lang/Object; 0 [Ljava/lang/Object;
staticfield java/util/ArrayList DEFAULTCAPACITY_EMPTY_ELEMENTDATA [Ljava/lang/Object; 0 [Ljava/lang/Object;
ciInstanceKlass java/lang/StackTraceElement 0 0 235 10 100 12 1 1 1 10 100 12 1 1 9 12 1 1 9 12 1 1 9 12 1 9 12 1 8 1 10 100 12 1 1 1 100 1 9 12 1 8 1 9 12 1 9 12 1 9 12 1 1 10 12 1 1 10 12 1 8 1 10 100 12 1 1 1 100 1 10 12 1 10 12 1 1 10 12 1 10 12 1 1 10 12 1 10 12 1 10 10 12 1 8 1 10 12 1 10 12 1 1 10 12 1 1 10 12 1 10 12 1 10 12 1 9 12 1 1 10 100 12 1 1 1 10 12 1 1 100 1 10 12 1 1 10 100 12 1 1 10 100 12 1 1 1 10 100 12 1 1 10 100 12 1 1 10 10 12 1 1 10 12 1 1 10 12 1 1 10 12 1 100 1 1 1 1 1 1 1 3 1 3 1 1 5 0 1 1 1 1 1 1 1 1 1 1 1 1 1 1 1 1 1 1 1 1 1 1 1 1 1 1 1 1 1 100 1 100 1 1 1 1 1 1 1 100 1 1 1 1 1 1 1 1 1
instanceKlass java/nio/IntBuffer
instanceKlass java/nio/LongBuffer
instanceKlass java/nio/CharBuffer
instanceKlass java/nio/ByteBuffer
ciInstanceKlass java/nio/Buffer 1 1 256 100 1 10 7 12 1 1 1 9 7 12 1 1 1 9 12 1 9 12 1 1 9 12 1 9 12 1 1 10 12 1 1 10 12 1 1 10 12 100 1 100 1 10 8 1 10 12 1 1 10 12 1 8 1 8 1 10 12 1 1 10 12 1 8 1 9 12 1 1 100 1 8 1 10 12 1 8 1 8 1 9 12 10 12 1 8 1 8 1 8 1 10 12 1 8 1 8 1 8 1 100 1 10 100 1 10 100 1 10 9 12 1 1 10 7 12 1 1 1 100 1 10 12 1 1 10 12 1 10 100 12 1 1 10 7 12 1 1 1 10 7 12 1 1 1 9 12 1 1 10 7 12 1 1 1 9 12 1 1 7 1 10 10 12 1 1 7 1 10 10 7 12 1 1 1 1 1 3 1 1 1 1 1 1 1 1 1 1 1 1 1 1 100 1 1 1 1 1 1 1 100 1 1 1 1 1 1 1 1 1 1 1 1 1 1 1 1 1 1 1 1 1 1 1 1 1 1 1 1 1 1 1 1 1 1 1 1 1 1 1 100 1 100 1 100 1 100 1 100 1 100 1 100 1 1
staticfield java/nio/Buffer UNSAFE Ljdk/internal/misc/Unsafe; jdk/internal/misc/Unsafe
staticfield java/nio/Buffer SCOPED_MEMORY_ACCESS Ljdk/internal/misc/ScopedMemoryAccess; jdk/internal/misc/ScopedMemoryAccess
staticfield java/nio/Buffer IOOBE_FORMATTER Ljava/util/function/BiFunction; jdk/internal/util/Preconditions$4
staticfield java/nio/Buffer $assertionsDisabled Z 1
ciInstanceKlass java/lang/StackWalker 0 0 271 9 100 12 1 1 1 100 1 10 100 12 1 1 1 10 12 1 1 10 100 12 1 1 1 10 12 1 1 10 12 1 11 100 12 1 1 1 10 12 1 1 10 12 1 1 10 12 1 1 100 1 8 1 10 12 1 10 12 1 10 12 1 10 100 12 1 1 9 12 1 1 9 12 1 1 9 12 1 1 9 12 1 1 10 12 1 1 9 12 1 1 9 12 1 1 9 12 1 1 10 100 12 1 1 1 11 12 1 1 100 1 8 1 10 10 100 12 1 1 9 12 1 1 10 12 1 1 10 100 12 1 1 1 10 100 12 1 1 1 18 12 1 1 100 1 8 1 10 8 1 10 12 1 1 10 100 12 1 1 1 10 12 1 1 9 100 12 1 1 11 100 12 1 1 1 10 12 1 1 1 1 1 1 1 1 1 1 1 1 1 1 1 1 1 1 1 1 1 1 1 1 1 1 1 1 1 1 1 1 1 1 1 1 1 1 1 1 1 1 1 1 1 1 1 1 1 1 1 1 1 1 1 1 1 1 1 1 1 1 1 1 1 1 100 1 1 16 15 10 12 16 1 15 10 100 12 1 1 1 1 1 1 1 1 1 100 1 100 1 1
ciInstanceKlass java/lang/StackStreamFactory$AbstractStackWalker 1 0 375 100 1 100 1 3 10 100 12 1 1 1 10 100 12 1 1 10 100 12 1 1 1 9 12 1 1 10 12 1 1 9 12 1 1 9 12 1 1 9 12 1 1 9 12 1 10 100 12 1 1 1 10 12 1 1 10 100 12 1 1 9 12 1 1 9 12 1 1 10 12 1 1 9 100 12 1 1 1 10 12 1 1 10 12 1 9 12 1 1 10 100 12 1 1 1 10 12 1 1 9 12 1 1 9 100 12 1 1 1 100 1 10 8 1 10 12 1 1 10 12 1 8 1 10 12 1 1 10 100 12 1 1 1 100 1 8 1 10 12 1 8 1 10 12 10 100 12 1 1 9 12 1 8 1 5 0 8 1 8 1 9 12 1 1 10 12 1 1 18 12 1 1 10 100 12 1 1 1 10 12 1 1 10 12 1 10 12 1 9 12 1 10 12 1 10 12 1 10 12 1 10 12 1 10 12 1 10 12 1 1 8 1 10 12 1 10 12 1 10 12 1 10 12 1 1 8 1 10 12 1 1 10 12 1 1 10 12 1 1 10 12 1 10 12 1 10 100 12 1 1 1 10 12 1 10 12 1 9 12 1 8 1 10 12 1 10 12 1 10 12 1 1 10 12 1 10 12 1 10 12 1 1 10 12 1 10 12 1 10 12 1 10 12 1 10 12 1 10 12 1 1 10 12 1 1 10 12 1 8 1 1 1 1 1 1 1 1 1 1 1 1 1 100 1 1 1 1 1 1 1 100 1 1 1 1 100 1 1 1 1 1 1 1 1 1 1 1 1 1 1 1 1 1 1 1 16 15 15 10 100 12 1 1 1 1 1 1 1 1 100 1 100 1 1
ciInstanceKlass java/lang/StackWalker$StackFrame 0 0 41 100 1 10 12 1 1 100 1 100 1 1 1 1 1 1 1 1 1 1 1 1 1 1 1 1 1 1 1 1 1 1 1 1 1 1 1 100 1 1 1
instanceKlass java/lang/LiveStackFrameInfo
ciInstanceKlass java/lang/StackFrameInfo 0 0 142 10 100 12 1 1 1 9 100 12 1 1 1 9 100 1 9 12 1 1 11 100 12 1 1 1 9 12 1 1 11 12 1 1 10 12 1 1 10 100 12 1 1 1 10 12 1 11 12 1 11 12 1 1 11 12 1 10 12 1 1 9 12 1 1 10 12 1 1 10 100 12 1 1 10 12 1 1 11 12 1 1 9 12 1 1 10 100 1 10 12 1 9 12 1 1 10 12 1 1 100 1 8 1 10 12 1 10 100 12 1 1 1 100 1 1 1 1 1 1 1 1 1 1 1 1 1 1 1 1 1 1 100 1 1 100 1 1 1 1 1 1
ciInstanceKlass java/lang/LiveStackFrame 0 0 135 100 1 10 100 12 1 1 1 11 100 12 1 1 1 11 12 1 10 100 12 1 1 1 100 1 8 1 10 12 1 1 10 100 12 1 1 1 9 100 12 1 1 1 10 100 12 1 1 1 10 100 12 1 1 1 11 12 1 10 12 1 100 1 100 1 1 1 1 1 1 1 1 1 1 1 1 1 1 1 1 1 1 1 1 1 1 1 1 1 1 1 1 100 1 1 1 1 1 1 1 100 1 8 1 1 12 10 1 1 1 8 1 1 1 8 1 1 1 8 1 1 1 8 1 1 1 8 1 1 8 1 1 8 1
ciInstanceKlass java/lang/LiveStackFrameInfo 0 0 97 10 100 12 1 1 1 9 100 12 1 1 1 9 12 1 9 12 1 9 12 1 9 12 1 1 100 1 10 12 1 1 10 12 1 8 1 10 12 1 1 8 1 8 1 8 1 10 100 1 10 12 1 100 1 10 12 1 100 1 100 1 1 1 3 1 3 1 1 1 1 1 1 1 1 1 1 1 1 1 1 1 1 1 1 1 1 1 1 1 1 1 1 1 100 1 1
instanceKlass java/util/concurrent/locks/AbstractQueuedSynchronizer
ciInstanceKlass java/util/concurrent/locks/AbstractOwnableSynchronizer 1 1 32 10 7 12 1 1 1 9 7 12 1 1 1 100 1 1 1 1 5 0 1 1 1 1 1 1 1 1 1 1 1 1
ciInstanceKlass java/lang/Boolean 1 1 152 10 7 12 1 1 1 9 7 12 1 1 1 10 12 1 1 10 12 1 8 1 10 7 12 1 1 9 12 1 1 9 12 1 10 12 1 1 10 12 1 1 10 12 1 1 10 7 12 1 1 1 100 1 100 1 10 12 1 1 9 100 12 1 1 9 12 10 100 12 1 1 1 10 12 1 1 8 1 10 7 12 1 1 1 9 12 1 1 100 1 100 1 100 1 1 1 1 1 1 5 0 1 1 1 1 1 1 1 1 1 1 3 1 1 1 1 1 1 1 1 1 1 1 1 1 1 1 1 1 1 100 1 1 1 1 1 1 1 1 1 1 100 1 1 1 1 1 1 1 1 1
staticfield java/lang/Boolean TRUE Ljava/lang/Boolean; java/lang/Boolean
staticfield java/lang/Boolean FALSE Ljava/lang/Boolean; java/lang/Boolean
staticfield java/lang/Boolean TYPE Ljava/lang/Class; java/lang/Class
ciInstanceKlass java/lang/Character 1 1 604 7 1 100 1 100 1 9 12 1 1 8 1 9 12 1 1 100 1 9 12 1 1 10 100 12 1 1 1 10 100 12 1 1 1 10 100 12 1 1 1 10 7 12 1 1 1 9 7 12 1 1 1 10 12 1 10 12 1 1 10 12 1 1 10 100 12 1 1 10 12 1 1 3 3 3 3 3 10 12 1 1 10 12 1 3 11 100 12 1 1 1 11 12 1 1 10 12 1 1 10 12 1 1 100 1 10 10 12 1 3 10 12 1 1 10 12 1 10 12 1 1 100 1 8 1 10 12 1 1 10 12 1 10 12 1 10 12 1 10 100 12 1 1 1 10 12 1 10 12 1 10 12 1 1 10 12 1 10 7 12 1 1 10 10 12 1 10 10 12 1 10 12 1 1 10 12 1 10 10 12 1 10 12 1 10 12 1 10 12 1 10 12 1 10 12 1 10 12 1 10 12 10 10 12 10 10 12 1 10 10 12 1 10 10 12 1 10 10 12 1 10 12 1 10 12 1 10 12 1 10 12 1 10 12 1 10 12 1 10 10 12 1 10 10 12 1 10 10 12 1 1 10 10 12 1 10 5 0 10 12 1 10 12 1 10 10 12 1 10 10 12 1 1 10 10 12 1 10 10 12 1 9 12 1 1 100 1 10 10 12 1 10 12 1 1 3 10 100 12 1 1 1 10 12 1 10 100 12 1 1 100 1 10 10 12 1 1 10 12 1 1 10 12 1 1 8 1 10 12 1 9 100 12 1 1 1 10 12 1 10 10 12 1 10 12 1 1 10 12 1 10 10 12 1 1 10 10 12 1 1 100 1 8 1 10 12 1 1 10 7 12 1 1 1 8 1 10 12 1 1 9 12 1 1 100 1 100 1 100 1 1 1 1 3 1 3 1 3 1 3 1 1 1 1 1 3 1 1 3 1 3 1 3 1 3 1 3 1 3 1 3 1 3 1 3 1 3 1 3 1 3 1 3 1 3 1 3 1 3 1 3 1 3 1 3 1 3 1 3 1 3 1 3 1 3 1 3 1 3 1 3 1 3 1 1 1 1 1 1 1 1 1 1 1 1 1 1 1 1 1 1 1 3 1 1 1 1 1 1 1 3 1 1 3 1 1 1 1 1 3 1 1 5 0 1 1 1 1 1 1 1 1 1 1 1 1 1 1 1 1 1 1 1 1 1 1 1 1 1 1 1 1 1 1 1 1 1 1 1 1 1 1 1 1 1 1 1 1 1 1 1 1 1 1 1 1 1 1 1 1 1 1 1 1 1 1 1 1 1 1 1 1 1 1 1 1 1 1 1 1 1 1 1 1 1 1 1 1 1 1 1 1 1 1 100 1 100 1 1 1 1 1 1
staticfield java/lang/Character TYPE Ljava/lang/Class; java/lang/Class
staticfield java/lang/Character $assertionsDisabled Z 1
instanceKlass java/util/concurrent/atomic/AtomicLong
instanceKlass java/util/concurrent/atomic/AtomicInteger
instanceKlass java/lang/Long
instanceKlass java/lang/Integer
instanceKlass java/lang/Short
instanceKlass java/lang/Byte
instanceKlass java/lang/Double
instanceKlass java/lang/Float
ciInstanceKlass java/lang/Number 1 1 37 10 7 12 1 1 1 10 100 12 1 1 1 100 1 1 1 1 5 0 1 1 1 1 1 1 1 1 1 1 1 1 1 1 1 1 1
ciInstanceKlass java/lang/Float 1 1 279 7 1 100 1 10 100 12 1 1 1 10 100 12 1 1 1 4 100 1 10 12 1 1 10 12 1 1 8 1 8 1 10 100 12 1 1 1 10 12 1 1 10 12 1 1 10 100 1 4 10 7 12 1 1 9 12 1 1 10 12 1 1 10 12 1 10 10 12 1 1 10 12 1 10 12 1 3 3 100 1 4 4 4 3 10 12 1 1 9 12 1 1 100 1 10 3 3 4 4 10 12 1 3 3 3 10 12 1 1 10 12 1 1 10 12 1 10 100 12 1 1 1 10 12 1 1 10 12 1 1 10 7 12 1 1 1 8 1 10 12 1 1 9 12 1 1 100 1 100 1 100 1 1 1 1 4 1 4 1 1 1 4 1 1 3 1 3 1 3 1 3 1 3 1 1 1 1 5 0 1 1 1 1 1 1 1 1 1 1 100 1 1 1 1 1 1 1 1 1 1 1 1 1 3 1 1 1 1 1 1 1 1 1 1 1 1 1 1 1 1 1 1 1 1 1 1 1 1 1 1 1 1 1 1 1 1 1 1 1 1 1 1 1 1 1 1 1 1 1 1 1 1 1 1 1 1 1 1 1 1 1 1 1 1 1 100 1 1 1 1 1 1 1 100 1 100 1 1
staticfield java/lang/Float TYPE Ljava/lang/Class; java/lang/Class
staticfield java/lang/Float $assertionsDisabled Z 1
ciInstanceKlass java/lang/Double 1 1 290 7 1 100 1 10 100 12 1 1 1 10 12 1 1 10 100 1 10 12 1 1 10 100 12 1 1 1 6 0 8 1 10 12 1 1 8 1 10 12 1 1 8 1 6 0 10 12 1 1 100 1 5 0 5 0 8 1 8 1 10 100 12 1 1 1 10 100 12 1 1 1 8 1 10 12 1 1 8 1 8 1 8 1 10 12 1 1 10 12 1 10 12 1 1 10 12 1 10 12 1 10 12 1 1 10 12 1 10 100 1 6 0 10 7 12 1 1 9 12 1 1 10 12 1 10 12 1 10 12 1 10 12 1 10 12 1 5 0 10 12 1 1 10 12 1 10 12 1 10 100 12 1 1 1 10 12 1 1 10 12 1 1 8 1 10 7 12 1 1 1 9 12 1 1 100 1 100 1 100 1 1 1 6 0 1 6 0 1 6 0 1 1 1 6 0 1 1 3 1 3 1 3 1 3 1 3 1 1 1 1 5 0 1 1 1 1 1 1 1 1 1 1 1 1 1 1 1 1 100 1 1 1 1 1 1 1 1 1 1 1 1 3 1 1 1 1 1 1 1 1 1 1 1 1 1 1 1 1 1 1 1 1 1 1 1 1 1 1 1 1 1 1 1 1 1 1 100 1 1 1 1 1 1 1 100 1 100 1 1
staticfield java/lang/Double TYPE Ljava/lang/Class; java/lang/Class
ciInstanceKlass java/lang/Byte 1 1 213 7 1 100 1 10 100 12 1 1 1 9 12 1 1 8 1 9 12 1 1 100 1 10 12 1 1 10 12 1 1 10 100 12 1 1 1 10 100 12 1 1 1 9 7 12 1 1 1 10 12 1 1 100 1 100 1 10 12 1 1 8 1 10 12 1 1 8 1 10 12 1 10 12 1 10 12 1 10 12 1 1 10 12 1 10 12 1 10 12 1 1 10 8 1 8 1 10 7 1 9 12 1 1 10 12 1 1 10 12 1 1 10 12 1 1 10 12 1 5 0 10 12 1 1 8 1 10 7 12 1 1 1 9 12 1 1 100 1 100 1 1 1 3 1 3 1 1 1 1 3 1 3 1 1 5 0 1 1 1 1 1 1 1 1 1 1 1 1 1 1 1 1 1 1 1 1 1 1 1 1 1 1 1 1 1 1 1 1 1 1 1 1 1 1 1 1 1 1 1 1 1 1 1 1 1 1 1 1 1 1 1 1
staticfield java/lang/Byte TYPE Ljava/lang/Class; java/lang/Class
ciInstanceKlass java/lang/Short 1 1 222 7 1 100 1 100 1 10 100 12 1 1 1 10 12 1 1 100 1 100 1 10 12 1 1 8 1 10 12 1 1 8 1 10 12 1 10 12 1 10 12 1 10 12 1 1 10 12 1 1 10 12 1 9 12 1 1 8 1 9 12 1 1 100 1 10 12 1 1 10 12 1 10 100 12 1 1 1 10 100 12 1 1 1 9 100 12 1 1 1 10 12 1 10 12 1 1 10 8 1 8 1 10 100 1 9 12 1 1 10 12 1 1 10 12 1 1 10 12 1 1 10 12 1 3 3 5 0 10 12 1 1 8 1 10 7 12 1 1 1 9 12 1 1 100 1 100 1 1 1 3 1 3 1 1 1 1 3 1 3 1 1 5 0 1 1 1 1 1 1 1 1 1 1 1 1 1 1 1 1 1 1 1 1 1 1 1 1 1 1 1 3 1 1 1 1 1 1 1 1 1 1 1 1 1 1 1 1 1 1 1 1 1 1 1 1 1 1 1 1 1 1
staticfield java/lang/Short TYPE Ljava/lang/Class; java/lang/Class
ciInstanceKlass java/lang/Integer 1 1 453 7 1 100 1 7 1 7 1 10 12 1 1 9 12 1 1 9 12 1 1 10 100 12 1 1 1 10 12 1 1 10 100 12 1 1 1 10 10 12 1 1 10 100 12 1 1 1 10 12 1 10 12 1 1 10 100 12 1 1 1 10 12 1 1 10 12 1 1 10 12 1 10 12 1 10 12 1 1 10 10 12 1 9 12 1 1 9 12 1 100 1 8 1 10 12 1 100 1 10 12 1 8 1 10 12 1 1 10 12 1 8 1 10 12 1 8 1 10 12 1 1 3 10 12 1 1 3 10 12 1 1 10 12 1 1 10 7 12 1 1 1 11 7 1 10 12 1 1 11 10 12 1 1 8 1 10 12 1 1 8 1 100 1 10 12 1 1 10 12 1 1 5 0 8 1 10 12 1 10 12 1 10 12 1 10 12 1 1 7 1 9 12 1 1 9 12 1 1 10 12 1 10 7 1 9 12 1 10 12 1 10 12 1 10 12 1 1 10 7 12 1 1 1 100 1 100 1 10 12 1 1 10 12 1 1 8 1 8 1 10 12 1 1 8 1 8 1 8 1 8 1 8 1 8 1 10 12 1 10 12 1 5 0 3 3 3 3 10 12 1 10 12 1 3 10 12 1 10 100 12 1 1 1 10 12 1 1 10 12 1 1 8 1 10 7 12 1 1 1 9 12 1 1 100 1 100 1 100 1 1 1 1 3 1 1 1 3 1 3 1 1 5 0 1 1 1 1 1 1 1 1 1 100 1 1 1 1 1 1 1 1 1 1 1 1 1 1 1 1 1 1 1 1 1 1 1 1 1 1 1 1 1 1 1 1 1 1 1 1 1 1 1 1 3 1 1 1 1 1 1 1 1 1 1 1 1 1 1 1 1 100 1 1 1 1 1 1 1 1 1 1 1 1 1 1 1 1 1 1 1 1 1 1 1 1 1 1 1 1 1 1 1 1 1 1 1 1 1 1 1 1 1 1 1 1 1 1 100 1 1 1 1 1 1 1 1 1 100 1 100 1 1
staticfield java/lang/Integer TYPE Ljava/lang/Class; java/lang/Class
staticfield java/lang/Integer digits [C 36
staticfield java/lang/Integer DigitTens [B 100
staticfield java/lang/Integer DigitOnes [B 100
ciInstanceKlass java/lang/Long 1 1 524 7 1 100 1 100 1 100 1 10 12 1 1 9 12 1 1 9 7 12 1 1 1 10 100 12 1 1 1 10 12 1 1 10 100 12 1 1 1 10 10 12 10 12 1 10 12 1 10 12 1 5 0 5 0 100 1 10 12 1 1 10 12 1 1 10 12 1 10 12 1 10 12 1 10 12 1 1 10 100 12 1 1 10 12 1 10 12 1 1 10 12 1 1 10 12 1 1 10 12 1 1 10 100 12 1 1 1 10 12 1 1 10 12 1 10 12 1 10 12 1 10 12 1 1 10 10 12 1 5 0 5 0 9 12 1 1 9 12 1 5 0 100 1 8 1 10 12 1 8 1 10 12 1 8 1 8 1 10 12 1 1 5 0 10 12 1 1 5 0 10 12 1 1 10 12 1 1 10 100 12 1 1 1 11 100 1 10 12 1 1 11 10 12 1 1 8 1 10 12 1 1 8 1 100 1 10 12 1 1 10 12 1 8 1 8 1 11 12 1 1 10 12 1 10 12 1 10 12 1 5 0 5 0 9 7 12 1 1 1 10 12 1 10 12 1 1 8 1 8 1 10 12 1 1 8 1 8 1 8 1 8 1 8 1 8 1 10 12 1 10 7 1 9 12 1 1 10 12 1 10 12 1 1 10 12 1 1 10 100 12 1 1 1 100 1 100 1 10 12 1 1 10 12 1 1 5 0 10 12 1 10 12 1 5 0 5 0 5 0 10 12 1 1 10 12 1 5 0 5 0 10 12 1 10 12 1 10 100 12 1 1 1 10 12 1 1 10 12 1 1 8 1 10 7 12 1 1 1 9 12 1 1 100 1 100 1 100 1 1 1 1 5 0 1 1 1 1 3 1 3 1 5 0 1 1 1 1 1 1 1 1 1 100 1 1 1 1 1 1 1 1 1 1 1 1 1 1 1 1 1 1 1 1 1 1 1 1 1 1 1 1 1 1 1 1 1 1 1 1 1 1 1 1 1 1 1 1 1 1 1 1 1 1 1 1 1 1 1 3 1 1 1 1 1 1 1 1 1 1 1 1 1 1 1 100 1 1 1 1 1 1 1 1 1 1 1 1 1 1 1 1 1 1 1 1 1 1 1 1 1 1 1 1 1 1 1 1 1 1 1 1 1 1 1 1 1 1 1 100 1 1 1 1 1 1 1 1 1 100 1 100 1 1
staticfield java/lang/Long TYPE Ljava/lang/Class; java/lang/Class
ciInstanceKlass java/util/Iterator 1 1 53 100 1 8 1 10 12 1 1 10 100 12 1 1 1 11 100 12 1 1 1 11 12 1 1 11 100 12 1 1 1 100 1 1 1 1 1 1 1 1 1 1 1 1 1 1 1 1 1 1 1 1 1
ciInstanceKlass java/lang/reflect/RecordComponent 0 0 196 10 100 12 1 1 1 9 100 12 1 1 1 9 12 1 1 9 12 1 10 12 1 1 10 12 1 1 10 100 12 1 1 1 10 12 1 1 9 12 1 1 10 12 1 1 10 12 1 1 10 12 1 10 100 12 1 1 10 100 12 1 1 9 12 1 1 10 100 12 1 1 1 11 100 12 1 1 1 10 9 100 12 1 1 1 10 100 12 1 1 1 9 12 1 1 10 100 12 1 1 1 10 12 1 1 11 100 12 1 1 10 100 12 1 1 100 1 9 12 1 9 12 1 1 9 12 1 10 100 12 1 1 1 10 12 1 1 10 12 1 1 100 1 10 10 12 1 10 12 1 1 8 1 10 12 1 10 12 1 9 12 1 100 1 1 1 1 1 1 1 1 1 1 1 1 1 1 1 1 1 1 1 1 1 1 100 1 1 1 1 1 1 100 1 1
ciInstanceKlass jdk/internal/vm/vector/VectorSupport 0 0 573 100 1 10 100 12 1 1 1 9 12 1 1 10 12 1 1 100 1 10 12 1 11 100 12 1 1 1 11 100 12 1 1 1 11 100 12 1 1 11 100 12 1 1 11 100 12 1 1 1 11 100 12 1 1 11 100 12 1 1 11 100 12 1 1 11 100 12 1 1 11 100 12 1 1 11 100 12 1 1 11 100 12 1 1 1 11 100 12 1 1 11 100 12 1 1 1 11 100 12 1 1 1 11 100 12 1 1 11 100 12 1 1 1 11 100 12 1 1 100 1 10 12 1 1 11 100 12 1 1 11 100 12 1 1 11 100 12 1 1 11 100 12 1 1 11 100 12 1 1 11 100 12 1 1 9 12 1 1 10 100 12 1 1 11 100 12 1 1 10 12 1 1 10 100 12 1 1 1 10 12 1 10 12 1 1 10 12 1 1 1 1 1 3 1 3 1 3 1 3 1 3 1 3 1 3 1 3 1 3 1 3 1 3 1 3 1 3 1 3 1 3 1 3 1 3 1 3 1 3 1 3 1 3 1 3 1 3 1 3 1 3 1 3 1 3 1 3 1 3 1 3 1 3 1 3 1 3 1 3 1 3 1 3 1 3 1 3 1 3 1 3 1 3 1 3 1 3 1 3 1 3 1 3 1 3 1 3 1 3 1 3 1 3 1 3 1 3 1 1 1 1 1 1 1 1 1 1 1 1 1 1 1 1 1 1 1 1 1 1 1 1 1 1 1 1 1 1 1 1 1 1 1 1 1 1 1 1 1 1 1 1 1 1 1 1 1 1 1 1 1 1 1 1 1 1 1 1 1 1 1 1 1 1 1 1 1 1 1 1 1 1 1 1 1 1 1 1 1 1 1 1 1 1 1 1 1 1 1 1 1 1 1 1 1 1 1 1 1 1 1 1 1 1 1 1 1 1 1 1 1 1 1 1 1 1 1 1 1 1 1 1 1 1 1 1 1 1 1 1 1 1 1 1 1 1 1 1 1 1 1 1 1 1 1 1 1 1 1 1 1 1 1 1 1 1 1 1 1 1 1 1 1 1 1 1 1 1 1 1 1 1 1 1 1 1 1 1 1 1 1 1 1 1 1 1 1 1 1 1 1 1 1 1 1 1 1 1 1 1 1 1 1 1 1 1 1 1 1 1 1 1 1 1 1 1 1 1 1 1 1 1 1 1 1 1 1 1 1 1 1 1 1 100 1 100 1 100 1 100 1 100 1 1 1 1 1 1 1 1 1 1 1 1 1 1 1 1 1 1 1 1 1 1 1 1 1 1 1 1 1 1 1
instanceKlass jdk/internal/vm/vector/VectorSupport$VectorShuffle
instanceKlass jdk/internal/vm/vector/VectorSupport$VectorMask
instanceKlass jdk/internal/vm/vector/VectorSupport$Vector
ciInstanceKlass jdk/internal/vm/vector/VectorSupport$VectorPayload 0 0 32 10 100 12 1 1 1 9 100 12 1 1 1 10 100 12 1 1 1 1 1 1 1 1 1 1 1 1 1 1 1 1
ciInstanceKlass jdk/internal/vm/vector/VectorSupport$Vector 0 0 28 10 100 12 1 1 1 100 1 1 1 1 1 1 1 1 1 1 1 1 1 1 1 100 1 1 1 1
ciInstanceKlass jdk/internal/vm/vector/VectorSupport$VectorMask 0 0 28 10 100 12 1 1 1 100 1 1 1 1 1 1 1 1 1 1 1 1 1 1 1 100 1 1 1 1
ciInstanceKlass jdk/internal/vm/vector/VectorSupport$VectorShuffle 0 0 28 10 100 12 1 1 1 100 1 1 1 1 1 1 1 1 1 1 1 1 1 1 1 100 1 1 1 1
ciInstanceKlass jdk/internal/vm/FillerObject 0 0 16 10 100 12 1 1 1 100 1 1 1 1 1 1 1 1
instanceKlass kotlin/KotlinNullPointerException
ciInstanceKlass java/lang/NullPointerException 1 1 52 10 100 12 1 1 1 10 12 1 9 100 12 1 1 1 10 12 1 1 9 12 1 1 10 12 1 1 10 12 1 1 1 1 5 0 1 1 1 1 1 1 1 1 100 1 100 1 100 1 1 1
ciInstanceKlass java/lang/ArithmeticException 1 1 26 10 100 12 1 1 1 10 12 1 100 1 1 1 1 5 0 1 1 1 1 1 1 1 1 1
ciInstanceKlass java/util/Objects 1 1 184 10 7 12 1 1 1 100 1 8 1 10 12 1 10 12 1 1 10 7 12 1 1 1 10 12 1 1 10 12 1 10 100 12 1 1 1 10 12 1 1 10 100 12 1 1 1 100 1 10 10 12 1 1 10 100 12 1 1 10 12 1 1 8 1 10 100 12 1 1 1 10 100 12 1 1 1 10 11 100 12 1 1 1 100 1 10 10 12 1 8 1 10 12 1 8 1 100 1 11 12 1 1 8 1 10 7 12 1 1 1 10 12 1 1 10 12 1 10 12 1 10 12 1 10 12 1 1 1 1 1 1 1 1 1 1 1 1 1 1 1 1 1 1 1 1 1 1 1 1 1 1 1 1 1 1 1 1 1 1 1 1 1 1 1 1 1 1 1 1 1 1 1 1 1 1 1 1 1 1 1 1 1 1
ciInstanceKlass java/lang/Math 1 1 460 7 1 10 100 12 1 1 1 10 7 12 1 1 1 10 12 1 10 12 1 10 12 1 10 12 1 10 12 1 6 0 6 0 10 12 1 10 12 1 10 12 1 10 12 1 10 12 1 10 12 1 1 10 12 1 10 12 1 10 12 1 10 12 1 10 12 1 10 7 12 1 1 1 100 1 3 3 3 10 7 12 1 1 1 100 1 5 0 5 0 5 0 5 0 5 0 9 100 12 1 1 1 10 100 12 1 1 1 100 1 8 1 10 12 1 8 1 10 12 1 1 10 12 1 1 100 1 5 0 5 0 100 1 3 5 0 3 5 0 10 12 1 10 12 1 10 12 1 10 12 1 10 12 1 8 1 10 12 1 8 1 10 12 1 1 10 12 1 1 9 12 1 1 9 12 1 100 1 100 1 10 10 12 1 1 8 1 10 12 1 10 12 1 1 10 10 12 1 10 12 1 10 12 1 10 12 1 1 8 1 8 1 10 12 1 1 10 12 1 10 12 10 12 10 12 1 10 12 1 10 12 1 10 12 1 10 12 6 0 10 12 1 9 12 1 1 100 1 10 10 12 1 100 1 10 12 1 10 12 1 1 10 12 1 10 12 1 10 12 10 12 1 1 10 12 1 1 10 12 1 1 10 12 6 0 10 12 1 1 10 12 10 12 1 4 10 12 1 10 12 1 10 12 10 12 1 10 12 1 10 12 1 10 12 1 10 12 1 10 12 1 5 0 6 0 4 6 0 4 6 0 4 10 12 1 9 12 1 1 10 12 9 12 1 10 7 12 1 1 1 4 6 0 1 1 6 0 1 6 0 1 6 0 1 1 1 1 1 1 1 1 1 1 1 1 1 1 1 1 1 1 1 1 1 1 1 1 1 1 1 1 1 1 1 1 1 1 1 1 1 1 1 1 1 1 1 1 1 1 1 1 1 1 1 1 1 1 1 1 1 1 1 1 1 1 1 1 1 1 1 1 1 1 1 1 1 1 1 1 1 1 1 1 1 1 1 1 1 1 1 1 1 1 1 1 1 1 1 1
staticfield java/lang/Math negativeZeroFloatBits J -2147483648
staticfield java/lang/Math negativeZeroDoubleBits J -9223372036854775808
staticfield java/lang/Math $assertionsDisabled Z 1
ciInstanceKlass jdk/internal/util/Preconditions 1 1 194 10 100 12 1 1 1 11 100 12 1 1 1 11 100 12 1 1 1 100 1 100 1 10 7 12 1 1 1 10 12 1 8 1 100 1 10 100 12 1 1 1 10 12 1 1 8 1 8 1 10 100 12 1 1 7 1 10 12 1 8 1 10 100 12 1 1 1 8 1 10 12 1 1 10 12 1 1 11 12 1 8 1 8 1 11 12 1 1 8 1 8 1 8 1 10 12 1 1 10 12 1 1 10 12 1 10 12 1 10 12 1 10 12 7 1 10 10 12 1 1 9 12 1 1 7 1 10 9 12 1 7 1 10 9 12 1 1 1 1 1 1 1 1 1 1 1 1 1 1 1 1 1 1 1 1 1 1 1 1 1 1 1 1 1 1 1 1 1 1 1 1 1 1 1 1 1 1 1 1 1 1 1 1 1 1 1 1 1 1 1 1 1 1
staticfield jdk/internal/util/Preconditions SIOOBE_FORMATTER Ljava/util/function/BiFunction; jdk/internal/util/Preconditions$4
staticfield jdk/internal/util/Preconditions AIOOBE_FORMATTER Ljava/util/function/BiFunction; jdk/internal/util/Preconditions$4
staticfield jdk/internal/util/Preconditions IOOBE_FORMATTER Ljava/util/function/BiFunction; jdk/internal/util/Preconditions$4
ciInstanceKlass java/util/function/BiFunction 1 1 65 10 100 12 1 1 1 18 12 1 1 11 100 12 1 1 11 100 12 1 100 1 1 1 1 1 1 1 1 1 1 1 1 1 1 1 1 1 1 1 1 1 1 1 1 1 1 1 16 15 11 12 15 10 100 12 1 1 1 1 100 1 100 1 1
ciInstanceKlass java/util/Arrays 1 1 1029 10 7 12 1 1 1 10 100 12 1 1 1 10 7 12 1 1 1 10 12 1 10 12 1 10 12 1 10 12 1 10 12 1 10 12 1 10 100 12 1 1 1 100 1 100 1 10 8 1 10 12 1 1 10 12 1 8 1 8 1 10 12 1 1 10 12 1 100 1 10 12 1 9 100 12 1 1 1 10 7 12 1 1 100 1 10 12 1 1 10 7 12 1 1 10 7 12 1 1 1 100 1 10 12 1 10 12 1 1 7 1 9 7 12 1 1 1 10 12 1 1 10 100 12 1 1 10 12 1 10 12 1 1 10 12 1 10 12 1 1 100 1 11 12 1 1 10 12 1 10 7 12 1 1 1 10 12 10 12 1 10 12 1 10 12 10 12 1 11 100 12 1 1 1 10 7 12 1 1 1 100 1 10 12 1 10 100 1 10 12 1 10 100 1 10 12 1 10 100 1 10 12 1 10 10 12 1 1 10 12 1 10 12 1 10 12 1 10 12 1 10 12 1 10 100 12 1 1 1 10 12 1 10 100 12 1 1 1 10 12 1 10 12 1 10 7 12 1 1 1 10 12 1 10 12 1 10 12 1 10 12 1 10 12 1 10 12 1 10 12 1 10 12 1 10 12 1 10 12 1 10 12 1 10 12 1 10 12 1 10 12 1 10 12 1 10 12 1 1 10 12 1 1 10 7 12 1 1 1 10 7 1 10 100 1 10 7 1 10 100 1 10 100 1 10 100 1 10 100 1 10 100 1 10 12 1 8 1 10 12 1 1 10 12 1 1 10 12 1 1 10 12 1 1 10 12 1 1 10 12 1 1 10 12 1 1 10 12 1 1 10 12 1 1 7 1 10 12 10 12 1 1 10 12 1 10 12 1 1 10 12 1 1 9 100 12 1 1 1 10 12 1 9 100 1 10 12 1 9 100 1 10 12 1 9 100 1 10 12 1 9 100 1 10 12 1 9 100 1 10 12 1 9 10 12 1 10 12 1 10 12 1 9 12 1 100 1 10 10 12 1 1 10 12 1 10 12 1 10 12 1 10 12 1 10 12 1 10 12 1 10 12 1 10 12 1 10 12 1 8 1 8 1 10 12 1 10 12 1 8 1 10 12 1 10 12 1 10 12 1 10 100 12 1 1 1 3 10 100 1 10 10 12 1 1 11 100 12 1 1 10 12 1 1 10 12 1 10 12 1 10 12 1 10 12 1 10 12 1 10 12 1 10 12 1 10 12 1 11 12 1 8 1 10 11 12 1 11 100 12 1 1 1 11 100 12 1 1 1 11 12 1 1 18 12 1 1 11 12 1 1 11 100 12 1 1 1 18 12 1 11 100 12 1 1 1 18 12 1 11 100 12 1 1 1 18 12 1 100 1 10 100 12 1 1 1 10 12 1 10 12 1 10 12 1 10 12 1 10 12 1 10 12 1 10 12 1 10 12 1 1 10 12 1 10 100 12 1 1 10 12 1 10 12 1 10 12 1 1 10 12 1 10 12 1 10 12 1 1 10 12 1 10 12 1 10 12 1 1 10 12 1 10 12 1 10 12 1 10 12 1 10 12 10 12 1 10 12 10 12 10 12 1 10 12 10 12 1 10 12 1 10 12 1 1 1 1 3 1 3 1 1 1 1 1 1 1 1 1 1 1 1 1 1 1 1 1 1 1 1 1 1 1 1 1 1 1 1 1 1 1 1 1 1 1 1 1 1 1 1 1 1 1 1 1 1 1 1 1 1 1 1 1 1 1 1 1 1 1 1 1 1 1 1 1 1 1 1 1 1 1 1 1 1 1 1 1 1 1 1 1 1 1 1 1 1 1 1 1 1 1 1 1 1 1 1 1 1 1 1 1 1 1 1 1 1 1 1 1 1 1 1 1 1 1 1 1 1 1 1 1 1 1 1 1 1 1 1 1 1 1 1 1 1 1 1 1 1 1 1 1 1 1 1 1 1 1 1 1 1 1 1 1 1 1 1 1 1 1 1 1 1 1 1 1 1 1 1 1 1 1 1 1 1 1 1 1 1 1 1 1 1 1 1 1 1 1 1 1 1 1 1 1 1 1 1 1 1 1 1 1 1 1 1 1 1 1 1 1 1 1 1 1 1 1 1 1 1 1 1 1 1 1 1 1 1 1 1 1 1 1 1 1 1 1 1 1 1 1 1 1 1 1 1 1 1 1 1 1 1 1 1 1 1 100 1 1 16 15 10 12 15 10 12 15 10 12 15 10 12 15 10 100 12 1 1 1 1 1 100 1 100 1 1 1 1 100 1 1 1 1 1 1 100 1 1 100 1 1 100 1 1 1 100 1 100 1 1
staticfield java/util/Arrays $assertionsDisabled Z 1
ciInstanceKlass jdk/internal/util/ArraysSupport 1 1 378 7 1 100 1 8 1 10 12 1 1 10 12 1 1 10 100 12 1 1 9 7 12 1 1 1 9 12 1 1 10 7 12 1 1 1 9 12 1 1 10 7 12 1 1 1 9 12 1 10 12 9 12 1 10 12 1 1 10 12 7 1 10 12 1 1 10 12 1 100 1 10 12 1 1 10 12 100 1 10 12 1 100 1 10 12 1 100 1 100 1 10 8 1 10 12 1 1 10 12 1 10 12 1 1 10 9 12 1 1 11 100 12 1 1 1 9 12 1 9 12 1 10 12 1 1 9 12 1 9 12 1 9 12 1 9 12 1 9 12 1 9 12 1 9 12 1 10 12 1 1 10 100 12 1 1 1 9 12 1 9 12 1 10 12 1 1 10 12 1 9 12 1 10 12 1 10 100 12 1 1 1 9 12 1 9 12 1 10 12 1 10 12 1 10 7 12 1 1 1 3 10 12 1 100 1 8 1 8 1 8 1 10 10 100 12 1 1 1 11 100 12 1 1 1 10 12 1 10 100 12 1 1 1 10 12 1 1 10 12 1 1 9 12 1 10 12 1 9 12 1 9 12 1 9 12 1 9 12 1 9 12 1 9 12 1 9 12 1 100 1 10 7 12 1 1 1 1 1 3 1 3 1 3 1 3 1 3 1 3 1 3 1 3 1 1 1 1 1 1 1 1 1 1 1 1 1 1 1 1 1 1 1 1 1 1 1 1 1 1 1 1 1 1 1 1 1 1 1 1 1 1 1 1 1 1 1 1 1 1 1 1 1 1 1 1 1 1 1 1 1 1 1 1 1 1 1 1 1 1 1 1 1 1 1 1 1 1 1 1 1 1 1 100 1 1 1 1
staticfield jdk/internal/util/ArraysSupport U Ljdk/internal/misc/Unsafe; jdk/internal/misc/Unsafe
staticfield jdk/internal/util/ArraysSupport BIG_ENDIAN Z 0
staticfield jdk/internal/util/ArraysSupport LOG2_ARRAY_BOOLEAN_INDEX_SCALE I 0
staticfield jdk/internal/util/ArraysSupport LOG2_ARRAY_BYTE_INDEX_SCALE I 0
staticfield jdk/internal/util/ArraysSupport LOG2_ARRAY_CHAR_INDEX_SCALE I 1
staticfield jdk/internal/util/ArraysSupport LOG2_ARRAY_SHORT_INDEX_SCALE I 1
staticfield jdk/internal/util/ArraysSupport LOG2_ARRAY_INT_INDEX_SCALE I 2
staticfield jdk/internal/util/ArraysSupport LOG2_ARRAY_LONG_INDEX_SCALE I 3
staticfield jdk/internal/util/ArraysSupport LOG2_ARRAY_FLOAT_INDEX_SCALE I 2
staticfield jdk/internal/util/ArraysSupport LOG2_ARRAY_DOUBLE_INDEX_SCALE I 3
staticfield jdk/internal/util/ArraysSupport LOG2_BYTE_BIT_SIZE I 3
staticfield jdk/internal/util/ArraysSupport JLA Ljdk/internal/access/JavaLangAccess; java/lang/System$2
instanceKlass java/util/LinkedHashMap
ciInstanceKlass java/util/HashMap 1 1 629 10 7 12 1 1 1 100 1 10 12 1 1 100 1 10 100 12 1 1 1 100 1 11 12 1 1 11 12 1 11 12 1 1 10 7 12 1 1 1 7 1 3 10 7 12 1 1 1 100 1 100 1 10 8 1 10 12 1 1 10 12 1 10 12 1 1 10 12 1 10 7 12 1 1 1 8 1 10 12 1 9 12 1 1 10 12 1 9 12 1 1 4 10 12 1 10 12 1 1 11 7 12 1 1 9 12 1 1 10 7 12 1 1 1 6 0 10 12 1 1 11 12 1 1 11 7 12 1 1 1 11 7 12 1 1 1 11 12 1 1 7 1 11 12 1 11 12 1 10 12 1 10 12 1 1 9 12 10 12 1 1 9 7 12 1 1 1 9 12 9 12 1 10 12 1 1 9 12 1 7 1 10 12 1 1 10 12 1 1 10 12 1 1 10 12 1 1 10 12 1 1 9 12 1 10 12 1 1 3 4 10 12 1 1 10 12 1 1 9 12 1 1 9 10 12 1 1 10 12 1 1 10 12 1 1 10 12 1 9 12 1 1 7 1 10 12 1 10 12 1 10 100 12 1 1 1 100 1 9 12 1 1 7 1 10 9 12 7 1 10 100 1 10 11 7 12 1 1 1 100 1 10 11 100 12 1 1 11 100 12 1 1 1 10 12 1 100 1 100 1 10 12 1 10 12 1 10 12 1 10 100 12 1 1 10 12 1 1 10 12 1 1 10 100 12 1 1 1 8 10 100 12 1 1 1 100 1 10 4 4 10 12 1 1 10 100 12 1 1 1 10 12 1 8 1 6 0 10 100 12 1 1 1 100 1 11 100 12 1 1 1 10 12 1 10 12 1 10 10 12 1 1 6 0 8 1 10 12 1 10 12 100 1 100 1 1 1 1 5 0 1 3 1 1 1 3 1 3 1 3 1 1 1 1 1 1 1 1 1 1 1 1 1 1 1 1 1 1 1 1 1 1 100 1 1 1 1 1 1 1 1 1 1 1 1 1 1 1 1 1 1 1 1 1 1 1 1 1 1 1 1 1 1 1 1 1 100 1 1 1 1 1 1 1 1 1 1 1 1 1 1 1 1 1 1 1 1 1 1 1 1 1 1 1 1 1 1 1 1 1 1 1 1 1 1 1 1 1 1 1 1 1 1 1 1 1 1 1 100 1 1 1 1 1 1 1 1 1 1 1 1 1 1 1 1 1 1 1 1 1 1 1 1 1 1 1 1 1 1 1 1 1 1 1 1 1 1 1 1 1 1 1 1 1 1 1 1 100 1 1 1 1 1 1 1 1 100 1 1 1 1 1 1 1 1 1 1 1 1 1 1 1 1 1 1 100 1 100 1 100 1 100 1 100 1 100 1 100 1 100 1 1 1 1 1 1 1 1 1 1 1 1 1 1 1 1 1 1
ciInstanceKlass java/util/Map$Entry 1 0 178 18 12 1 1 100 1 100 1 18 10 100 12 1 1 1 18 12 1 18 100 1 11 100 12 1 1 1 11 12 1 11 100 12 1 1 1 10 100 12 1 1 1 10 100 12 1 1 1 8 1 10 12 1 1 8 1 8 1 8 1 10 12 1 10 12 1 8 10 100 1 10 12 1 8 10 12 1 8 1 10 12 1 8 10 12 1 8 1 10 12 1 1 8 1 100 1 8 1 10 12 1 1 11 12 100 1 11 12 1 1 1 1 1 1 1 1 1 1 1 1 1 1 1 1 1 1 1 1 1 1 1 1 1 1 1 1 1 1 1 1 1 1 1 1 1 1 1 16 15 11 12 16 3 3 15 11 12 15 11 12 15 11 12 15 10 100 12 1 1 1 1 1 100 1 100 1 1
instanceKlass java/util/LinkedHashMap$Entry
ciInstanceKlass java/util/HashMap$Node 1 1 95 10 7 12 1 1 1 9 7 12 1 1 1 9 12 1 1 9 12 1 9 12 1 1 100 1 10 10 12 1 1 8 1 10 12 1 10 12 1 1 10 100 12 1 1 1 100 1 11 12 1 1 10 12 1 1 11 12 1 1 1 1 1 1 1 1 1 1 1 1 1 1 1 1 1 1 1 1 1 1 1 1 1 1 1 1 1 1 100 1 1 1 100 1 1
ciInstanceKlass java/util/HashMap$TreeNode 0 0 250 100 1 10 100 12 1 1 1 9 100 12 1 1 1 9 12 1 1 9 12 1 9 12 1 1 9 12 1 1 10 12 1 1 100 1 10 12 1 9 12 1 9 12 1 9 12 1 1 10 100 12 1 1 1 10 12 1 1 10 12 1 1 10 12 1 1 10 12 1 1 10 12 1 1 10 100 12 1 1 1 10 100 12 1 1 1 10 100 12 1 1 1 9 12 1 10 12 1 1 10 12 1 1 10 12 1 1 10 12 1 1 9 100 1 10 12 1 1 10 12 1 1 10 12 1 10 12 1 1 10 12 1 10 12 1 10 12 1 1 1 1 1 1 1 1 1 1 1 1 1 1 1 1 1 1 1 1 1 1 1 1 1 1 100 1 1 1 1 1 1 1 1 1 1 1 1 1 1 1 1 1 1 1 1 1 1 1 1 1 1 1 1 1 1 1 1 1 1 1 1 1 1 1 1 1 1 1 1 1 1 1 1 1 1 1 1 1 1 1 1 1 1 1 1 1 1 1 1 1 1 1 1 1 1 1 1 1 1 1 1 1 1 1 1 100 1 1 1 1
instanceKlass kotlin/metadata/internal/protobuf/CodedOutputStream$ByteBufferOutputStream
instanceKlass kotlin/metadata/internal/protobuf/ByteString$Output
instanceKlass org/jetbrains/kotlin/protobuf/CodedOutputStream$ByteBufferOutputStream
instanceKlass org/jetbrains/kotlin/protobuf/ByteString$Output
instanceKlass java/io/ByteArrayOutputStream
instanceKlass java/io/FilterOutputStream
instanceKlass java/io/FileOutputStream
ciInstanceKlass java/io/OutputStream 1 1 53 10 7 12 1 1 1 100 1 10 10 100 12 1 1 1 10 100 12 1 1 1 10 12 1 100 1 100 1 1 1 1 1 1 1 1 1 100 1 1 1 1 1 1 1 1 1 1 1 1 1 1 1
instanceKlass java/lang/ArrayIndexOutOfBoundsException
ciInstanceKlass java/lang/IndexOutOfBoundsException 0 0 49 10 100 12 1 1 1 10 12 1 100 1 10 8 1 10 12 1 1 10 12 1 10 12 1 1 10 12 1 100 1 1 1 1 5 0 1 1 1 1 1 1 1 1 1 1 1 1 1
instanceKlass kotlin/metadata/internal/protobuf/CodedOutputStream$OutOfSpaceException
instanceKlass kotlin/metadata/internal/protobuf/InvalidProtocolBufferException
instanceKlass org/jetbrains/kotlin/protobuf/CodedOutputStream$OutOfSpaceException
instanceKlass java/io/UnsupportedEncodingException
instanceKlass org/jetbrains/kotlin/protobuf/InvalidProtocolBufferException
instanceKlass kotlin/io/FileSystemException
instanceKlass java/io/ObjectStreamException
instanceKlass java/io/FileNotFoundException
ciInstanceKlass java/io/IOException 0 0 34 10 100 12 1 1 1 10 12 1 10 12 1 10 12 1 100 1 1 1 1 5 0 1 1 1 1 1 1 1 1 1 1 1
instanceKlass java/util/Collections$UnmodifiableList
instanceKlass java/util/Collections$UnmodifiableSet
ciInstanceKlass java/util/Collections$UnmodifiableCollection 1 1 136 10 7 12 1 1 1 100 1 10 9 7 12 1 1 1 11 7 12 1 1 1 11 12 1 1 11 12 1 1 11 12 1 1 11 12 1 11 12 1 11 12 1 1 7 1 10 12 1 100 1 10 11 12 1 1 11 12 1 1 11 12 1 1 11 12 1 1 11 12 1 100 1 1 1 1 5 0 1 1 1 1 1 1 1 1 1 1 1 1 1 1 1 1 1 1 1 1 1 1 1 1 1 1 1 1 1 1 1 1 1 1 1 1 1 1 1 1 1 1 1 1 1 1 1 1 1 1 1 1 1 1 100 1 1 1
instanceKlass java/util/Collections$UnmodifiableRandomAccessList
ciInstanceKlass java/util/Collections$UnmodifiableList 1 1 127 10 7 12 1 1 1 9 7 12 1 1 1 11 7 12 1 1 1 11 12 1 1 11 12 1 1 100 1 10 12 1 11 12 1 1 11 12 1 10 12 1 1 100 1 10 12 1 11 12 1 1 10 12 1 100 1 100 1 10 1 1 1 5 0 1 1 1 1 1 1 1 1 1 1 1 1 1 1 1 1 1 1 1 1 1 1 1 1 1 1 1 1 1 1 1 1 1 1 1 1 1 1 1 1 1 1 1 1 1 1 1 1 1 1 100 1 1 1 1 1 100 1 1 1 1 1
ciInstanceKlass java/util/Collections$UnmodifiableRandomAccessList 1 1 52 10 7 12 1 1 1 100 1 9 12 1 1 11 100 12 1 1 1 10 100 1 1 1 1 5 0 1 1 1 1 1 1 1 1 1 1 1 1 1 1 1 1 1 1 1 1 100 1 1 1 1
ciInstanceKlass org/jetbrains/kotlin/commonizer/LeafCommonizerTarget 1 1 124 1 7 1 7 1 1 1 1 8 1 7 1 1 12 10 1 12 10 1 12 9 1 7 1 1 12 9 1 7 1 1 12 10 1 7 1 1 12 11 1 1 12 9 1 1 1 1 1 1 8 12 10 12 10 1 1 1 1 1 100 1 100 1 12 10 1 8 1 1 12 10 1 12 10 1 100 10 10 1 1 1 1 1 12 10 1 1 1 7 12 10 1 1 1 1 12 10 1 1 1 1 3 3 1 3 1 3 1 1 1 1 1 1 1 1 1 1 1 1 1 1 1 1
ciInstanceKlass org/jetbrains/kotlin/library/impl/KlibImpl 1 1 245 3 3 3 3 8 8 8 8 8 8 8 100 100 100 7 100 100 7 100 7 7 100 100 100 7 100 100 7 7 100 100 100 100 7 100 7 7 7 7 100 100 9 9 9 9 9 9 9 10 10 10 10 10 10 10 10 10 10 10 10 10 10 10 10 10 10 10 10 10 10 10 11 12 12 12 12 12 12 12 12 12 12 12 12 12 12 12 12 12 12 12 12 12 12 12 12 12 12 12 12 12 1 1 1 1 1 1 1 1 1 1 1 1 1 1 1 1 1 1 1 1 1 1 1 1 1 1 1 1 1 1 1 1 1 1 1 1 1 1 1 1 1 1 1 1 1 1 1 1 1 1 1 1 1 1 1 1 1 1 1 1 1 1 1 1 1 1 1 1 1 1 1 1 1 1 1 1 1 1 1 1 1 1 1 1 1 1 1 1 1 1 1 1 1 1 1 1 1 1 1 1 1 1 1 1 1 1 1 1 1 1 1 1 1 1 1 1 1 1 1 1 1 1 1 1 1 1 1 1 1 1 1 1 1 1 1 1 1 1 1 1 1 1 1
ciInstanceKlass org/jetbrains/kotlin/protobuf/ExtensionRegistryLite$ObjectIntPair 1 1 42 3 7 7 100 7 9 9 10 10 12 12 12 12 1 1 1 1 1 1 1 1 1 1 1 1 1 1 1 1 1 1 1 1 1 1 1 1 1 1 1 1
ciInstanceKlass org/jetbrains/kotlin/protobuf/SmallSortedMap$Entry 1 1 123 8 100 7 100 100 100 100 7 7 9 9 9 10 10 10 10 10 10 10 10 10 10 10 10 10 11 11 11 12 12 12 12 12 12 12 12 12 12 12 12 12 12 12 12 12 12 12 1 1 1 1 1 1 1 1 1 1 1 1 1 1 1 1 1 1 1 1 1 1 1 1 1 1 1 1 1 1 1 1 1 1 1 1 1 1 1 1 1 1 1 1 1 1 1 1 1 1 1 1 1 1 1 1 1 1 1 1 1 1 1 1 1 1 1 1 1 1 1 1 1 1 1
ciInstanceKlass kotlin/metadata/internal/protobuf/ExtensionRegistryLite 1 1 105 1 7 1 7 1 1 7 1 1 7 1 100 1 1 1 1 1 1 1 1 1 1 12 9 1 1 1 1 1 1 1 12 10 1 12 9 1 1 12 10 1 1 1 1 12 9 1 12 10 1 7 1 1 12 11 1 1 1 1 1 1 1 1 1 1 12 10 1 1 12 10 1 1 12 11 1 1 1 10 1 7 10 1 7 1 1 12 10 1 1 12 10 1 1 1 12 10 1 1 1 1 1 1 1
staticfield kotlin/metadata/internal/protobuf/ExtensionRegistryLite EMPTY Lkotlin/metadata/internal/protobuf/ExtensionRegistryLite; kotlin/metadata/internal/protobuf/ExtensionRegistryLite
ciInstanceKlass kotlin/metadata/internal/protobuf/MessageLiteOrBuilder 1 0 11 1 100 1 100 1 1 1 1 1 1
ciInstanceKlass kotlin/metadata/internal/protobuf/MessageLite 1 0 33 1 100 1 100 1 100 1 1 100 1 1 1 1 100 1 1 1 1 1 1 1 1 1 1 1 1 1 1 1 1 1 1
instanceKlass kotlin/metadata/internal/protobuf/GeneratedMessageLite
ciInstanceKlass kotlin/metadata/internal/protobuf/AbstractMessageLite 1 1 128 1 7 1 7 1 100 1 1 100 1 1 100 1 100 1 1 1 1 1 12 10 12 9 1 1 1 1 1 100 1 1 12 10 1 1 12 10 1 1 12 10 1 1 12 10 1 12 10 1 100 1 8 1 12 10 1 1 1 1 1 1 1 100 1 1 12 10 1 12 10 1 8 1 1 1 1 1 1 1 12 10 1 12 10 1 12 10 1 1 1 1 1 12 10 1 1 12 10 1 1 1 1 100 1 12 10 1 1 1 100 1 1 12 10 1 8 1 12 10 1 1 1 1 1 1 1 1
instanceKlass kotlin/metadata/internal/metadata/ProtoBuf$Type$Argument
instanceKlass kotlin/metadata/internal/metadata/ProtoBuf$Annotation$Argument
instanceKlass kotlin/metadata/internal/metadata/ProtoBuf$QualifiedNameTable$QualifiedName
instanceKlass kotlin/metadata/internal/library/metadata/KlibMetadataProtoBuf$Header
instanceKlass kotlin/metadata/internal/metadata/ProtoBuf$QualifiedNameTable
instanceKlass kotlin/metadata/internal/metadata/ProtoBuf$StringTable
instanceKlass kotlin/metadata/internal/metadata/ProtoBuf$Annotation$Argument$Value
instanceKlass kotlin/metadata/internal/metadata/ProtoBuf$Contract
instanceKlass kotlin/metadata/internal/metadata/ProtoBuf$Annotation
instanceKlass kotlin/metadata/internal/metadata/ProtoBuf$VersionRequirementTable
instanceKlass kotlin/metadata/internal/metadata/ProtoBuf$TypeTable
instanceKlass kotlin/metadata/internal/protobuf/GeneratedMessageLite$ExtendableMessage
ciInstanceKlass kotlin/metadata/internal/protobuf/GeneratedMessageLite 1 1 390 1 7 1 7 1 100 1 1 7 1 100 1 1 7 1 1 7 1 1 100 1 1 100 1 1 100 1 1 100 1 1 7 1 7 1 100 1 100 1 1 7 1 7 1 1 100 1 1 100 1 7 1 1 7 1 1 1 5 0 1 1 12 10 1 1 1 1 1 1 1 1 1 100 1 8 1 12 10 1 1 1 100 1 7 1 1 12 10 1 1 1 1 1 1 1 1 1 1 1 1 1 12 10 1 12 10 1 7 1 1 12 10 1 1 12 9 1 1 12 10 1 1 12 10 1 1 12 9 1 1 12 9 1 1 12 10 1 1 12 10 1 12 10 1 12 9 1 12 10 1 12 10 1 1 12 10 1 1 12 11 1 1 12 10 1 1 12 10 1 1 12 10 1 1 12 10 1 1 12 9 1 1 12 10 1 12 10 12 10 1 1 12 10 1 1 12 11 1 1 12 10 1 12 11 1 12 9 1 12 10 1 1 12 10 1 1 12 10 1 12 11 1 100 1 12 10 1 12 10 1 12 10 1 1 1 1 1 1 1 1 1 1 1 1 1 1 1 1 1 1 1 1 1 1 1 1 1 12 10 1 12 10 1 1 1 1 1 1 1 1 1 1 1 1 1 1 1 7 1 1 12 10 1 1 1 1 100 1 100 1 1 12 10 1 100 1 1 12 10 1 100 1 1 12 10 1 100 12 10 12 10 1 8 1 1 12 10 1 8 1 8 1 12 10 1 12 10 1 1 1 1 1 1 1 1 1 1 100 1 100 1 100 1 1 12 10 1 8 1 1 12 10 1 100 1 8 1 1 1 1 1 1 1 1 1 1 1 100 1 12 10 1 12 10 1 1 1 1 1 1 1 1 1 1 1 1 1 1 1
ciInstanceKlass kotlin/metadata/internal/protobuf/FieldSet$FieldDescriptorLite 1 0 47 1 100 1 1 100 1 100 1 1 100 1 100 1 1 100 1 1 100 1 100 1 1 100 1 100 1 1 100 1 1 1 1 1 1 1 1 1 1 1 1 1 1 1 1 1 1
ciInstanceKlass kotlin/metadata/internal/protobuf/InvalidProtocolBufferException 0 0 63 1 100 1 100 1 1 1 5 0 1 1 1 1 12 10 12 9 1 1 1 1 1 1 1 1 1 1 1 8 10 1 1 8 1 1 8 1 1 8 1 1 8 1 1 8 1 1 8 1 1 8 1 1 8 1 1 8 1 1 1 1 1
ciInstanceKlass kotlin/metadata/internal/protobuf/ByteString$Output 1 1 165 1 7 1 7 1 1 7 1 1 1 1 1 1 1 1 1 1 1 1 1 1 12 10 1 100 1 8 1 12 10 12 9 1 7 10 12 9 12 9 1 1 1 12 9 1 12 10 1 1 1 7 1 1 12 10 1 1 1 1 1 1 12 10 1 1 12 10 1 1 1 100 1 1 12 10 1 1 1 1 100 1 1 12 10 1 1 12 10 1 100 12 10 12 10 1 12 10 1 1 1 1 1 1 1 1 1 1 12 9 1 1 12 10 1 1 1 8 1 100 1 1 12 10 1 100 1 1 12 10 10 1 1 12 10 1 100 1 1 12 10 1 100 12 10 1 1 12 10 1 12 10 1 1 12 9 1 1 1 1 1 1 1 1 1
staticfield kotlin/metadata/internal/protobuf/ByteString$Output EMPTY_BYTE_ARRAY [B 0
ciInstanceKlass kotlin/metadata/internal/protobuf/Parser 1 0 36 1 100 1 1 100 1 1 1 1 1 100 1 1 1 1 1 1 1 1 1 1 1 1 1 1 1 1 1 1 1 1 1 1 1 1
ciInstanceKlass kotlin/metadata/internal/protobuf/MessageLite$Builder 1 0 40 1 100 1 100 1 100 1 100 1 1 100 1 1 1 1 1 1 1 1 1 1 100 1 1 1 100 1 1 1 1 1 1 1 1 1 1 1 1 1
ciInstanceKlass kotlin/metadata/internal/protobuf/FieldSet 1 1 700 1 7 1 1 7 1 1 7 1 7 1 1 7 1 100 1 1 7 1 100 1 1 100 1 7 1 1 100 1 100 1 1 7 1 1 100 1 7 1 1 1 1 1 1 1 1 1 1 1 12 10 12 9 1 7 1 1 12 10 12 9 1 1 1 1 12 10 1 1 1 1 10 1 12 9 12 9 10 1 1 1 12 10 1 1 12 10 1 1 12 10 1 1 12 11 1 12 11 1 1 12 10 1 1 12 10 1 7 1 1 12 11 1 7 1 12 11 1 12 11 1 1 1 1 1 1 1 1 1 1 1 12 10 1 1 1 1 1 12 10 12 10 1 100 1 1 12 10 1 1 1 12 10 1 1 12 11 1 1 1 1 1 1 1 1 1 12 10 1 100 11 1 12 10 1 1 1 1 12 11 1 100 1 8 1 12 10 1 1 12 10 1 1 1 1 1 1 7 1 8 1 7 10 1 1 12 11 11 1 1 12 11 1 1 12 10 1 12 10 1 1 1 1 1 1 1 12 10 1 12 10 1 1 1 1 8 12 10 1 12 11 1 1 1 1 100 10 1 12 11 1 1 1 1 1 1 12 11 1 1 1 8 1 1 12 11 1 1 1 100 10 1 1 12 9 1 1 12 10 1 12 10 1 7 1 100 1 100 1 100 1 7 1 7 1 100 1 100 1 1 1 1 1 12 10 1 1 12 11 1 1 12 9 12 11 1 1 1 1 12 10 1 1 1 1 1 1 12 10 1 1 1 100 1 1 12 10 1 1 1 12 10 1 1 12 11 1 1 12 11 1 12 11 1 1 1 1 100 1 12 9 10 1 7 1 1 12 10 1 1 12 10 1 1 12 10 1 12 10 1 1 12 10 1 12 10 1 12 10 1 12 10 1 12 10 1 12 10 1 12 10 1 12 10 1 12 10 1 1 12 10 1 12 10 1 1 12 10 1 12 10 1 12 10 1 12 10 1 12 10 1 12 10 1 8 1 8 1 8 1 100 1 8 10 1 1 1 1 1 1 1 12 10 1 1 1 1 12 10 1 12 11 1 12 11 1 100 1 1 12 10 1 1 1 12 9 1 12 10 12 10 1 1 12 10 1 1 12 10 1 1 12 10 1 1 12 10 1 12 10 1 1 12 10 1 12 10 1 1 12 10 1 12 10 1 12 10 1 1 12 10 1 12 10 1 12 10 1 12 10 1 12 10 1 12 10 1 1 12 10 1 12 10 1 1 12 10 1 1 12 10 1 12 10 1 12 10 1 12 10 1 12 10 1 12 10 11 1 12 10 1 1 1 12 10 1 12 10 12 10 1 1 1 1 1 1 1 12 10 1 1 12 10 1 1 1 12 10 1 1 12 10 1 1 1 1 12 10 1 1 1 12 10 1 1 12 10 1 1 12 10 1 12 10 1 12 10 1 12 10 1 12 10 1 1 12 10 1 1 12 10 1 1 12 10 1 1 12 10 1 1 12 10 1 12 10 1 12 10 1 12 10 1 12 10 1 12 10 1 1 12 10 1 12 10 1 12 10 1 1 12 10 12 10 1 100 12 10 1 12 10 1 1 1 1 1 1 1 1
staticfield kotlin/metadata/internal/protobuf/FieldSet DEFAULT_INSTANCE Lkotlin/metadata/internal/protobuf/FieldSet; kotlin/metadata/internal/protobuf/FieldSet
instanceKlass kotlin/metadata/internal/protobuf/SmallSortedMap$1
ciInstanceKlass kotlin/metadata/internal/protobuf/SmallSortedMap 1 1 257 1 7 1 1 7 1 1 7 1 1 100 1 1 100 1 1 7 1 1 7 1 100 1 100 1 1 7 1 7 1 1 1 1 1 1 1 1 1 1 1 1 1 1 1 1 1 1 12 10 1 1 1 10 1 12 10 12 9 1 7 1 1 12 10 12 9 1 1 12 10 12 9 1 1 1 1 12 9 1 1 12 11 1 1 12 10 1 1 1 7 1 12 11 1 1 1 1 1 12 11 1 1 11 1 1 1 1 12 10 1 1 12 11 1 1 1 7 1 1 12 10 12 11 1 1 1 1 1 1 1 1 1 12 10 12 11 1 1 1 1 12 10 1 12 10 1 12 10 1 1 12 10 1 100 1 12 11 1 12 11 1 1 12 10 1 12 10 1 1 12 11 1 1 1 1 1 1 1 11 12 11 11 1 12 10 12 11 1 11 1 100 1 1 12 11 1 100 1 12 11 1 12 10 12 11 12 11 1 1 1 1 1 1 12 11 1 1 1 1 1 12 9 1 12 10 1 100 10 1 1 100 10 1 7 10 12 10 1 1 1 1 1 1 1 1 1 1 1 1 1 1 1 1 1 1 1
ciInstanceKlass kotlin/metadata/internal/protobuf/LazyField 0 0 64 1 100 1 100 1 1 100 1 100 1 1 100 1 1 1 1 1 1 12 10 12 9 1 1 1 1 1 1 1 1 12 10 1 12 9 1 1 1 12 10 1 1 12 10 1 100 12 10 1 1 12 10 1 1 1 1 12 10 1 1 1 1 1
ciInstanceKlass kotlin/metadata/internal/protobuf/SmallSortedMap$1 1 1 108 1 7 1 1 7 1 1 1 12 1 7 1 100 1 1 7 1 100 1 1 1 1 12 10 1 1 1 1 1 1 1 1 12 10 1 1 12 10 1 1 12 10 1 1 12 11 1 12 11 1 12 11 1 7 1 7 1 1 12 10 1 1 12 11 1 1 12 10 1 7 1 1 12 11 1 7 1 12 11 1 12 11 12 10 1 1 1 1 1 1 1 1 1 1 1 12 10 1 1 1 1 1 1 1 1 1 1
instanceKlass kotlin/metadata/internal/protobuf/RopeByteString
instanceKlass kotlin/metadata/internal/protobuf/LiteralByteString
ciInstanceKlass kotlin/metadata/internal/protobuf/ByteString 1 1 363 1 7 1 1 7 1 100 1 1 100 1 100 1 1 7 1 1 100 1 1 1 3 1 3 1 3 1 1 1 1 1 1 12 10 1 1 1 1 1 1 1 1 1 12 10 1 1 1 12 10 1 1 1 1 1 12 10 1 1 12 10 1 1 1 1 7 1 1 12 10 1 7 1 12 10 1 1 1 1 1 12 10 1 1 100 1 1 12 10 1 1 1 12 10 12 10 1 1 100 1 100 1 1 12 10 1 1 1 1 1 1 8 1 100 1 8 1 12 10 1 1 1 1 1 100 1 12 10 1 1 1 1 1 100 10 1 12 10 1 7 1 12 11 1 100 1 1 12 10 1 12 10 1 1 1 1 1 1 1 100 1 1 12 10 1 1 1 1 1 1 5 0 1 100 1 100 1 12 10 1 8 1 1 12 10 1 12 10 1 8 1 1 12 10 1 12 10 1 7 1 1 12 10 1 1 1 1 1 12 11 1 100 1 12 11 1 1 12 11 12 11 12 9 11 11 1 1 12 10 1 1 1 1 1 1 1 1 1 12 9 1 100 10 12 10 1 1 1 1 1 1 1 1 12 10 1 1 100 1 8 10 1 8 1 8 1 8 1 8 1 12 10 1 1 1 1 1 1 1 100 1 12 9 1 1 1 1 8 1 12 10 1 1 1 1 1 1 1 1 1 1 12 10 1 1 1 1 1 1 1 1 1 1 10 1 1 1 1 1 12 10 1 1 1 1 1 8 1 1 12 10 1 100 1 1 12 10 1 1 12 10 1 1 12 10 12 10 1 1 7 1 12 10 1 1 1 1 1 1 1 1 1
staticfield kotlin/metadata/internal/protobuf/ByteString EMPTY Lkotlin/metadata/internal/protobuf/ByteString; kotlin/metadata/internal/protobuf/LiteralByteString
staticfield kotlin/metadata/internal/protobuf/ByteString $assertionsDisabled Z 0
instanceKlass kotlin/metadata/internal/protobuf/BoundedByteString
ciInstanceKlass kotlin/metadata/internal/protobuf/LiteralByteString 1 1 257 1 7 1 7 1 1 100 1 100 1 1 100 1 1 1 1 1 1 1 1 12 10 12 9 12 9 1 1 1 1 1 1 1 1 1 1 100 1 100 1 12 10 1 8 1 1 12 10 1 12 10 1 8 1 1 12 10 1 12 10 12 10 1 8 1 8 1 8 1 8 1 1 12 9 1 100 1 12 10 1 12 10 1 1 1 1 1 1 1 100 1 1 12 10 1 1 1 1 1 1 1 100 1 1 12 10 1 1 1 1 12 10 1 12 10 1 1 1 1 1 100 10 12 10 1 100 1 1 12 11 1 1 1 1 1 100 1 1 12 10 1 100 1 12 10 1 1 1 1 12 10 1 1 1 100 1 7 1 12 10 1 1 1 1 1 7 1 12 10 1 1 1 1 12 10 1 1 1 10 1 1 12 10 1 100 1 100 12 10 1 100 1 1 12 10 1 1 12 10 12 10 1 8 10 1 1 1 8 1 8 1 1 1 1 1 1 1 12 10 1 1 12 10 1 1 1 1 1 100 10 1 1 1 100 1 1 12 10 1 1 1 12 10 1 1 1 12 10 1 1 1 1 1 1 1 1
instanceKlass kotlin/metadata/internal/protobuf/WireFormat$FieldType$4
instanceKlass kotlin/metadata/internal/protobuf/WireFormat$FieldType$3
instanceKlass kotlin/metadata/internal/protobuf/WireFormat$FieldType$2
instanceKlass kotlin/metadata/internal/protobuf/WireFormat$FieldType$1
ciInstanceKlass kotlin/metadata/internal/protobuf/WireFormat$FieldType 1 1 178 1 7 1 1 7 1 1 100 1 1 7 1 7 1 7 1 7 1 7 1 1 100 1 1 1 1 1 1 1 1 1 1 1 1 1 1 1 1 1 1 1 1 1 1 1 1 1 1 1 12 9 7 1 1 12 10 1 1 1 12 10 1 1 1 1 1 1 12 10 12 9 12 9 1 1 1 1 1 1 1 1 12 10 1 1 1 1 1 1 1 1 8 12 9 12 9 8 12 9 12 9 8 1 12 9 12 9 8 12 9 8 1 12 9 12 9 8 12 9 8 12 9 8 1 12 9 12 9 8 12 9 10 12 9 8 12 9 10 12 9 8 10 12 9 8 1 12 9 10 12 9 8 12 9 8 12 9 12 9 8 12 9 8 12 9 8 12 9 8 12 9 1 1 1 1 1 1
staticfield kotlin/metadata/internal/protobuf/WireFormat$FieldType DOUBLE Lkotlin/metadata/internal/protobuf/WireFormat$FieldType; kotlin/metadata/internal/protobuf/WireFormat$FieldType
staticfield kotlin/metadata/internal/protobuf/WireFormat$FieldType FLOAT Lkotlin/metadata/internal/protobuf/WireFormat$FieldType; kotlin/metadata/internal/protobuf/WireFormat$FieldType
staticfield kotlin/metadata/internal/protobuf/WireFormat$FieldType INT64 Lkotlin/metadata/internal/protobuf/WireFormat$FieldType; kotlin/metadata/internal/protobuf/WireFormat$FieldType
staticfield kotlin/metadata/internal/protobuf/WireFormat$FieldType UINT64 Lkotlin/metadata/internal/protobuf/WireFormat$FieldType; kotlin/metadata/internal/protobuf/WireFormat$FieldType
staticfield kotlin/metadata/internal/protobuf/WireFormat$FieldType INT32 Lkotlin/metadata/internal/protobuf/WireFormat$FieldType; kotlin/metadata/internal/protobuf/WireFormat$FieldType
staticfield kotlin/metadata/internal/protobuf/WireFormat$FieldType FIXED64 Lkotlin/metadata/internal/protobuf/WireFormat$FieldType; kotlin/metadata/internal/protobuf/WireFormat$FieldType
staticfield kotlin/metadata/internal/protobuf/WireFormat$FieldType FIXED32 Lkotlin/metadata/internal/protobuf/WireFormat$FieldType; kotlin/metadata/internal/protobuf/WireFormat$FieldType
staticfield kotlin/metadata/internal/protobuf/WireFormat$FieldType BOOL Lkotlin/metadata/internal/protobuf/WireFormat$FieldType; kotlin/metadata/internal/protobuf/WireFormat$FieldType
staticfield kotlin/metadata/internal/protobuf/WireFormat$FieldType STRING Lkotlin/metadata/internal/protobuf/WireFormat$FieldType; kotlin/metadata/internal/protobuf/WireFormat$FieldType$1
staticfield kotlin/metadata/internal/protobuf/WireFormat$FieldType GROUP Lkotlin/metadata/internal/protobuf/WireFormat$FieldType; kotlin/metadata/internal/protobuf/WireFormat$FieldType$2
staticfield kotlin/metadata/internal/protobuf/WireFormat$FieldType MESSAGE Lkotlin/metadata/internal/protobuf/WireFormat$FieldType; kotlin/metadata/internal/protobuf/WireFormat$FieldType$3
staticfield kotlin/metadata/internal/protobuf/WireFormat$FieldType BYTES Lkotlin/metadata/internal/protobuf/WireFormat$FieldType; kotlin/metadata/internal/protobuf/WireFormat$FieldType$4
staticfield kotlin/metadata/internal/protobuf/WireFormat$FieldType UINT32 Lkotlin/metadata/internal/protobuf/WireFormat$FieldType; kotlin/metadata/internal/protobuf/WireFormat$FieldType
staticfield kotlin/metadata/internal/protobuf/WireFormat$FieldType ENUM Lkotlin/metadata/internal/protobuf/WireFormat$FieldType; kotlin/metadata/internal/protobuf/WireFormat$FieldType
staticfield kotlin/metadata/internal/protobuf/WireFormat$FieldType SFIXED32 Lkotlin/metadata/internal/protobuf/WireFormat$FieldType; kotlin/metadata/internal/protobuf/WireFormat$FieldType
staticfield kotlin/metadata/internal/protobuf/WireFormat$FieldType SFIXED64 Lkotlin/metadata/internal/protobuf/WireFormat$FieldType; kotlin/metadata/internal/protobuf/WireFormat$FieldType
staticfield kotlin/metadata/internal/protobuf/WireFormat$FieldType SINT32 Lkotlin/metadata/internal/protobuf/WireFormat$FieldType; kotlin/metadata/internal/protobuf/WireFormat$FieldType
staticfield kotlin/metadata/internal/protobuf/WireFormat$FieldType SINT64 Lkotlin/metadata/internal/protobuf/WireFormat$FieldType; kotlin/metadata/internal/protobuf/WireFormat$FieldType
staticfield kotlin/metadata/internal/protobuf/WireFormat$FieldType $VALUES [Lkotlin/metadata/internal/protobuf/WireFormat$FieldType; 18 [Lkotlin/metadata/internal/protobuf/WireFormat$FieldType;
ciInstanceKlass kotlin/metadata/internal/protobuf/WireFormat$FieldType$2 1 1 33 1 100 1 7 1 1 100 1 100 1 1 1 100 1 1 1 12 10 1 1 1 1 1 1 1 1 1 1 1 1 1 1
ciInstanceKlass kotlin/metadata/internal/protobuf/WireFormat$FieldType$3 1 1 33 1 100 1 7 1 1 100 1 100 1 1 1 100 1 1 1 12 10 1 1 1 1 1 1 1 1 1 1 1 1 1 1
ciInstanceKlass kotlin/metadata/internal/protobuf/WireFormat$JavaType 1 1 120 1 7 1 1 7 1 1 100 1 1 1 1 1 1 1 1 1 1 1 1 1 1 1 1 1 12 9 7 1 1 12 10 1 1 1 12 10 1 1 1 1 1 1 12 10 12 9 1 1 1 1 8 1 7 1 12 10 12 10 12 9 8 1 7 1 12 10 12 9 8 1 7 1 12 10 12 9 8 1 7 1 12 10 12 9 8 1 7 1 12 10 12 9 8 1 8 12 9 8 1 7 1 1 12 9 12 9 8 12 9 8 12 9 1 1 1 1 1 1
staticfield kotlin/metadata/internal/protobuf/WireFormat$JavaType INT Lkotlin/metadata/internal/protobuf/WireFormat$JavaType; kotlin/metadata/internal/protobuf/WireFormat$JavaType
staticfield kotlin/metadata/internal/protobuf/WireFormat$JavaType LONG Lkotlin/metadata/internal/protobuf/WireFormat$JavaType; kotlin/metadata/internal/protobuf/WireFormat$JavaType
staticfield kotlin/metadata/internal/protobuf/WireFormat$JavaType FLOAT Lkotlin/metadata/internal/protobuf/WireFormat$JavaType; kotlin/metadata/internal/protobuf/WireFormat$JavaType
staticfield kotlin/metadata/internal/protobuf/WireFormat$JavaType DOUBLE Lkotlin/metadata/internal/protobuf/WireFormat$JavaType; kotlin/metadata/internal/protobuf/WireFormat$JavaType
staticfield kotlin/metadata/internal/protobuf/WireFormat$JavaType BOOLEAN Lkotlin/metadata/internal/protobuf/WireFormat$JavaType; kotlin/metadata/internal/protobuf/WireFormat$JavaType
staticfield kotlin/metadata/internal/protobuf/WireFormat$JavaType STRING Lkotlin/metadata/internal/protobuf/WireFormat$JavaType; kotlin/metadata/internal/protobuf/WireFormat$JavaType
staticfield kotlin/metadata/internal/protobuf/WireFormat$JavaType BYTE_STRING Lkotlin/metadata/internal/protobuf/WireFormat$JavaType; kotlin/metadata/internal/protobuf/WireFormat$JavaType
staticfield kotlin/metadata/internal/protobuf/WireFormat$JavaType ENUM Lkotlin/metadata/internal/protobuf/WireFormat$JavaType; kotlin/metadata/internal/protobuf/WireFormat$JavaType
staticfield kotlin/metadata/internal/protobuf/WireFormat$JavaType MESSAGE Lkotlin/metadata/internal/protobuf/WireFormat$JavaType; kotlin/metadata/internal/protobuf/WireFormat$JavaType
staticfield kotlin/metadata/internal/protobuf/WireFormat$JavaType $VALUES [Lkotlin/metadata/internal/protobuf/WireFormat$JavaType; 9 [Lkotlin/metadata/internal/protobuf/WireFormat$JavaType;
ciInstanceKlass kotlin/metadata/internal/protobuf/GeneratedMessageLite$GeneratedExtension 1 1 166 1 7 1 1 7 1 1 7 1 100 1 1 1 7 1 100 1 1 7 1 100 1 1 7 1 1 1 1 1 1 1 1 1 1 1 1 1 1 1 1 1 1 12 10 1 100 1 8 1 12 10 1 1 12 10 1 1 12 9 1 8 12 9 12 9 12 9 12 9 12 9 1 7 1 1 12 10 1 8 1 100 1 12 9 1 1 12 10 12 9 1 1 1 1 1 1 1 1 12 10 1 1 1 1 1 12 10 1 1 12 10 1 1 12 9 1 100 10 1 100 1 1 12 11 1 100 1 12 11 1 1 12 11 1 12 10 1 1 12 11 1 1 1 1 1 1 1 1 12 10 1 1 12 10 11 1 12 10 1 1 1 1 1 1 1
ciInstanceKlass kotlin/metadata/internal/protobuf/GeneratedMessageLite$ExtensionDescriptor 1 1 101 1 7 1 1 7 1 100 1 1 100 1 100 1 1 7 1 100 1 1 100 1 1 100 1 1 100 1 100 1 1 100 1 1 100 1 1 1 1 1 1 1 1 1 1 1 1 1 1 12 10 12 9 12 9 12 9 12 9 12 9 1 1 1 1 1 1 1 1 1 12 10 1 1 1 1 1 1 1 1 12 10 1 1 1 1 1 1 1 1 12 10 1 1 1 1 1 1 1 1 1
ciInstanceKlass kotlin/metadata/internal/protobuf/Internal$EnumLite 1 0 13 1 100 1 100 1 1 100 1 1 1 1 1
ciInstanceKlass kotlin/metadata/internal/metadata/ProtoBuf$AnnotationOrBuilder 1 0 30 1 100 1 100 1 100 1 1 100 1 100 1 1 100 1 1 1 1 1 1 1 1 1 1 1 1 1 1 1
ciInstanceKlass kotlin/metadata/internal/metadata/ProtoBuf$Annotation 1 1 356 1 7 1 7 1 100 1 1 100 1 1 7 1 1 7 1 1 100 1 1 7 1 7 1 7 1 7 1 1 100 1 100 1 100 1 1 1 1 1 1 1 1 1 1 1 3 1 1 3 1 1 1 1 1 1 1 1 5 0 1 1 12 10 12 9 12 9 1 1 12 10 12 9 1 1 1 1 1 12 10 1 12 9 1 1 1 1 12 9 1 1 1 100 1 100 1 12 10 1 1 12 10 1 7 1 1 12 10 1 7 1 100 1 1 12 10 1 1 12 10 12 9 1 12 10 12 9 1 7 10 12 9 12 9 1 1 12 10 1 7 1 1 12 11 1 7 1 1 12 10 1 12 10 1 12 10 1 100 1 12 10 1 1 12 10 1 1 12 10 1 12 10 1 1 1 1 1 1 1 1 1 1 1 1 1 1 1 1 1 9 1 1 1 1 1 1 1 1 1 1 12 11 1 1 1 1 12 11 1 1 1 1 12 10 1 12 10 12 10 12 10 12 10 1 1 1 1 12 10 1 1 12 10 1 1 12 10 1 1 12 10 1 1 1 12 10 1 1 12 10 10 1 1 1 100 12 10 1 1 1 100 1 12 11 1 1 1 12 11 1 1 12 11 1 1 1 12 11 1 1 12 11 1 1 1 12 11 1 12 11 12 11 1 1 12 11 1 1 12 11 1 1 1 12 10 1 12 10 1 1 12 10 1 1 12 10 1 12 10 12 10 1 12 10 1 12 10 1 1 1 1 1 10 1 1 1 1 1 1 1 1 1 1 10 12 10 1 1 1 1 1 1 1 1 1
staticfield kotlin/metadata/internal/metadata/ProtoBuf$Annotation defaultInstance Lkotlin/metadata/internal/metadata/ProtoBuf$Annotation; kotlin/metadata/internal/metadata/ProtoBuf$Annotation
ciInstanceKlass kotlin/metadata/internal/metadata/ProtoBuf$Annotation$1 1 1 42 1 7 1 1 7 1 1 7 1 100 1 1 100 1 1 12 10 1 1 1 1 1 100 1 12 10 1 1 1 1 1 12 10 1 1 1 1 1 1 1 1
ciInstanceKlass kotlin/metadata/internal/metadata/ProtoBuf$Annotation$Argument$ValueOrBuilder 1 0 59 1 100 1 100 1 100 1 1 100 1 100 1 1 100 1 1 100 1 1 100 1 1 1 1 1 1 1 1 1 1 1 1 1 1 1 1 1 1 1 1 1 1 1 1 1 1 1 1 1 1 1 1 1 1 1 1 1 1
ciInstanceKlass kotlin/metadata/internal/metadata/ProtoBuf$Annotation$Argument$Value 1 1 521 1 7 1 7 1 100 1 1 7 1 100 1 1 100 1 1 1 7 1 1 7 1 1 7 1 7 1 100 1 7 1 7 1 1 1 100 1 100 1 100 1 1 1 1 1 1 1 1 1 1 3 1 1 1 3 1 1 1 3 1 1 1 3 1 1 1 3 1 1 3 1 1 3 1 1 3 1 1 1 3 1 1 1 1 3 1 1 3 1 1 1 1 1 5 0 1 1 12 10 12 9 12 9 1 1 12 10 12 9 1 1 1 1 1 12 10 1 12 9 1 1 1 1 12 9 1 1 1 100 1 100 1 12 10 1 1 12 10 1 7 1 1 12 10 1 7 1 100 1 1 12 10 1 1 12 10 1 12 10 1 1 12 10 1 1 12 10 12 9 12 9 1 1 12 10 12 9 1 1 12 10 12 9 1 1 12 10 12 9 1 12 10 12 9 12 9 12 9 12 9 1 1 12 10 12 9 1 1 12 10 1 1 12 10 1 1 12 10 1 100 10 12 9 9 1 7 1 1 12 11 12 9 12 9 1 7 1 1 12 10 1 12 10 1 12 10 1 100 1 12 10 1 1 12 10 1 1 12 10 1 12 10 1 1 1 1 1 1 1 1 1 1 1 1 1 1 1 1 1 1 1 1 1 1 1 1 1 1 1 1 1 1 1 1 1 1 1 1 1 1 1 1 1 1 1 1 1 1 12 11 1 1 1 1 12 11 1 1 1 1 1 1 1 1 12 9 12 10 1 12 10 1 12 10 12 10 12 10 12 10 12 10 10 1 1 1 1 12 10 1 12 10 1 1 12 10 1 1 12 10 1 1 12 10 1 1 12 10 1 12 10 1 1 12 10 1 1 12 10 1 1 1 12 10 1 1 12 10 1 1 12 10 1 1 12 10 1 12 10 1 1 12 10 10 1 1 1 100 12 10 1 1 1 100 1 12 11 1 1 1 12 11 1 1 12 11 1 1 1 12 11 1 1 12 11 1 1 1 12 11 1 12 11 12 11 1 1 12 11 1 1 12 11 1 1 1 12 10 1 12 10 1 12 10 1 12 10 1 12 10 12 10 1 12 10 1 12 10 1 1 1 1 1 10 1 1 1 1 1 1 1 1 1 1 1 1 1 1 1 1 1 1 1 1 1 1 1 1 10 12 10 1 1 1 1 1 1 1 1 1
staticfield kotlin/metadata/internal/metadata/ProtoBuf$Annotation$Argument$Value defaultInstance Lkotlin/metadata/internal/metadata/ProtoBuf$Annotation$Argument$Value; kotlin/metadata/internal/metadata/ProtoBuf$Annotation$Argument$Value
ciInstanceKlass kotlin/metadata/internal/metadata/ProtoBuf$Annotation$Argument$Value$1 1 1 48 1 7 1 1 7 1 1 7 1 100 1 100 1 1 100 1 1 1 100 1 1 12 10 1 1 1 1 1 100 1 12 10 1 1 1 1 1 12 10 1 1 1 1 1 1 1 1
ciInstanceKlass kotlin/metadata/internal/metadata/ProtoBuf$Annotation$Argument$Value$Type 1 1 163 1 7 1 1 7 1 100 1 1 100 1 100 1 1 100 1 1 100 1 1 1 7 1 100 1 100 1 1 1 1 1 1 1 1 1 1 1 1 1 1 1 1 1 1 3 1 3 1 3 1 3 1 3 1 3 1 3 1 3 1 3 1 3 1 3 1 3 1 3 1 1 1 1 1 1 1 1 12 9 7 1 1 12 10 1 1 1 12 10 1 1 1 1 12 9 1 1 12 9 12 9 12 9 12 9 12 9 12 9 12 9 12 9 12 9 12 9 12 9 12 9 12 9 1 1 1 12 9 1 1 1 1 12 10 1 1 1 8 12 10 8 8 8 8 8 8 8 8 8 8 8 8 12 10 1 1 1 1 1 1 1 1
staticfield kotlin/metadata/internal/metadata/ProtoBuf$Annotation$Argument$Value$Type BYTE Lkotlin/metadata/internal/metadata/ProtoBuf$Annotation$Argument$Value$Type; kotlin/metadata/internal/metadata/ProtoBuf$Annotation$Argument$Value$Type
staticfield kotlin/metadata/internal/metadata/ProtoBuf$Annotation$Argument$Value$Type CHAR Lkotlin/metadata/internal/metadata/ProtoBuf$Annotation$Argument$Value$Type; kotlin/metadata/internal/metadata/ProtoBuf$Annotation$Argument$Value$Type
staticfield kotlin/metadata/internal/metadata/ProtoBuf$Annotation$Argument$Value$Type SHORT Lkotlin/metadata/internal/metadata/ProtoBuf$Annotation$Argument$Value$Type; kotlin/metadata/internal/metadata/ProtoBuf$Annotation$Argument$Value$Type
staticfield kotlin/metadata/internal/metadata/ProtoBuf$Annotation$Argument$Value$Type INT Lkotlin/metadata/internal/metadata/ProtoBuf$Annotation$Argument$Value$Type; kotlin/metadata/internal/metadata/ProtoBuf$Annotation$Argument$Value$Type
staticfield kotlin/metadata/internal/metadata/ProtoBuf$Annotation$Argument$Value$Type LONG Lkotlin/metadata/internal/metadata/ProtoBuf$Annotation$Argument$Value$Type; kotlin/metadata/internal/metadata/ProtoBuf$Annotation$Argument$Value$Type
staticfield kotlin/metadata/internal/metadata/ProtoBuf$Annotation$Argument$Value$Type FLOAT Lkotlin/metadata/internal/metadata/ProtoBuf$Annotation$Argument$Value$Type; kotlin/metadata/internal/metadata/ProtoBuf$Annotation$Argument$Value$Type
staticfield kotlin/metadata/internal/metadata/ProtoBuf$Annotation$Argument$Value$Type DOUBLE Lkotlin/metadata/internal/metadata/ProtoBuf$Annotation$Argument$Value$Type; kotlin/metadata/internal/metadata/ProtoBuf$Annotation$Argument$Value$Type
staticfield kotlin/metadata/internal/metadata/ProtoBuf$Annotation$Argument$Value$Type BOOLEAN Lkotlin/metadata/internal/metadata/ProtoBuf$Annotation$Argument$Value$Type; kotlin/metadata/internal/metadata/ProtoBuf$Annotation$Argument$Value$Type
staticfield kotlin/metadata/internal/metadata/ProtoBuf$Annotation$Argument$Value$Type STRING Lkotlin/metadata/internal/metadata/ProtoBuf$Annotation$Argument$Value$Type; kotlin/metadata/internal/metadata/ProtoBuf$Annotation$Argument$Value$Type
staticfield kotlin/metadata/internal/metadata/ProtoBuf$Annotation$Argument$Value$Type CLASS Lkotlin/metadata/internal/metadata/ProtoBuf$Annotation$Argument$Value$Type; kotlin/metadata/internal/metadata/ProtoBuf$Annotation$Argument$Value$Type
staticfield kotlin/metadata/internal/metadata/ProtoBuf$Annotation$Argument$Value$Type ENUM Lkotlin/metadata/internal/metadata/ProtoBuf$Annotation$Argument$Value$Type; kotlin/metadata/internal/metadata/ProtoBuf$Annotation$Argument$Value$Type
staticfield kotlin/metadata/internal/metadata/ProtoBuf$Annotation$Argument$Value$Type ANNOTATION Lkotlin/metadata/internal/metadata/ProtoBuf$Annotation$Argument$Value$Type; kotlin/metadata/internal/metadata/ProtoBuf$Annotation$Argument$Value$Type
staticfield kotlin/metadata/internal/metadata/ProtoBuf$Annotation$Argument$Value$Type ARRAY Lkotlin/metadata/internal/metadata/ProtoBuf$Annotation$Argument$Value$Type; kotlin/metadata/internal/metadata/ProtoBuf$Annotation$Argument$Value$Type
staticfield kotlin/metadata/internal/metadata/ProtoBuf$Annotation$Argument$Value$Type $VALUES [Lkotlin/metadata/internal/metadata/ProtoBuf$Annotation$Argument$Value$Type; 13 [Lkotlin/metadata/internal/metadata/ProtoBuf$Annotation$Argument$Value$Type;
ciInstanceKlass kotlin/metadata/internal/protobuf/Internal$EnumLiteMap 1 0 19 1 100 1 1 100 1 1 100 1 100 1 1 1 1 1 1 1 1
ciInstanceKlass kotlin/metadata/internal/protobuf/ExtensionRegistryLite$ObjectIntPair 1 1 42 1 7 1 7 1 1 100 1 1 1 1 1 1 1 1 12 10 12 9 12 9 1 1 1 1 1 7 1 1 12 10 3 1 1 1 1 1 1 1 1 1
ciInstanceKlass kotlin/metadata/internal/protobuf/CodedInputStream 1 1 586 1 7 1 7 1 1 100 1 1 100 1 1 7 1 7 1 1 1 1 1 1 1 1 1 1 1 1 1 1 1 1 1 1 1 3 1 3 1 3 1 1 1 1 1 1 12 10 1 1 12 10 1 1 100 1 12 10 1 1 12 10 100 1 100 1 12 10 1 1 1 1 1 1 1 1 100 1 1 12 10 1 1 12 10 1 1 12 10 1 12 10 1 12 10 1 1 12 10 1 1 12 10 12 10 1 1 1 1 12 10 1 100 1 12 10 1 1 1 1 12 9 12 9 1 1 12 10 1 1 1 100 1 12 10 12 9 1 12 10 1 7 1 12 10 1 12 10 1 1 1 12 10 1 1 1 1 1 12 10 1 12 10 1 12 10 1 12 10 1 1 12 10 12 10 1 12 10 1 1 1 1 12 10 1 100 1 12 10 1 1 12 10 1 12 10 1 12 10 1 1 12 10 1 1 12 10 1 12 10 1 12 10 1 12 10 1 1 1 1 1 12 10 12 10 12 10 1 12 10 1 1 1 7 1 1 12 10 1 1 1 100 1 1 12 10 1 1 12 10 1 1 1 1 1 1 12 9 12 9 1 7 12 9 1 8 1 12 10 1 8 1 1 12 10 1 12 10 1 1 1 100 1 1 12 10 1 12 10 1 1 1 1 1 1 12 11 1 1 1 1 1 1 1 1 7 1 1 12 11 1 1 1 1 1 1 1 1 12 10 1 1 1 12 10 1 1 1 1 12 9 12 9 1 100 10 1 7 1 1 12 10 1 12 9 1 12 10 1 1 100 1 1 12 10 1 12 9 1 1 12 10 1 12 10 12 10 1 100 1 12 9 1 1 1 1 1 1 12 10 1 1 1 12 10 5 0 5 0 5 0 5 0 1 12 10 1 1 1 12 10 1 1 1 12 10 1 12 10 1 1 100 1 12 10 1 12 10 1 12 10 1 1 1 5 0 5 0 5 0 5 0 1 1 1 12 10 5 0 1 12 10 3 12 9 12 9 12 9 12 9 12 9 1 12 10 1 1 1 1 100 10 1 8 1 1 12 10 1 12 10 1 12 10 1 12 10 1 1 1 8 1 1 12 10 1 12 10 1 12 9 1 1 1 1 12 10 1 1 1 100 1 8 1 8 10 1 12 11 1 100 1 1 12 10 1 12 10 1 8 1 8 1 12 10 1 1 1 12 9 12 10 1 100 10 1 100 1 100 1 12 10 1 1 12 11 1 1 12 11 1 100 1 12 11 1 1 12 11 1 1 1 1 1 1 1 1 12 10 1 1 1 1 1 1 1 1 1 1 1 1 1 1 1 1 1
ciInstanceKlass kotlin/metadata/internal/protobuf/CodedOutputStream 1 1 530 1 7 1 7 1 1 100 1 1 100 1 1 1 1 1 1 1 1 1 1 3 1 3 1 3 1 1 1 1 1 1 12 10 12 9 12 9 12 9 12 9 12 9 1 1 1 1 1 1 1 1 12 10 12 10 1 1 1 12 10 1 12 10 1 1 12 10 1 1 1 12 10 1 1 1 100 1 1 12 10 1 1 12 10 1 1 1 1 1 1 1 12 10 1 1 1 1 1 12 10 1 1 1 12 10 1 1 1 12 10 1 1 12 10 1 1 12 10 1 1 1 1 12 10 1 1 1 1 1 12 10 1 1 1 1 1 12 10 1 1 1 12 10 1 1 12 10 1 1 1 1 12 10 1 1 1 1 1 12 10 1 12 10 1 1 1 12 10 1 1 12 10 1 1 12 10 1 1 12 10 1 1 12 10 1 1 12 10 1 1 12 10 1 12 10 12 10 1 12 10 1 100 1 1 12 10 1 12 10 1 100 1 1 12 10 1 12 10 1 12 10 1 12 10 1 12 10 1 8 1 100 1 1 12 10 1 12 10 1 1 100 1 1 12 11 1 1 1 12 11 1 100 1 12 10 12 10 12 10 1 100 1 12 10 12 10 1 12 10 1 1 12 10 1 1 1 12 10 1 1 12 10 1 1 1 12 10 1 1 1 1 12 10 1 1 12 10 1 1 1 12 10 1 1 12 10 1 1 12 10 1 1 1 1 12 10 1 1 1 1 12 10 1 1 1 1 12 10 1 12 10 1 1 12 10 1 1 1 1 12 10 1 1 1 1 12 10 1 1 1 1 12 10 1 1 1 1 12 10 1 1 1 12 10 1 1 12 10 1 1 12 10 1 1 12 10 1 1 12 10 1 1 12 10 1 12 10 12 10 1 12 10 1 12 10 1 12 10 1 12 10 1 100 1 100 1 8 1 12 10 1 1 1 1 100 10 1 10 1 7 1 12 10 1 12 10 1 1 100 1 8 12 10 1 12 10 1 100 1 8 10 1 1 1 12 10 1 12 10 1 1 12 10 1 1 12 10 1 12 10 1 1 12 10 1 1 12 10 1 12 10 1 1 12 10 1 1 12 10 1 1 100 1 1 12 10 1 1 12 10 1 12 10 1 100 1 12 10 1 3 3 5 0 5 0 5 0 5 0 5 0 5 0 5 0 5 0 5 0 1 1 1 1 1 1 1 1 1 1
ciInstanceKlass kotlin/metadata/internal/protobuf/WireFormat 1 1 68 1 7 1 100 1 1 100 1 100 1 1 100 1 1 1 3 1 3 1 3 1 3 1 3 1 3 1 1 3 1 1 1 1 1 1 1 1 1 12 10 1 1 1 1 1 1 1 1 1 1 1 12 10 12 9 12 9 12 9 12 9 1 1 1 1 1 1
staticfield kotlin/metadata/internal/protobuf/WireFormat MESSAGE_SET_ITEM_TAG I 11
staticfield kotlin/metadata/internal/protobuf/WireFormat MESSAGE_SET_ITEM_END_TAG I 12
staticfield kotlin/metadata/internal/protobuf/WireFormat MESSAGE_SET_TYPE_ID_TAG I 16
staticfield kotlin/metadata/internal/protobuf/WireFormat MESSAGE_SET_MESSAGE_TAG I 26
ciInstanceKlass kotlin/metadata/internal/protobuf/GeneratedMessageLite$1 1 1 44 1 7 1 100 1 1 100 1 7 1 100 1 1 1 1 1 1 100 1 1 12 10 12 9 1 1 12 9 1 1 12 10 1 12 9 1 1 1 1 1 1 1 1
staticfield kotlin/metadata/internal/protobuf/GeneratedMessageLite$1 $SwitchMap$com$google$protobuf$WireFormat$JavaType [I 9
ciInstanceKlass kotlin/metadata/internal/protobuf/FieldSet$1 1 1 125 1 7 1 100 1 1 100 1 7 1 100 1 1 7 1 1 1 1 1 1 1 100 1 1 12 10 12 9 1 1 12 9 1 1 12 10 1 12 9 1 12 9 1 12 9 1 12 9 1 12 9 1 12 9 1 12 9 1 12 9 1 12 9 1 12 9 1 12 9 1 12 9 1 12 9 1 12 9 1 12 9 1 12 9 1 12 9 1 12 10 12 9 1 1 12 9 10 1 12 9 12 9 12 9 1 12 9 12 9 1 12 9 12 9 12 9 1 1 1 1 1 1 1 1
staticfield kotlin/metadata/internal/protobuf/FieldSet$1 $SwitchMap$com$google$protobuf$WireFormat$JavaType [I 9
staticfield kotlin/metadata/internal/protobuf/FieldSet$1 $SwitchMap$com$google$protobuf$WireFormat$FieldType [I 18
ciInstanceKlass kotlin/metadata/internal/protobuf/SmallSortedMap$Entry 1 1 123 1 7 1 1 7 1 100 1 100 1 1 100 1 1 7 1 1 1 1 1 1 1 1 1 1 1 1 1 12 11 1 12 11 1 12 10 1 1 1 1 1 1 1 12 9 1 12 10 12 9 12 9 1 1 1 1 1 1 12 10 1 12 11 1 1 1 1 1 1 12 10 1 1 1 1 1 12 10 1 1 1 1 12 10 1 1 1 100 1 1 12 10 1 100 1 12 10 1 12 10 1 1 12 10 1 8 12 10 12 10 1 1 12 10 1 1 1 1 1 1 1 1
instanceKlass kotlin/metadata/internal/protobuf/GeneratedMessageLite$Builder
ciInstanceKlass kotlin/metadata/internal/protobuf/AbstractMessageLite$Builder 1 1 232 1 100 1 1 7 1 100 1 1 100 1 1 100 1 1 100 1 1 12 10 1 1 1 1 1 1 1 1 1 1 100 1 100 1 1 12 10 1 12 10 1 1 1 1 1 1 100 1 100 1 1 12 10 12 10 1 100 1 1 12 10 1 100 1 8 1 12 10 1 1 1 1 1 1 1 1 1 1 1 1 12 10 1 1 1 1 12 10 1 8 1 1 1 1 1 1 12 10 1 1 1 1 12 10 1 1 1 1 1 1 1 100 1 1 12 10 1 1 12 10 1 12 10 12 10 1 1 1 1 12 10 1 1 1 100 1 12 10 1 1 1 1 1 1 100 1 1 12 11 1 1 12 10 1 100 1 12 11 1 100 1 1 12 11 1 100 1 1 12 11 1 1 12 11 1 100 10 1 1 12 11 1 1 1 1 1 1 1 1 1 1 1 1 1 1 100 12 10 1 1 1 1 12 10 1 1 1 1 12 10 1 1 12 10 1 12 10 1 12 10 1 1 1 1 1 1 1 1 1 1 1
instanceKlass kotlin/metadata/internal/metadata/ProtoBuf$Annotation$Argument$Value$Builder
instanceKlass kotlin/metadata/internal/metadata/ProtoBuf$Annotation$Builder
instanceKlass kotlin/metadata/internal/metadata/ProtoBuf$TypeTable$Builder
ciInstanceKlass kotlin/metadata/internal/protobuf/GeneratedMessageLite$Builder 1 1 92 1 7 1 1 7 1 1 100 1 1 100 1 100 1 100 1 1 1 1 12 10 1 7 1 12 9 12 9 1 1 1 1 1 1 1 1 100 1 8 1 12 10 1 1 1 1 1 1 1 1 1 100 1 100 1 1 12 10 1 1 1 1 1 1 1 1 1 1 1 1 1 1 12 10 1 12 10 1 12 10 1 1 100 1 1 1 1 1 1 1 1
ciInstanceKlass kotlin/metadata/internal/protobuf/UninitializedMessageException 0 0 98 1 100 1 100 1 1 1 5 0 1 1 1 1 1 1 8 1 12 10 12 9 1 1 1 1 1 1 1 1 12 10 1 1 1 1 100 1 1 12 10 1 1 1 100 1 1 12 10 10 1 1 100 1 8 10 1 100 1 1 12 11 1 100 1 1 12 11 1 1 12 11 1 100 1 8 1 1 12 10 1 12 10 1 1 1 1 1 1 1 1 1 1 1 1 1 1 1
ciInstanceKlass kotlin/metadata/internal/metadata/ProtoBuf$Annotation$Builder 1 1 287 1 7 1 1 7 1 100 1 1 7 1 100 1 1 100 1 1 1 100 1 100 1 100 1 100 1 100 1 100 1 1 100 1 1 1 1 1 1 1 1 12 10 1 7 1 1 12 10 12 9 1 12 10 1 1 1 1 10 1 1 12 10 12 9 12 9 1 12 10 1 1 12 10 1 1 12 10 1 1 12 10 1 1 1 12 10 1 1 12 10 1 1 1 12 10 1 1 12 10 1 1 12 10 1 1 12 10 1 12 10 1 1 1 12 10 1 1 12 10 1 1 12 10 1 1 12 10 1 7 1 12 11 1 12 10 1 1 12 11 1 1 12 10 1 1 12 10 1 7 1 1 12 10 1 1 12 10 1 10 1 12 10 1 1 12 10 10 1 1 1 100 1 100 1 1 12 9 1 7 1 1 12 11 1 100 1 100 1 1 12 10 1 100 1 1 1 1 1 1 1 1 1 1 100 1 12 10 1 1 1 12 11 1 1 12 11 1 1 1 1 100 10 1 1 12 11 1 1 1 12 10 1 1 1 1 1 1 12 11 1 12 11 1 1 1 1 1 12 10 1 1 1 1 1 1 12 11 1 12 10 1 12 10 12 10 1 12 10 1 1 1 12 10 1 1 100 1 1 1 1 1 1 1 1 1 1
ciInstanceKlass kotlin/metadata/internal/metadata/ProtoBuf$Annotation$ArgumentOrBuilder 1 0 29 1 100 1 100 1 100 1 1 100 1 100 1 1 100 1 1 100 1 1 1 1 1 1 1 1 1 1 1
ciInstanceKlass kotlin/metadata/internal/metadata/ProtoBuf$Annotation$Argument 1 1 339 1 7 1 7 1 100 1 1 100 1 100 1 1 1 100 1 1 7 1 1 100 1 1 7 1 100 1 100 1 7 1 7 1 1 100 1 100 1 100 1 1 1 1 1 1 1 1 1 1 1 3 1 1 3 1 1 1 1 1 1 1 5 0 1 1 12 10 12 9 12 9 1 1 12 10 12 9 1 1 1 1 1 12 10 1 12 9 1 1 1 1 12 9 1 1 1 100 1 100 1 12 10 1 1 12 10 1 7 1 1 12 10 1 7 1 100 1 1 12 10 1 1 12 10 12 9 1 12 10 12 9 12 9 1 1 12 10 12 9 1 1 12 10 1 1 12 10 1 1 12 10 1 12 10 1 12 10 1 100 1 12 10 1 1 12 10 1 1 12 10 1 12 10 1 1 1 1 1 1 1 1 1 1 1 1 1 1 1 1 1 1 1 9 1 1 1 1 1 12 10 1 12 10 12 10 12 10 12 10 1 1 1 12 10 1 1 12 10 1 1 12 10 1 1 12 10 1 1 1 12 10 1 1 12 10 1 12 10 1 1 1 100 12 10 1 1 1 100 1 12 11 1 1 1 12 11 1 1 12 11 1 1 1 12 11 1 1 12 11 1 1 1 12 11 1 12 11 12 11 1 1 12 11 1 1 12 11 1 1 1 12 10 1 12 10 1 12 10 1 12 10 1 12 10 12 10 1 12 10 1 12 10 1 1 1 1 1 10 1 1 1 1 1 1 1 1 10 12 10 1 1 1 1 1 1 1 1 1
staticfield kotlin/metadata/internal/metadata/ProtoBuf$Annotation$Argument defaultInstance Lkotlin/metadata/internal/metadata/ProtoBuf$Annotation$Argument; kotlin/metadata/internal/metadata/ProtoBuf$Annotation$Argument
ciInstanceKlass kotlin/metadata/internal/protobuf/RopeByteString 1 1 367 1 7 1 7 1 1 100 1 100 1 1 100 1 1 100 1 1 100 1 1 100 1 1 1 1 1 1 1 1 1 1 1 1 1 1 12 10 12 9 12 9 12 9 1 1 12 10 12 9 12 9 1 12 10 1 100 1 1 12 10 12 9 1 1 1 1 1 1 12 10 12 10 10 12 9 1 12 10 1 1 12 10 1 1 1 1 1 1 1 12 10 1 100 1 12 10 1 1 1 1 1 1 1 1 1 100 1 100 1 12 10 1 8 1 1 12 10 1 12 10 1 1 12 10 1 12 10 1 8 1 8 12 10 1 1 1 1 1 1 1 100 1 8 1 8 10 1 8 1 8 1 8 1 12 9 12 10 1 12 10 1 1 1 1 1 1 12 10 1 1 1 1 1 12 10 1 1 1 1 1 12 10 1 100 1 1 12 10 1 12 10 1 1 1 1 1 7 10 1 12 10 1 12 10 1 1 12 10 12 10 1 7 1 1 12 11 1 1 1 1 1 1 1 1 1 100 12 10 1 1 1 1 12 10 1 1 1 1 1 100 1 100 1 12 10 1 1 1 1 1 12 10 1 1 1 1 1 1 1 12 10 1 1 12 10 1 1 1 1 1 100 1 12 11 10 1 12 10 1 1 12 10 1 100 10 1 1 1 1 1 1 1 1 1 1 1 1 1 1 1 1 12 10 1 10 1 1 1 12 10 1 100 1 1 12 10 1 1 1 1 1 12 10 1 12 10 1 1 1 1 1 1 1 1 1 1 1 1 7 1 1 12 10 3 11 1 1 12 11 1 12 10 1 1 1 1 1 1 1 1 1 1 1 1 1 1
staticfield kotlin/metadata/internal/protobuf/RopeByteString minLengthByDepth [I 46
ciInstanceKlass kotlin/metadata/internal/metadata/ProtoBuf$Annotation$Argument$Value$Builder 1 1 470 1 7 1 1 7 1 100 1 1 7 1 100 1 1 100 1 1 7 1 1 7 1 1 1 100 1 100 1 100 1 100 1 100 1 100 1 1 100 1 1 1 1 1 1 1 1 1 1 1 1 1 1 1 1 1 1 1 1 1 1 12 10 1 12 9 12 9 1 1 12 10 12 9 1 7 1 1 12 10 12 9 1 12 10 1 1 1 1 10 1 1 12 10 12 9 12 9 12 9 12 9 12 9 12 9 12 9 12 9 12 9 1 12 10 1 1 12 10 1 1 12 10 1 12 10 1 1 1 12 10 1 1 12 10 1 1 1 12 10 1 1 12 10 1 1 12 10 1 1 12 10 1 1 12 10 1 1 12 10 1 12 10 1 12 10 1 1 12 10 1 1 12 10 1 1 12 10 1 12 10 1 12 10 1 12 10 1 1 1 12 10 1 1 12 10 1 1 12 10 1 12 10 1 1 12 10 1 1 12 10 1 12 10 1 1 12 10 1 1 12 10 1 12 10 1 1 12 10 1 1 12 10 1 12 10 1 1 12 10 1 1 12 10 1 12 10 1 12 10 1 12 10 1 12 10 1 12 10 1 12 10 1 12 10 1 12 10 1 1 12 10 1 1 12 10 1 7 1 12 11 1 12 10 1 1 12 11 1 12 10 1 12 10 1 12 10 1 12 10 1 12 10 1 12 10 1 1 12 10 1 1 12 10 1 7 1 1 12 10 1 1 12 10 1 10 10 10 1 12 10 1 1 12 10 1 1 1 100 1 100 1 1 12 9 1 7 1 1 12 11 1 100 1 100 1 1 12 10 1 100 1 1 1 1 1 1 1 1 100 10 1 1 1 1 1 1 1 1 1 1 12 10 1 1 1 1 12 10 12 10 12 10 1 1 100 1 12 10 1 1 1 12 11 1 1 12 11 1 1 1 1 1 12 11 1 12 10 1 1 1 12 11 1 12 11 1 1 1 1 1 12 10 1 1 1 1 1 1 12 11 1 1 1 12 10 1 12 10 12 10 1 12 10 1 1 1 1 1 100 1 1 1 1 1 1 1 1 1 1
ciInstanceKlass kotlin/metadata/internal/metadata/ProtoBuf$1 0 0 11 1 100 1 100 1 1 100 1 1 1
ciMethod java/lang/Object <init> ()V 1024 0 5928023 0 80
ciMethod java/lang/Object getClass ()Ljava/lang/Class; 256 0 128 0 -1
ciMethod java/lang/Object hashCode ()I 256 0 128 0 -1
ciMethod java/lang/Object equals (Ljava/lang/Object;)Z 514 0 107338 0 -1
ciMethod java/lang/Comparable compareTo (Ljava/lang/Object;)I 0 0 1 0 -1
ciMethod java/lang/System arraycopy (Ljava/lang/Object;ILjava/lang/Object;II)V 256 0 128 0 -1
ciMethod java/lang/System identityHashCode (Ljava/lang/Object;)I 256 0 128 0 -1
ciMethod java/util/Map get (Ljava/lang/Object;)Ljava/lang/Object; 0 0 1 0 -1
ciMethod java/lang/Enum ordinal ()I 276 0 138 0 0
ciMethod java/util/Collection size ()I 0 0 1 0 -1
ciMethod java/util/Collection isEmpty ()Z 0 0 1 0 -1
ciMethod java/util/List size ()I 0 0 1 0 -1
ciMethod java/util/List isEmpty ()Z 0 0 1 0 -1
ciMethod java/util/List iterator ()Ljava/util/Iterator; 0 0 1 0 -1
ciMethod java/util/List add (Ljava/lang/Object;)Z 0 0 1 0 -1
ciMethod java/util/List addAll (Ljava/util/Collection;)Z 0 0 1 0 -1
ciMethod java/util/List get (I)Ljava/lang/Object; 0 0 1 0 -1
ciMethod java/util/List add (ILjava/lang/Object;)V 0 0 1 0 -1
ciMethod java/util/List remove (I)Ljava/lang/Object; 0 0 1 0 -1
ciMethod java/util/ArrayList <init> (I)V 516 0 5525 0 872
ciMethod java/util/ArrayList <init> ()V 48 0 488239 0 304
ciMethod java/util/ArrayList grow (I)[Ljava/lang/Object; 32 0 7403 0 1632
ciMethod java/util/ArrayList grow ()[Ljava/lang/Object; 30 0 84056 0 0
ciMethod java/util/ArrayList size ()I 256 0 128 0 0
ciMethod java/util/ArrayList isEmpty ()Z 512 0 18493 0 96
ciMethod java/util/ArrayList elementData (I)Ljava/lang/Object; 1642 0 10718 0 0
ciMethod java/util/ArrayList get (I)Ljava/lang/Object; 514 0 6228 0 208
ciMethod java/util/ArrayList add (Ljava/lang/Object;[Ljava/lang/Object;I)V 294 0 292571 0 0
ciMethod java/util/ArrayList add (Ljava/lang/Object;)Z 294 0 291843 0 2096
ciMethod java/util/ArrayList add (ILjava/lang/Object;)V 0 0 10085 0 824
ciMethod java/util/ArrayList rangeCheckForAdd (I)V 520 0 10085 0 0
ciMethod java/util/AbstractList <init> ()V 126 0 638383 0 88
ciMethod java/util/AbstractCollection <init> ()V 558 0 799353 0 0
ciMethod java/lang/Boolean valueOf (Z)Ljava/lang/Boolean; 252 0 234632 0 -1
ciMethod java/lang/Float valueOf (F)Ljava/lang/Float; 4 0 3 0 -1
ciMethod java/lang/Double valueOf (D)Ljava/lang/Double; 4 0 155 0 -1
ciMethod java/lang/Integer valueOf (I)Ljava/lang/Integer; 686 0 386371 0 -1
ciMethod java/lang/Long valueOf (J)Ljava/lang/Long; 2 0 4810 0 -1
ciMethod java/util/Iterator hasNext ()Z 0 0 1 0 -1
ciMethod java/util/Iterator next ()Ljava/lang/Object; 0 0 1 0 -1
ciMethod java/util/Objects checkIndex (II)I 514 0 10718 0 -1
ciMethod java/lang/Math max (II)I 666 0 16115 0 -1
ciMethod jdk/internal/util/Preconditions checkIndex (IILjava/util/function/BiFunction;)I 794 0 2349 0 -1
ciMethod java/util/Arrays copyOf ([Ljava/lang/Object;I)[Ljava/lang/Object; 60 0 89596 0 680
ciMethod java/util/Arrays copyOf ([Ljava/lang/Object;ILjava/lang/Class;)[Ljava/lang/Object; 194 0 14923 0 -1
ciMethod jdk/internal/util/ArraysSupport newLength (III)I 518 0 3043 0 0
ciMethod jdk/internal/util/ArraysSupport hugeLength (II)I 0 0 1 0 -1
ciMethod java/util/HashMap hash (Ljava/lang/Object;)I 576 0 14612 0 0
ciMethod java/util/HashMap get (Ljava/lang/Object;)Ljava/lang/Object; 1024 0 6386 0 704
ciMethod java/util/HashMap getNode (Ljava/lang/Object;)Ljava/util/HashMap$Node; 1024 42 5853 0 704
ciMethod java/util/HashMap$TreeNode getTreeNode (ILjava/lang/Object;)Ljava/util/HashMap$TreeNode; 0 0 1 0 -1
ciMethodData java/lang/Object <init> ()V 2 5927538 orig 80 0 0 0 0 0 0 0 0 0 0 0 0 0 0 0 0 0 0 0 0 0 0 0 0 0 0 0 0 0 0 0 0 0 0 0 0 0 0 0 0 0 0 0 0 0 0 0 0 0 0 0 0 0 0 0 0 0 0 0 0 0 0 0 0 0 0 0 0 0 0 0 0 0 0 0 0 0 0 0 0 data 4 0x0 0x9 0x1 0x0 oops 0 methods 0
ciMethod java/util/Collections unmodifiableList (Ljava/util/List;)Ljava/util/List; 642 0 8225 0 -1
ciMethod java/util/Collections emptyList ()Ljava/util/List; 518 0 1537834 0 88
ciMethod java/util/Collections$EmptyList size ()I 276 0 138 0 0
ciMethod java/util/Collections$EmptyList isEmpty ()Z 270 0 135 0 0
ciMethod java/util/Collections$EmptyMap get (Ljava/lang/Object;)Ljava/lang/Object; 288 0 144 0 0
ciMethod java/lang/IllegalArgumentException <init> (Ljava/lang/String;)V 0 0 1 0 -1
ciMethodData java/util/AbstractCollection <init> ()V 2 799082 orig 80 0 0 0 0 0 0 0 0 0 0 0 0 170 2 0 0 0 0 0 0 0 0 0 0 0 0 0 0 0 0 0 0 0 0 0 0 0 0 0 0 0 0 0 0 0 0 0 0 0 0 0 0 0 0 0 0 0 0 0 0 0 0 0 0 0 0 0 0 0 0 0 0 0 0 0 0 0 0 0 0 data 7 0x10002 0xc316a 0x0 0x0 0x9 0x1 0x0 oops 0 methods 0
ciMethod java/util/Collections$UnmodifiableMap get (Ljava/lang/Object;)Ljava/lang/Object; 792 0 12156 0 784
ciMethodData java/util/HashMap hash (Ljava/lang/Object;)I 2 14324 orig 80 0 0 0 0 0 0 0 0 0 0 0 0 170 2 0 0 0 0 0 0 0 0 0 0 0 0 0 0 0 0 0 0 0 0 0 0 0 0 0 0 0 0 0 0 0 0 0 0 0 0 0 0 0 0 0 0 0 0 0 0 0 0 0 0 0 0 0 0 0 0 0 0 0 0 0 0 0 0 0 0 data 23 0x10007 0x37f4 0x38 0x0 0x50003 0x0 0x50 0x90005 0x167a 0x0 0x2aaef7e0e18 0x216e 0x2aaef7e4588 0xc 0x0 0x0 0x0 0x0 0x0 0x0 0x9 0x1 0xffffffffffffffff oops 2 10 java/lang/String 12 jdk/internal/loader/ClassLoaders$AppClassLoader methods 0
ciMethodData java/util/HashMap getNode (Ljava/lang/Object;)Ljava/util/HashMap$Node; 2 5341 orig 80 0 0 0 0 0 0 0 0 0 0 0 0 0 0 0 0 0 0 0 0 3 0 0 0 0 0 0 0 0 0 0 0 0 0 0 0 0 0 0 0 0 0 0 0 0 0 0 0 0 0 0 0 0 0 0 0 0 0 0 0 0 0 0 0 0 0 0 0 0 0 0 0 0 0 0 0 0 0 0 0 data 103 0x60007 0x4b1 0x2e8 0x102d 0xe0007 0x0 0x2c8 0x102d 0x170002 0x102d 0x210007 0x3eb 0x298 0xc42 0x2a0007 0x164 0xb8 0xade 0x350007 0x221 0x98 0x8bd 0x390007 0x0 0x78 0x8bd 0x3f0005 0x5cc 0x0 0x2aaef7e0e18 0x2e7 0x2aaf46a86f0 0xa 0x420007 0x0 0x20 0x8bd 0x4e0007 0x27 0x1c0 0x13d 0x520004 0xfffffffffffffec3 0x0 0x2aaf7920e58 0x14 0x0 0x0 0x550007 0x13d 0x90 0x0 0x590004 0x0 0x0 0x0 0x0 0x0 0x0 0x5f0005 0x0 0x0 0x0 0x0 0x0 0x0 0x6a0007 0x70 0xb8 0x12e 0x760007 0x38 0x98 0xf6 0x7a0007 0x0 0x78 0xf6 0x400800005 0x0 0x0 0x2aaef7e0e18 0xf6 0x2aaf46a87a0 0x3 0x830007 0x0 0x20 0xf9 0x910007 0x61 0xffffffffffffff48 0xf 0x0 0x0 0x0 0x0 0x0 0x0 0x9 0x2 0x0 0x0 oops 5 29 java/lang/String 31 org/jetbrains/kotlin/commonizer/LeafCommonizerTarget 44 java/util/HashMap$Node 81 java/lang/String 83 org/jetbrains/kotlin/protobuf/ExtensionRegistryLite$ObjectIntPair methods 0
ciMethodData java/util/HashMap get (Ljava/lang/Object;)Ljava/lang/Object; 2 5874 orig 80 0 0 0 0 0 0 0 0 0 0 0 0 0 0 0 0 0 0 0 0 0 0 0 0 0 0 0 0 0 0 0 0 0 0 0 0 0 0 0 0 0 0 0 0 0 0 0 0 0 0 0 0 0 0 0 0 0 0 0 0 0 0 0 0 0 0 0 0 0 0 0 0 0 0 0 0 0 0 0 0 data 24 0x20005 0x16f3 0x0 0x0 0x0 0x0 0x0 0x70007 0x1328 0x38 0x3cb 0xb0003 0x3cb 0x18 0x0 0x0 0x0 0x0 0x0 0x0 0x9 0x2 0x0 0x0 oops 0 methods 0
ciMethodData jdk/internal/util/ArraysSupport newLength (III)I 2 2784 orig 80 0 0 0 0 0 0 0 0 0 0 0 0 170 2 0 0 0 0 0 0 0 0 0 0 0 0 0 0 0 0 0 0 0 0 0 0 0 0 0 0 0 0 0 0 0 0 0 0 0 0 0 0 0 0 0 0 0 0 0 0 0 0 0 0 0 0 0 0 0 0 0 0 0 0 0 0 0 0 0 0 data 23 0x30002 0xae0 0xa0007 0x0 0x40 0xae0 0x100007 0x0 0x20 0xae0 0x170002 0x0 0x0 0x0 0x0 0x0 0x0 0x0 0x9 0x3 0x0 0x0 0x0 oops 0 methods 0
ciMethodData java/util/ArrayList get (I)Ljava/lang/Object; 2 5971 orig 80 0 0 0 0 0 0 0 0 0 0 0 0 170 2 0 0 0 0 0 0 0 0 0 0 0 0 0 0 0 0 0 0 0 0 0 0 0 0 0 0 0 0 0 0 0 0 0 0 0 0 0 0 0 0 0 0 0 0 0 0 0 0 0 0 0 0 0 0 0 0 0 0 0 0 0 0 0 0 0 0 data 19 0x50002 0x1753 0xb0005 0x0 0x0 0x2aaef7e4878 0x1753 0x0 0x0 0x0 0x0 0x0 0x0 0x0 0x0 0x9 0x2 0x0 0x0 oops 1 5 java/util/ArrayList methods 0
ciMethodData java/util/Objects checkIndex (II)I 2 10461 orig 80 0 0 0 0 0 0 0 0 0 0 0 0 170 2 0 0 0 0 0 0 0 0 0 0 0 0 0 0 0 0 0 0 0 0 0 0 0 0 0 0 0 0 0 0 0 0 0 0 0 0 0 0 0 0 0 0 0 0 0 0 0 0 0 0 0 0 0 0 0 0 0 0 0 0 0 0 0 0 0 0 data 12 0x30002 0x28dd 0x0 0x0 0x0 0x0 0x0 0x0 0x9 0x2 0x0 0x0 oops 0 methods 0
ciMethodData java/util/ArrayList elementData (I)Ljava/lang/Object; 2 9897 orig 80 0 0 0 0 0 0 0 0 0 0 0 0 170 2 0 0 0 0 0 0 0 0 0 0 0 0 0 0 0 0 0 0 0 0 0 0 0 0 0 0 0 0 0 0 0 0 0 0 0 0 0 0 0 0 0 0 0 0 0 0 0 0 0 0 0 0 0 0 0 0 0 0 0 0 0 0 0 0 0 0 data 8 0x0 0x0 0x0 0x0 0x9 0x2 0x0 0x0 oops 0 methods 0
ciMethodData java/util/ArrayList add (Ljava/lang/Object;)Z 2 291703 orig 80 1 0 0 0 0 0 0 0 0 0 0 0 170 2 0 0 0 0 0 0 0 0 0 0 0 0 0 0 0 0 0 0 0 0 0 0 0 0 0 0 0 0 0 0 0 0 0 0 0 0 0 0 0 0 0 0 0 0 0 0 0 0 0 0 0 0 0 0 0 0 0 0 0 0 0 0 0 0 0 0 data 17 0x140005 0x47377 0x0 0x0 0x0 0x0 0x0 0x0 0x0 0x0 0x0 0x0 0x0 0x9 0x2 0xe 0x0 oops 0 methods 0
ciMethodData java/util/ArrayList add (Ljava/lang/Object;[Ljava/lang/Object;I)V 2 292438 orig 80 1 0 0 0 0 0 0 0 0 0 0 0 170 2 0 0 0 0 0 0 0 0 0 0 0 0 0 0 0 0 0 0 0 0 0 0 0 0 0 0 0 0 0 0 0 0 0 0 0 0 0 0 0 0 0 0 0 0 0 0 0 0 0 0 0 0 0 0 0 0 0 0 0 0 0 0 0 0 0 0 data 30 0x30007 0x32e0d 0x58 0x14848 0x70005 0x14848 0x0 0x0 0x0 0x0 0x0 0xe0004 0x0 0x0 0x2aaef7e0ea8 0x2fa 0x2aaef7e0e18 0x6a34 0x0 0x0 0x0 0x0 0x0 0x0 0x9 0x4 0xc 0x0 0xffffffffffffffff 0x0 oops 2 14 java/lang/Class 16 java/lang/String methods 0
ciMethodData java/util/ArrayList grow ()[Ljava/lang/Object; 2 84041 orig 80 0 0 0 0 0 0 0 0 0 0 0 0 170 2 0 0 0 0 0 0 0 0 0 0 0 0 0 0 0 0 0 0 0 0 0 0 0 0 0 0 0 0 0 0 0 0 0 0 0 0 0 0 0 0 0 0 0 0 0 0 0 0 0 0 0 0 0 0 0 0 0 0 0 0 0 0 0 0 0 0 data 16 0x70005 0x14849 0x0 0x0 0x0 0x0 0x0 0x0 0x0 0x0 0x0 0x0 0x0 0x9 0x1 0xc oops 0 methods 0
ciMethodData java/util/ArrayList grow (I)[Ljava/lang/Object; 2 7387 orig 80 0 0 0 0 0 0 0 0 0 0 0 0 170 2 0 0 0 0 0 0 0 0 0 0 0 0 0 0 0 0 0 0 0 0 0 0 0 0 0 2 0 0 0 0 0 0 0 0 0 0 0 0 0 0 0 0 0 0 0 0 0 0 0 0 0 0 0 0 0 0 0 0 0 0 0 0 0 0 0 0 data 24 0x70007 0x11a 0x40 0x1bc1 0x8000000600110007 0x17ee 0x40 0x3d5 0x1b0002 0x4ef 0x250002 0x4ef 0x310002 0x17ee 0x0 0x0 0x0 0x0 0x0 0x0 0x9 0x2 0xc 0x0 oops 0 methods 0
ciMethodData java/util/ArrayList <init> ()V 2 506747 orig 80 0 0 0 0 0 0 0 0 0 0 0 0 170 2 0 0 0 0 0 0 0 0 0 0 0 0 0 0 0 0 0 0 0 0 0 0 0 0 0 0 0 0 0 0 0 0 0 0 0 0 0 0 0 0 0 0 0 0 0 0 0 0 0 0 0 0 0 0 0 0 0 0 0 0 0 0 0 0 0 0 data 9 0x10002 0x7bb7b 0x0 0x0 0x0 0x0 0x9 0x1 0xe oops 0 methods 0
ciMethodData java/util/AbstractList <init> ()V 2 638329 orig 80 0 0 0 0 0 0 0 0 0 0 0 0 170 2 0 0 0 0 0 0 0 0 0 0 0 0 0 0 0 0 0 0 0 0 0 0 0 0 0 0 0 0 0 0 0 0 0 0 0 0 0 0 0 0 0 0 0 0 0 0 0 0 0 0 0 0 0 0 0 0 0 0 0 0 0 0 0 0 0 0 data 9 0x10002 0x9bd79 0x0 0x0 0x0 0x0 0x9 0x1 0x6 oops 0 methods 0
ciMethodData java/util/Arrays copyOf ([Ljava/lang/Object;I)[Ljava/lang/Object; 2 89566 orig 80 0 0 0 0 0 0 0 0 0 0 0 0 170 2 0 0 0 0 0 0 0 0 0 0 0 0 0 0 0 0 0 0 0 0 0 0 0 0 0 0 0 0 0 0 0 0 0 0 0 0 0 0 0 0 0 0 0 0 0 0 0 0 0 0 0 0 0 0 0 0 0 0 0 0 0 0 0 0 0 0 data 19 0x30005 0x15dde 0x0 0x0 0x0 0x0 0x0 0x60002 0x15dde 0x0 0x0 0x0 0x0 0x0 0x0 0x9 0x2 0xffffffffffffffff 0x0 oops 0 methods 0
ciMethodData java/util/ArrayList <init> (I)V 2 5267 orig 80 0 0 0 0 0 0 0 0 0 0 0 0 170 2 0 0 0 0 0 0 0 0 0 0 0 0 0 0 0 0 0 0 0 0 0 0 0 0 0 0 0 0 0 0 0 0 0 0 0 0 0 0 0 0 0 0 0 0 0 0 0 0 0 0 0 0 0 0 0 0 0 0 0 0 0 0 0 0 0 0 data 51 0x10002 0x1493 0x50007 0x74 0x38 0x141f 0x100003 0x141f 0x118 0x140007 0x0 0x38 0x74 0x1e0003 0x74 0xe0 0x290002 0x0 0x2e0005 0x0 0x0 0x0 0x0 0x0 0x0 0x320005 0x0 0x0 0x0 0x0 0x0 0x0 0x350005 0x0 0x0 0x0 0x0 0x0 0x0 0x380002 0x0 0x0 0x0 0x0 0x0 0x0 0x0 0x9 0x2 0x0 0x0 oops 0 methods 0
ciMethodData java/util/ArrayList isEmpty ()Z 2 18237 orig 80 0 0 0 0 0 0 0 0 0 0 0 0 170 2 0 0 0 0 0 0 0 0 0 0 0 0 0 0 0 0 0 0 0 0 0 0 0 0 0 0 0 0 0 0 0 0 0 0 0 0 0 0 0 0 0 0 0 0 0 0 0 0 0 0 0 0 0 0 0 0 0 0 0 0 0 0 0 0 0 0 data 13 0x40007 0x3792 0x38 0xfab 0x80003 0xfab 0x18 0x0 0x0 0x0 0x9 0x1 0x0 oops 0 methods 0
ciMethodData java/util/ArrayList add (ILjava/lang/Object;)V 2 10085 orig 80 0 0 0 0 0 0 0 0 0 0 0 0 170 2 0 0 0 0 0 0 0 0 0 0 0 0 0 0 0 0 0 0 0 0 0 0 0 0 0 0 0 0 0 0 0 0 0 0 0 0 0 0 0 0 0 0 0 0 0 0 0 0 0 0 0 0 0 0 0 0 0 0 0 0 0 0 0 0 0 0 data 38 0x20005 0x2765 0x0 0x0 0x0 0x0 0x0 0x1d0007 0x2764 0x58 0x1 0x210005 0x1 0x0 0x0 0x0 0x0 0x0 0x310002 0x2765 0x380004 0x0 0x0 0x2aaf57022c8 0x1 0x2aaf5702378 0x2764 0x0 0x0 0x0 0x0 0x0 0x0 0x9 0x3 0x0 0x0 0x0 oops 2 23 org/jetbrains/kotlin/library/impl/KlibImpl 25 org/jetbrains/kotlin/protobuf/SmallSortedMap$Entry methods 0
ciMethod java/util/Collections$UnmodifiableCollection size ()I 544 0 5695 0 136
ciMethod java/util/Collections$UnmodifiableCollection isEmpty ()Z 1024 0 8728 0 144
ciMethod java/util/Collections$UnmodifiableList get (I)Ljava/lang/Object; 1024 0 6756 0 272
ciMethodData java/util/Collections emptyList ()Ljava/util/List; 2 1537575 orig 80 0 0 0 0 0 0 0 0 0 0 0 0 170 2 0 0 0 0 0 0 0 0 0 0 0 0 0 0 0 0 0 0 0 0 0 0 0 0 0 0 0 0 0 0 0 0 0 0 0 0 0 0 0 0 0 0 0 0 0 0 0 0 0 0 0 0 0 0 0 0 0 0 0 0 0 0 0 0 0 0 data 4 0x0 0x0 0x9 0x0 oops 0 methods 0
ciMethodData java/util/Collections$UnmodifiableCollection size ()I 2 5423 orig 80 0 0 0 0 0 0 0 0 0 0 0 0 170 2 0 0 0 0 0 0 0 0 0 0 0 0 0 0 0 0 0 0 0 0 0 0 0 0 0 0 0 0 0 0 0 0 0 0 0 0 0 0 0 0 0 0 0 0 0 0 0 0 0 0 0 0 0 0 0 0 0 0 0 0 0 0 0 0 0 0 data 16 0x40005 0x0 0x0 0x2aaef7e4878 0x152f 0x0 0x0 0x0 0x0 0x0 0x0 0x0 0x0 0x9 0x1 0x0 oops 1 3 java/util/ArrayList methods 0
ciMethodData java/util/Collections$UnmodifiableList get (I)Ljava/lang/Object; 2 6244 orig 80 0 0 0 0 0 0 0 0 0 0 0 0 0 0 0 0 0 0 0 0 0 0 0 0 0 0 0 0 0 0 0 0 0 0 0 0 0 0 0 0 0 0 0 0 0 0 0 0 0 0 0 0 0 0 0 0 0 0 0 0 0 0 0 0 0 0 0 0 0 0 0 0 0 0 0 0 0 0 0 0 data 17 0x50005 0x0 0x0 0x2aaef7e4878 0x1865 0x0 0x0 0x0 0x0 0x0 0x0 0x0 0x0 0x9 0x2 0x0 0x0 oops 1 3 java/util/ArrayList methods 0
ciMethodData java/util/ArrayList rangeCheckForAdd (I)V 2 9825 orig 80 0 0 0 0 0 0 0 0 0 0 0 0 170 2 0 0 0 0 0 0 0 0 0 0 0 0 0 0 0 0 0 0 0 0 0 0 0 0 0 0 0 0 0 0 0 0 0 0 0 0 0 0 0 0 0 0 0 0 0 0 0 0 0 0 0 0 0 0 0 0 0 0 0 0 0 0 0 0 0 0 data 27 0x50007 0x0 0x40 0x2661 0x90007 0x2661 0x68 0x0 0x120005 0x0 0x0 0x0 0x0 0x0 0x0 0x150002 0x0 0x0 0x0 0x0 0x0 0x0 0x0 0x9 0x2 0x0 0x0 oops 0 methods 0
ciMethodData java/util/Collections$UnmodifiableMap get (Ljava/lang/Object;)Ljava/lang/Object; 2 11760 orig 80 0 0 0 0 0 0 0 0 0 0 0 0 170 2 0 0 0 0 0 0 0 0 0 0 0 0 0 0 0 0 0 0 0 0 0 0 0 0 0 0 0 0 0 0 0 0 0 0 0 0 0 0 0 0 0 0 0 0 0 0 0 0 0 0 0 0 0 0 0 0 0 0 0 0 0 0 0 0 0 0 data 17 0x50005 0x0 0x0 0x2aaf791efa0 0x2df0 0x0 0x0 0x0 0x0 0x0 0x0 0x0 0x0 0x9 0x2 0x0 0x0 oops 1 3 java/util/HashMap methods 0
ciMethodData java/util/Collections$UnmodifiableCollection isEmpty ()Z 2 8216 orig 80 0 0 0 0 0 0 0 0 0 0 0 0 0 0 0 0 0 0 0 0 0 0 0 0 0 0 0 0 0 0 0 0 0 0 0 0 0 0 0 0 0 0 0 0 0 0 0 0 0 0 0 0 0 0 0 0 0 0 0 0 0 0 0 0 0 0 0 0 0 0 0 0 0 0 0 0 0 0 0 0 data 16 0x40005 0x0 0x0 0x2aaef7e4878 0x2019 0x0 0x0 0x0 0x0 0x0 0x0 0x0 0x0 0x9 0x1 0x0 oops 1 3 java/util/ArrayList methods 0
ciMethod kotlin/metadata/internal/protobuf/ExtensionRegistryLite findLiteExtensionByNumber (Lkotlin/metadata/internal/protobuf/MessageLite;I)Lkotlin/metadata/internal/protobuf/GeneratedMessageLite$GeneratedExtension; 1024 0 51216 0 0
ciMethod kotlin/metadata/internal/protobuf/MessageLite newBuilderForType ()Lkotlin/metadata/internal/protobuf/MessageLite$Builder; 0 0 1 0 -1
ciMethod kotlin/metadata/internal/protobuf/MessageLite toBuilder ()Lkotlin/metadata/internal/protobuf/MessageLite$Builder; 0 0 1 0 -1
ciMethod kotlin/metadata/internal/protobuf/GeneratedMessageLite <init> ()V 552 0 448569 0 -1
ciMethod kotlin/metadata/internal/protobuf/GeneratedMessageLite <init> (Lkotlin/metadata/internal/protobuf/GeneratedMessageLite$Builder;)V 1024 0 53147 0 0
ciMethod kotlin/metadata/internal/protobuf/GeneratedMessageLite parseUnknownField (Lkotlin/metadata/internal/protobuf/CodedInputStream;Lkotlin/metadata/internal/protobuf/CodedOutputStream;Lkotlin/metadata/internal/protobuf/ExtensionRegistryLite;I)Z 0 0 1 0 -1
ciMethod kotlin/metadata/internal/protobuf/GeneratedMessageLite makeExtensionsImmutable ()V 572 0 206568 0 -1
ciMethod kotlin/metadata/internal/protobuf/GeneratedMessageLite parseUnknownField (Lkotlin/metadata/internal/protobuf/FieldSet;Lkotlin/metadata/internal/protobuf/MessageLite;Lkotlin/metadata/internal/protobuf/CodedInputStream;Lkotlin/metadata/internal/protobuf/CodedOutputStream;Lkotlin/metadata/internal/protobuf/ExtensionRegistryLite;I)Z 1024 0 51216 0 -1
ciMethod kotlin/metadata/internal/protobuf/AbstractMessageLite <init> ()V 520 0 505737 0 88
ciMethod kotlin/metadata/internal/protobuf/FieldSet$FieldDescriptorLite getLiteType ()Lkotlin/metadata/internal/protobuf/WireFormat$FieldType; 0 0 1 0 -1
ciMethod kotlin/metadata/internal/protobuf/FieldSet$FieldDescriptorLite isRepeated ()Z 0 0 1 0 -1
ciMethod kotlin/metadata/internal/protobuf/InvalidProtocolBufferException setUnfinishedMessage (Lkotlin/metadata/internal/protobuf/MessageLite;)Lkotlin/metadata/internal/protobuf/InvalidProtocolBufferException; 0 0 1 0 -1
ciMethod kotlin/metadata/internal/protobuf/InvalidProtocolBufferException getUnfinishedMessage ()Lkotlin/metadata/internal/protobuf/MessageLite; 0 0 1 0 -1
ciMethod kotlin/metadata/internal/protobuf/ByteString$Output toByteString ()Lkotlin/metadata/internal/protobuf/ByteString; 1024 0 449836 0 -1
ciMethod kotlin/metadata/internal/protobuf/Parser parsePartialFrom (Lkotlin/metadata/internal/protobuf/CodedInputStream;Lkotlin/metadata/internal/protobuf/ExtensionRegistryLite;)Ljava/lang/Object; 0 0 1 0 -1
ciMethod kotlin/metadata/internal/protobuf/MessageLite$Builder build ()Lkotlin/metadata/internal/protobuf/MessageLite; 0 0 1 0 -1
ciMethod kotlin/metadata/internal/protobuf/MessageLite$Builder mergeFrom (Lkotlin/metadata/internal/protobuf/CodedInputStream;Lkotlin/metadata/internal/protobuf/ExtensionRegistryLite;)Lkotlin/metadata/internal/protobuf/MessageLite$Builder; 0 0 1 0 -1
ciMethod kotlin/metadata/internal/protobuf/FieldSet getField (Lkotlin/metadata/internal/protobuf/FieldSet$FieldDescriptorLite;)Ljava/lang/Object; 1024 0 276620 0 0
ciMethod kotlin/metadata/internal/protobuf/FieldSet setField (Lkotlin/metadata/internal/protobuf/FieldSet$FieldDescriptorLite;Ljava/lang/Object;)V 4310 0 6231 0 0
ciMethod kotlin/metadata/internal/protobuf/FieldSet addRepeatedField (Lkotlin/metadata/internal/protobuf/FieldSet$FieldDescriptorLite;Ljava/lang/Object;)V 1024 0 49131 0 0
ciMethod kotlin/metadata/internal/protobuf/FieldSet verifyType (Lkotlin/metadata/internal/protobuf/WireFormat$FieldType;Ljava/lang/Object;)V 1024 0 55362 0 0
ciMethod kotlin/metadata/internal/protobuf/FieldSet getWireFormatForFieldType (Lkotlin/metadata/internal/protobuf/WireFormat$FieldType;Z)I 1024 0 51279 0 0
ciMethod kotlin/metadata/internal/protobuf/FieldSet readPrimitiveField (Lkotlin/metadata/internal/protobuf/CodedInputStream;Lkotlin/metadata/internal/protobuf/WireFormat$FieldType;Z)Ljava/lang/Object; 264 0 5337 0 0
ciMethod kotlin/metadata/internal/protobuf/SmallSortedMap get (Ljava/lang/Object;)Ljava/lang/Object; 1024 0 53969 0 1664
ciMethod kotlin/metadata/internal/protobuf/SmallSortedMap put (Ljava/lang/Comparable;Ljava/lang/Object;)Ljava/lang/Object; 1024 0 42863 0 0
ciMethod kotlin/metadata/internal/protobuf/SmallSortedMap binarySearchInArray (Ljava/lang/Comparable;)I 1024 0 60449 0 1304
ciMethod kotlin/metadata/internal/protobuf/SmallSortedMap checkMutable ()V 1024 0 96346 0 0
ciMethod kotlin/metadata/internal/protobuf/SmallSortedMap getOverflowEntriesMutable ()Ljava/util/SortedMap; 0 0 1 0 -1
ciMethod kotlin/metadata/internal/protobuf/SmallSortedMap ensureEntryArrayMutable ()V 1024 0 47320 0 0
ciMethod kotlin/metadata/internal/protobuf/LazyField getValue ()Lkotlin/metadata/internal/protobuf/MessageLite; 0 0 1 0 -1
ciMethod kotlin/metadata/internal/protobuf/ByteString size ()I 0 0 1 0 -1
ciMethod kotlin/metadata/internal/protobuf/ByteString concat (Lkotlin/metadata/internal/protobuf/ByteString;)Lkotlin/metadata/internal/protobuf/ByteString; 1024 0 50025 0 0
ciMethod kotlin/metadata/internal/protobuf/ByteString newOutput ()Lkotlin/metadata/internal/protobuf/ByteString$Output; 664 0 447689 0 -1
ciMethod kotlin/metadata/internal/protobuf/ByteString getTreeDepth ()I 0 0 1 0 -1
ciMethod kotlin/metadata/internal/protobuf/LiteralByteString size ()I 1024 0 65630 0 104
ciMethod kotlin/metadata/internal/protobuf/WireFormat$FieldType getJavaType ()Lkotlin/metadata/internal/protobuf/WireFormat$JavaType; 306 0 153 0 0
ciMethod kotlin/metadata/internal/protobuf/WireFormat$FieldType getWireType ()I 332 0 166 0 0
ciMethod kotlin/metadata/internal/protobuf/WireFormat$FieldType isPackable ()Z 200 0 63 0 0
ciMethod kotlin/metadata/internal/protobuf/GeneratedMessageLite$GeneratedExtension getNumber ()I 56 0 28 0 -1
ciMethod kotlin/metadata/internal/protobuf/GeneratedMessageLite$GeneratedExtension getMessageDefaultInstance ()Lkotlin/metadata/internal/protobuf/MessageLite; 328 0 164 0 0
ciMethod kotlin/metadata/internal/protobuf/GeneratedMessageLite$GeneratedExtension singularToFieldSetType (Ljava/lang/Object;)Ljava/lang/Object; 1024 0 51153 0 0
ciMethod kotlin/metadata/internal/protobuf/GeneratedMessageLite$ExtensionDescriptor getLiteType ()Lkotlin/metadata/internal/protobuf/WireFormat$FieldType; 356 0 178 0 0
ciMethod kotlin/metadata/internal/protobuf/GeneratedMessageLite$ExtensionDescriptor getLiteJavaType ()Lkotlin/metadata/internal/protobuf/WireFormat$JavaType; 1024 0 182092 0 112
ciMethod kotlin/metadata/internal/protobuf/GeneratedMessageLite$ExtensionDescriptor isRepeated ()Z 390 0 195 0 0
ciMethod kotlin/metadata/internal/protobuf/GeneratedMessageLite$ExtensionDescriptor getEnumType ()Lkotlin/metadata/internal/protobuf/Internal$EnumLiteMap; 0 0 1 0 -1
ciMethod kotlin/metadata/internal/protobuf/GeneratedMessageLite$ExtensionDescriptor compareTo (Lkotlin/metadata/internal/protobuf/GeneratedMessageLite$ExtensionDescriptor;)I 1024 0 49775 0 0
ciMethod kotlin/metadata/internal/protobuf/GeneratedMessageLite$ExtensionDescriptor compareTo (Ljava/lang/Object;)I 1024 0 49775 0 0
ciMethod kotlin/metadata/internal/protobuf/Internal$EnumLite getNumber ()I 0 0 1 0 -1
ciMethod kotlin/metadata/internal/metadata/ProtoBuf$Annotation <init> (Lkotlin/metadata/internal/protobuf/GeneratedMessageLite$Builder;)V 1024 0 49461 0 0
ciMethod kotlin/metadata/internal/metadata/ProtoBuf$Annotation getDefaultInstance ()Lkotlin/metadata/internal/metadata/ProtoBuf$Annotation; 1024 0 133521 0 88
ciMethod kotlin/metadata/internal/metadata/ProtoBuf$Annotation <init> (Lkotlin/metadata/internal/protobuf/CodedInputStream;Lkotlin/metadata/internal/protobuf/ExtensionRegistryLite;)V 1024 3382 30293 0 -1
ciMethod kotlin/metadata/internal/metadata/ProtoBuf$Annotation hasId ()Z 1024 0 91821 0 0
ciMethod kotlin/metadata/internal/metadata/ProtoBuf$Annotation getId ()I 790 0 395 0 0
ciMethod kotlin/metadata/internal/metadata/ProtoBuf$Annotation getArgumentCount ()I 1024 0 142786 0 0
ciMethod kotlin/metadata/internal/metadata/ProtoBuf$Annotation getArgument (I)Lkotlin/metadata/internal/metadata/ProtoBuf$Annotation$Argument; 1024 0 96023 0 0
ciMethod kotlin/metadata/internal/metadata/ProtoBuf$Annotation initFields ()V 1024 0 30294 0 -1
ciMethod kotlin/metadata/internal/metadata/ProtoBuf$Annotation isInitialized ()Z 1024 1338 85810 0 1296
ciMethod kotlin/metadata/internal/metadata/ProtoBuf$Annotation newBuilder ()Lkotlin/metadata/internal/metadata/ProtoBuf$Annotation$Builder; 964 0 44922 0 0
ciMethod kotlin/metadata/internal/metadata/ProtoBuf$Annotation newBuilderForType ()Lkotlin/metadata/internal/metadata/ProtoBuf$Annotation$Builder; 1024 0 44922 0 0
ciMethod kotlin/metadata/internal/metadata/ProtoBuf$Annotation toBuilder ()Lkotlin/metadata/internal/metadata/ProtoBuf$Annotation$Builder; 0 0 1 0 -1
ciMethod kotlin/metadata/internal/metadata/ProtoBuf$Annotation newBuilderForType ()Lkotlin/metadata/internal/protobuf/MessageLite$Builder; 1024 0 44922 0 0
ciMethod kotlin/metadata/internal/metadata/ProtoBuf$Annotation <init> (Lkotlin/metadata/internal/protobuf/CodedInputStream;Lkotlin/metadata/internal/protobuf/ExtensionRegistryLite;Lkotlin/metadata/internal/metadata/ProtoBuf$1;)V 1024 0 49395 0 0
ciMethod kotlin/metadata/internal/metadata/ProtoBuf$Annotation <init> (Lkotlin/metadata/internal/protobuf/GeneratedMessageLite$Builder;Lkotlin/metadata/internal/metadata/ProtoBuf$1;)V 1024 0 49461 0 0
ciMethod kotlin/metadata/internal/metadata/ProtoBuf$Annotation access$4402 (Lkotlin/metadata/internal/metadata/ProtoBuf$Annotation;I)I 1024 0 49461 0 0
ciMethod kotlin/metadata/internal/metadata/ProtoBuf$Annotation access$4502 (Lkotlin/metadata/internal/metadata/ProtoBuf$Annotation;Ljava/util/List;)Ljava/util/List; 1024 0 49461 0 0
ciMethod kotlin/metadata/internal/metadata/ProtoBuf$Annotation access$4602 (Lkotlin/metadata/internal/metadata/ProtoBuf$Annotation;I)I 1024 0 49461 0 0
ciMethod kotlin/metadata/internal/metadata/ProtoBuf$Annotation access$4500 (Lkotlin/metadata/internal/metadata/ProtoBuf$Annotation;)Ljava/util/List; 448 0 224 0 0
ciMethod kotlin/metadata/internal/metadata/ProtoBuf$Annotation access$4700 (Lkotlin/metadata/internal/metadata/ProtoBuf$Annotation;)Lkotlin/metadata/internal/protobuf/ByteString; 792 0 396 0 0
ciMethod kotlin/metadata/internal/metadata/ProtoBuf$Annotation$1 parsePartialFrom (Lkotlin/metadata/internal/protobuf/CodedInputStream;Lkotlin/metadata/internal/protobuf/ExtensionRegistryLite;)Lkotlin/metadata/internal/metadata/ProtoBuf$Annotation; 1024 0 49394 0 0
ciMethod kotlin/metadata/internal/metadata/ProtoBuf$Annotation$1 parsePartialFrom (Lkotlin/metadata/internal/protobuf/CodedInputStream;Lkotlin/metadata/internal/protobuf/ExtensionRegistryLite;)Ljava/lang/Object; 1024 0 49394 0 0
ciMethod kotlin/metadata/internal/metadata/ProtoBuf$Annotation$Argument$Value <init> (Lkotlin/metadata/internal/protobuf/GeneratedMessageLite$Builder;)V 1024 0 3420 0 0
ciMethod kotlin/metadata/internal/metadata/ProtoBuf$Annotation$Argument$Value getDefaultInstance ()Lkotlin/metadata/internal/metadata/ProtoBuf$Annotation$Argument$Value; 1024 0 66954 0 88
ciMethod kotlin/metadata/internal/metadata/ProtoBuf$Annotation$Argument$Value <init> (Lkotlin/metadata/internal/protobuf/CodedInputStream;Lkotlin/metadata/internal/protobuf/ExtensionRegistryLite;)V 1024 3066 85659 0 -1
ciMethod kotlin/metadata/internal/metadata/ProtoBuf$Annotation$Argument$Value hasType ()Z 1024 0 3567 0 0
ciMethod kotlin/metadata/internal/metadata/ProtoBuf$Annotation$Argument$Value getType ()Lkotlin/metadata/internal/metadata/ProtoBuf$Annotation$Argument$Value$Type; 330 0 165 0 0
ciMethod kotlin/metadata/internal/metadata/ProtoBuf$Annotation$Argument$Value hasIntValue ()Z 1024 0 3567 0 0
ciMethod kotlin/metadata/internal/metadata/ProtoBuf$Annotation$Argument$Value getIntValue ()J 450 0 225 0 0
ciMethod kotlin/metadata/internal/metadata/ProtoBuf$Annotation$Argument$Value hasFloatValue ()Z 1024 0 3567 0 0
ciMethod kotlin/metadata/internal/metadata/ProtoBuf$Annotation$Argument$Value getFloatValue ()F 0 0 1 0 -1
ciMethod kotlin/metadata/internal/metadata/ProtoBuf$Annotation$Argument$Value hasDoubleValue ()Z 1024 0 3567 0 0
ciMethod kotlin/metadata/internal/metadata/ProtoBuf$Annotation$Argument$Value getDoubleValue ()D 0 0 1 0 0
ciMethod kotlin/metadata/internal/metadata/ProtoBuf$Annotation$Argument$Value hasStringValue ()Z 1024 0 3567 0 0
ciMethod kotlin/metadata/internal/metadata/ProtoBuf$Annotation$Argument$Value getStringValue ()I 340 0 170 0 0
ciMethod kotlin/metadata/internal/metadata/ProtoBuf$Annotation$Argument$Value hasClassId ()Z 1024 0 3567 0 0
ciMethod kotlin/metadata/internal/metadata/ProtoBuf$Annotation$Argument$Value getClassId ()I 126 0 63 0 -1
ciMethod kotlin/metadata/internal/metadata/ProtoBuf$Annotation$Argument$Value hasEnumValueId ()Z 1024 0 3567 0 0
ciMethod kotlin/metadata/internal/metadata/ProtoBuf$Annotation$Argument$Value getEnumValueId ()I 126 0 63 0 -1
ciMethod kotlin/metadata/internal/metadata/ProtoBuf$Annotation$Argument$Value hasAnnotation ()Z 1024 0 104693 0 0
ciMethod kotlin/metadata/internal/metadata/ProtoBuf$Annotation$Argument$Value getAnnotation ()Lkotlin/metadata/internal/metadata/ProtoBuf$Annotation; 232 0 116 0 0
ciMethod kotlin/metadata/internal/metadata/ProtoBuf$Annotation$Argument$Value getArrayElementCount ()I 1024 0 101160 0 0
ciMethod kotlin/metadata/internal/metadata/ProtoBuf$Annotation$Argument$Value getArrayElement (I)Lkotlin/metadata/internal/metadata/ProtoBuf$Annotation$Argument$Value; 0 0 1 0 -1
ciMethod kotlin/metadata/internal/metadata/ProtoBuf$Annotation$Argument$Value hasArrayDimensionCount ()Z 1024 0 3567 0 0
ciMethod kotlin/metadata/internal/metadata/ProtoBuf$Annotation$Argument$Value getArrayDimensionCount ()I 0 0 1 0 -1
ciMethod kotlin/metadata/internal/metadata/ProtoBuf$Annotation$Argument$Value hasFlags ()Z 1024 0 3567 0 0
ciMethod kotlin/metadata/internal/metadata/ProtoBuf$Annotation$Argument$Value getFlags ()I 328 0 164 0 0
ciMethod kotlin/metadata/internal/metadata/ProtoBuf$Annotation$Argument$Value initFields ()V 1024 0 85660 0 -1
ciMethod kotlin/metadata/internal/metadata/ProtoBuf$Annotation$Argument$Value isInitialized ()Z 1024 0 106297 0 0
ciMethod kotlin/metadata/internal/metadata/ProtoBuf$Annotation$Argument$Value newBuilder ()Lkotlin/metadata/internal/metadata/ProtoBuf$Annotation$Argument$Value$Builder; 0 0 3567 0 0
ciMethod kotlin/metadata/internal/metadata/ProtoBuf$Annotation$Argument$Value newBuilderForType ()Lkotlin/metadata/internal/metadata/ProtoBuf$Annotation$Argument$Value$Builder; 1024 0 3567 0 0
ciMethod kotlin/metadata/internal/metadata/ProtoBuf$Annotation$Argument$Value newBuilderForType ()Lkotlin/metadata/internal/protobuf/MessageLite$Builder; 4096 0 5103 0 0
ciMethod kotlin/metadata/internal/metadata/ProtoBuf$Annotation$Argument$Value <init> (Lkotlin/metadata/internal/protobuf/CodedInputStream;Lkotlin/metadata/internal/protobuf/ExtensionRegistryLite;Lkotlin/metadata/internal/metadata/ProtoBuf$1;)V 1024 0 104067 0 0
ciMethod kotlin/metadata/internal/metadata/ProtoBuf$Annotation$Argument$Value <init> (Lkotlin/metadata/internal/protobuf/GeneratedMessageLite$Builder;Lkotlin/metadata/internal/metadata/ProtoBuf$1;)V 1024 0 3420 0 0
ciMethod kotlin/metadata/internal/metadata/ProtoBuf$Annotation$Argument$Value access$2302 (Lkotlin/metadata/internal/metadata/ProtoBuf$Annotation$Argument$Value;Lkotlin/metadata/internal/metadata/ProtoBuf$Annotation$Argument$Value$Type;)Lkotlin/metadata/internal/metadata/ProtoBuf$Annotation$Argument$Value$Type; 1024 0 3420 0 0
ciMethod kotlin/metadata/internal/metadata/ProtoBuf$Annotation$Argument$Value access$2402 (Lkotlin/metadata/internal/metadata/ProtoBuf$Annotation$Argument$Value;J)J 22966 0 5137 0 0
ciMethod kotlin/metadata/internal/metadata/ProtoBuf$Annotation$Argument$Value access$2502 (Lkotlin/metadata/internal/metadata/ProtoBuf$Annotation$Argument$Value;F)F 1024 0 3420 0 0
ciMethod kotlin/metadata/internal/metadata/ProtoBuf$Annotation$Argument$Value access$2602 (Lkotlin/metadata/internal/metadata/ProtoBuf$Annotation$Argument$Value;D)D 22966 0 5137 0 0
ciMethod kotlin/metadata/internal/metadata/ProtoBuf$Annotation$Argument$Value access$2702 (Lkotlin/metadata/internal/metadata/ProtoBuf$Annotation$Argument$Value;I)I 1024 0 3420 0 0
ciMethod kotlin/metadata/internal/metadata/ProtoBuf$Annotation$Argument$Value access$2802 (Lkotlin/metadata/internal/metadata/ProtoBuf$Annotation$Argument$Value;I)I 1024 0 3420 0 0
ciMethod kotlin/metadata/internal/metadata/ProtoBuf$Annotation$Argument$Value access$2902 (Lkotlin/metadata/internal/metadata/ProtoBuf$Annotation$Argument$Value;I)I 1024 0 3420 0 0
ciMethod kotlin/metadata/internal/metadata/ProtoBuf$Annotation$Argument$Value access$3002 (Lkotlin/metadata/internal/metadata/ProtoBuf$Annotation$Argument$Value;Lkotlin/metadata/internal/metadata/ProtoBuf$Annotation;)Lkotlin/metadata/internal/metadata/ProtoBuf$Annotation; 1024 0 3420 0 0
ciMethod kotlin/metadata/internal/metadata/ProtoBuf$Annotation$Argument$Value access$3102 (Lkotlin/metadata/internal/metadata/ProtoBuf$Annotation$Argument$Value;Ljava/util/List;)Ljava/util/List; 1024 0 3420 0 0
ciMethod kotlin/metadata/internal/metadata/ProtoBuf$Annotation$Argument$Value access$3202 (Lkotlin/metadata/internal/metadata/ProtoBuf$Annotation$Argument$Value;I)I 1024 0 3420 0 0
ciMethod kotlin/metadata/internal/metadata/ProtoBuf$Annotation$Argument$Value access$3302 (Lkotlin/metadata/internal/metadata/ProtoBuf$Annotation$Argument$Value;I)I 1024 0 3420 0 0
ciMethod kotlin/metadata/internal/metadata/ProtoBuf$Annotation$Argument$Value access$3402 (Lkotlin/metadata/internal/metadata/ProtoBuf$Annotation$Argument$Value;I)I 1024 0 3420 0 0
ciMethod kotlin/metadata/internal/metadata/ProtoBuf$Annotation$Argument$Value access$3100 (Lkotlin/metadata/internal/metadata/ProtoBuf$Annotation$Argument$Value;)Ljava/util/List; 284 0 142 0 0
ciMethod kotlin/metadata/internal/metadata/ProtoBuf$Annotation$Argument$Value access$3500 (Lkotlin/metadata/internal/metadata/ProtoBuf$Annotation$Argument$Value;)Lkotlin/metadata/internal/protobuf/ByteString; 284 0 142 0 0
ciMethod kotlin/metadata/internal/metadata/ProtoBuf$Annotation$Argument$Value$1 parsePartialFrom (Lkotlin/metadata/internal/protobuf/CodedInputStream;Lkotlin/metadata/internal/protobuf/ExtensionRegistryLite;)Lkotlin/metadata/internal/metadata/ProtoBuf$Annotation$Argument$Value; 1024 0 104067 0 0
ciMethod kotlin/metadata/internal/metadata/ProtoBuf$Annotation$Argument$Value$1 parsePartialFrom (Lkotlin/metadata/internal/protobuf/CodedInputStream;Lkotlin/metadata/internal/protobuf/ExtensionRegistryLite;)Ljava/lang/Object; 1024 0 104067 0 0
ciMethod kotlin/metadata/internal/metadata/ProtoBuf$Annotation$Argument$Value$Type valueOf (I)Lkotlin/metadata/internal/metadata/ProtoBuf$Annotation$Argument$Value$Type; 1024 0 2208 0 -1
ciMethod kotlin/metadata/internal/protobuf/Internal$EnumLiteMap findValueByNumber (I)Lkotlin/metadata/internal/protobuf/Internal$EnumLite; 0 0 1 0 -1
ciMethod kotlin/metadata/internal/protobuf/ExtensionRegistryLite$ObjectIntPair <init> (Ljava/lang/Object;I)V 1024 0 51244 0 0
ciMethod kotlin/metadata/internal/protobuf/ExtensionRegistryLite$ObjectIntPair hashCode ()I 1024 0 51244 0 0
ciMethod kotlin/metadata/internal/protobuf/ExtensionRegistryLite$ObjectIntPair equals (Ljava/lang/Object;)Z 1024 0 51216 0 0
ciMethod kotlin/metadata/internal/protobuf/CodedInputStream checkRecursionLimit ()V 910 0 60889 0 112
ciMethod kotlin/metadata/internal/protobuf/CodedInputStream readTag ()I 600 0 7556 0 -1
ciMethod kotlin/metadata/internal/protobuf/CodedInputStream checkLastTagWas (I)V 1024 0 60928 0 112
ciMethod kotlin/metadata/internal/protobuf/CodedInputStream skipField (ILkotlin/metadata/internal/protobuf/CodedOutputStream;)Z 0 0 1 0 -1
ciMethod kotlin/metadata/internal/protobuf/CodedInputStream readDouble ()D 0 0 152 0 -1
ciMethod kotlin/metadata/internal/protobuf/CodedInputStream readFloat ()F 0 0 1 0 -1
ciMethod kotlin/metadata/internal/protobuf/CodedInputStream readUInt64 ()J 0 0 1 0 -1
ciMethod kotlin/metadata/internal/protobuf/CodedInputStream readInt64 ()J 0 0 1 0 -1
ciMethod kotlin/metadata/internal/protobuf/CodedInputStream readInt32 ()I 750 0 450342 0 -1
ciMethod kotlin/metadata/internal/protobuf/CodedInputStream readFixed64 ()J 0 0 1 0 -1
ciMethod kotlin/metadata/internal/protobuf/CodedInputStream readFixed32 ()I 0 0 1 0 -1
ciMethod kotlin/metadata/internal/protobuf/CodedInputStream readBool ()Z 2 0 47206 0 -1
ciMethod kotlin/metadata/internal/protobuf/CodedInputStream readString ()Ljava/lang/String; 374 0 274 0 -1
ciMethod kotlin/metadata/internal/protobuf/CodedInputStream readStringRequireUtf8 ()Ljava/lang/String; 0 0 1 0 -1
ciMethod kotlin/metadata/internal/protobuf/CodedInputStream readGroup (ILkotlin/metadata/internal/protobuf/MessageLite$Builder;Lkotlin/metadata/internal/protobuf/ExtensionRegistryLite;)V 0 0 1 0 -1
ciMethod kotlin/metadata/internal/protobuf/CodedInputStream readMessage (Lkotlin/metadata/internal/protobuf/MessageLite$Builder;Lkotlin/metadata/internal/protobuf/ExtensionRegistryLite;)V 1024 0 50025 0 0
ciMethod kotlin/metadata/internal/protobuf/CodedInputStream readMessage (Lkotlin/metadata/internal/protobuf/Parser;Lkotlin/metadata/internal/protobuf/ExtensionRegistryLite;)Lkotlin/metadata/internal/protobuf/MessageLite; 1024 0 10864 0 -1
ciMethod kotlin/metadata/internal/protobuf/CodedInputStream readBytes ()Lkotlin/metadata/internal/protobuf/ByteString; 1024 0 13982 0 -1
ciMethod kotlin/metadata/internal/protobuf/CodedInputStream readUInt32 ()I 0 0 1 0 -1
ciMethod kotlin/metadata/internal/protobuf/CodedInputStream readEnum ()I 1024 0 101065 0 -1
ciMethod kotlin/metadata/internal/protobuf/CodedInputStream readSFixed32 ()I 0 0 1 0 -1
ciMethod kotlin/metadata/internal/protobuf/CodedInputStream readSFixed64 ()J 0 0 1 0 -1
ciMethod kotlin/metadata/internal/protobuf/CodedInputStream readSInt32 ()I 0 0 1 0 -1
ciMethod kotlin/metadata/internal/protobuf/CodedInputStream readSInt64 ()J 930 0 25146 0 -1
ciMethod kotlin/metadata/internal/protobuf/CodedInputStream readRawVarint32 ()I 870 0 19009 0 584
ciMethod kotlin/metadata/internal/protobuf/CodedInputStream readRawVarint64SlowPath ()J 0 0 70611 0 280
ciMethod kotlin/metadata/internal/protobuf/CodedInputStream pushLimit (I)I 552 0 5635 0 192
ciMethod kotlin/metadata/internal/protobuf/CodedInputStream recomputeBufferSizeAfterLimit ()V 542 0 5635 0 128
ciMethod kotlin/metadata/internal/protobuf/CodedInputStream popLimit (I)V 1024 0 62144 0 128
ciMethod kotlin/metadata/internal/protobuf/CodedInputStream getBytesUntilLimit ()I 900 0 8835 0 0
ciMethod kotlin/metadata/internal/protobuf/CodedInputStream readRawByte ()B 1024 0 14301 0 -1
ciMethod kotlin/metadata/internal/protobuf/CodedOutputStream newInstance (Ljava/io/OutputStream;I)Lkotlin/metadata/internal/protobuf/CodedOutputStream; 782 0 448166 0 -1
ciMethod kotlin/metadata/internal/protobuf/CodedOutputStream writeUInt32NoTag (I)V 0 0 1 0 -1
ciMethod kotlin/metadata/internal/protobuf/CodedOutputStream flush ()V 1024 0 449836 0 -1
ciMethod kotlin/metadata/internal/protobuf/CodedOutputStream writeRawVarint32 (I)V 0 0 1 0 -1
ciMethod kotlin/metadata/internal/protobuf/WireFormat getTagWireType (I)I 1024 0 51216 0 0
ciMethod kotlin/metadata/internal/protobuf/WireFormat getTagFieldNumber (I)I 590 0 56707 0 88
ciMethod kotlin/metadata/internal/protobuf/SmallSortedMap$Entry <init> (Lkotlin/metadata/internal/protobuf/SmallSortedMap;Ljava/lang/Comparable;Ljava/lang/Object;)V 1024 0 47320 0 0
ciMethod kotlin/metadata/internal/protobuf/SmallSortedMap$Entry getKey ()Ljava/lang/Comparable; 370 0 185 0 0
ciMethod kotlin/metadata/internal/protobuf/SmallSortedMap$Entry getValue ()Ljava/lang/Object; 332 0 166 0 0
ciMethod kotlin/metadata/internal/protobuf/SmallSortedMap$Entry setValue (Ljava/lang/Object;)Ljava/lang/Object; 1024 0 1706 0 -1
ciMethod kotlin/metadata/internal/protobuf/GeneratedMessageLite$Builder <init> ()V 966 0 48667 0 0
ciMethod kotlin/metadata/internal/protobuf/GeneratedMessageLite$Builder getUnknownFields ()Lkotlin/metadata/internal/protobuf/ByteString; 450 0 225 0 0
ciMethod kotlin/metadata/internal/protobuf/GeneratedMessageLite$Builder setUnknownFields (Lkotlin/metadata/internal/protobuf/ByteString;)Lkotlin/metadata/internal/protobuf/GeneratedMessageLite$Builder; 1024 0 48397 0 312
ciMethod kotlin/metadata/internal/protobuf/AbstractMessageLite$Builder <init> ()V 968 0 48667 0 0
ciMethod kotlin/metadata/internal/protobuf/AbstractMessageLite$Builder newUninitializedMessageException (Lkotlin/metadata/internal/protobuf/MessageLite;)Lkotlin/metadata/internal/protobuf/UninitializedMessageException; 0 0 1 0 -1
ciMethod kotlin/metadata/internal/protobuf/AbstractMessageLite$Builder mergeFrom (Lkotlin/metadata/internal/protobuf/CodedInputStream;Lkotlin/metadata/internal/protobuf/ExtensionRegistryLite;)Lkotlin/metadata/internal/protobuf/MessageLite$Builder; 0 0 1 0 -1
ciMethodData kotlin/metadata/internal/protobuf/CodedInputStream readRawVarint32 ()I 2 18574 orig 80 1 0 0 0 1 0 0 0 0 0 0 0 170 2 0 0 0 0 0 0 0 0 0 0 0 0 0 0 0 0 0 0 0 0 0 0 0 0 0 2 0 0 0 0 0 0 0 0 0 0 0 0 0 0 0 0 0 0 0 0 0 0 0 0 0 0 0 0 0 0 0 0 0 0 0 0 0 0 0 0 data 85 0xa0007 0x488e 0x38 0x0 0xd0003 0x0 0x1f0 0x1d0007 0x263 0x20 0x462b 0x2f0007 0x18d 0x38 0xd6 0x320003 0xd6 0x198 0x8000000600450007 0x2 0x38 0x18d 0x500003 0x18d 0x160 0x630007 0x0 0x38 0x2 0x6e0003 0x2 0x128 0x810007 0x0 0x38 0x0 0x8c0003 0x0 0xf0 0xa90007 0x0 0xd8 0x0 0xb20007 0x0 0xb8 0x0 0xbb0007 0x0 0x98 0x0 0xc40007 0x0 0x78 0x0 0xcd0007 0x0 0x58 0x0 0xd60007 0x0 0x38 0x0 0xd90003 0x0 0x18 0xe40005 0xd6 0x0 0x0 0x0 0x0 0x0 0x0 0x0 0x0 0x0 0x0 0x0 0x0 0x0 0x0 0x9 0x1 0x0 oops 0 methods 0
ciMethodData kotlin/metadata/internal/protobuf/CodedInputStream readRawVarint64SlowPath ()J 2 70611 orig 80 0 0 0 0 0 0 0 0 0 0 0 0 170 2 0 0 0 0 0 0 0 0 0 0 0 0 0 0 0 0 0 0 0 0 0 0 0 0 0 0 0 0 0 0 0 0 0 0 0 0 0 0 0 0 0 0 0 0 0 0 0 0 0 0 0 0 0 0 0 0 0 0 0 0 0 0 0 0 0 0 data 29 0x70007 0x0 0x90 0x231f6 0xb0005 0x231f6 0x0 0x0 0x0 0x0 0x0 0x210007 0x11e23 0x20 0x113d3 0x290003 0x11e23 0xffffffffffffff88 0x2c0002 0x0 0x0 0x0 0x0 0x0 0x0 0x0 0x9 0x1 0xffffffffffffffff oops 0 methods 0
ciMethodData kotlin/metadata/internal/protobuf/WireFormat getTagFieldNumber (I)I 2 56412 orig 80 0 0 0 0 0 0 0 0 0 0 0 0 170 2 0 0 0 0 0 0 0 0 0 0 0 0 0 0 0 0 0 0 0 0 0 0 0 0 0 0 0 0 0 0 0 0 0 0 0 0 0 0 0 0 0 0 0 0 0 0 0 0 0 0 0 0 0 0 0 0 0 0 0 0 0 0 0 0 0 0 data 4 0x0 0x9 0x1 0x0 oops 0 methods 0
ciMethodData kotlin/metadata/internal/protobuf/CodedInputStream recomputeBufferSizeAfterLimit ()V 2 5364 orig 80 0 0 0 0 0 0 0 0 0 0 0 0 170 2 0 0 0 0 0 0 0 0 0 0 0 0 0 0 0 0 0 0 0 0 0 0 0 0 0 0 0 0 0 0 0 0 0 0 0 0 0 0 0 0 0 0 0 0 0 0 0 0 0 0 0 0 0 0 0 0 0 0 0 0 0 0 0 0 0 0 data 16 0x1c0007 0x31 0x38 0x14c3 0x360003 0x14c3 0x18 0x0 0x0 0x0 0x0 0x0 0x0 0x9 0x1 0x6 oops 0 methods 0
ciMethod kotlin/metadata/internal/metadata/ProtoBuf$Annotation$Builder <init> ()V 964 0 44922 0 0
ciMethod kotlin/metadata/internal/metadata/ProtoBuf$Annotation$Builder maybeForceBuilderInitialization ()V 968 0 44922 0 0
ciMethod kotlin/metadata/internal/metadata/ProtoBuf$Annotation$Builder create ()Lkotlin/metadata/internal/metadata/ProtoBuf$Annotation$Builder; 964 0 44922 0 0
ciMethod kotlin/metadata/internal/metadata/ProtoBuf$Annotation$Builder build ()Lkotlin/metadata/internal/metadata/ProtoBuf$Annotation; 1024 0 46993 0 0
ciMethod kotlin/metadata/internal/metadata/ProtoBuf$Annotation$Builder buildPartial ()Lkotlin/metadata/internal/metadata/ProtoBuf$Annotation; 974 0 44922 0 0
ciMethod kotlin/metadata/internal/metadata/ProtoBuf$Annotation$Builder mergeFrom (Lkotlin/metadata/internal/metadata/ProtoBuf$Annotation;)Lkotlin/metadata/internal/metadata/ProtoBuf$Annotation$Builder; 970 0 44922 0 0
ciMethod kotlin/metadata/internal/metadata/ProtoBuf$Annotation$Builder mergeFrom (Lkotlin/metadata/internal/protobuf/CodedInputStream;Lkotlin/metadata/internal/protobuf/ExtensionRegistryLite;)Lkotlin/metadata/internal/metadata/ProtoBuf$Annotation$Builder; 1024 0 44922 0 0
ciMethod kotlin/metadata/internal/metadata/ProtoBuf$Annotation$Builder setId (I)Lkotlin/metadata/internal/metadata/ProtoBuf$Annotation$Builder; 1024 0 45075 0 0
ciMethod kotlin/metadata/internal/metadata/ProtoBuf$Annotation$Builder ensureArgumentIsMutable ()V 0 0 1 0 -1
ciMethod kotlin/metadata/internal/metadata/ProtoBuf$Annotation$Builder mergeFrom (Lkotlin/metadata/internal/protobuf/CodedInputStream;Lkotlin/metadata/internal/protobuf/ExtensionRegistryLite;)Lkotlin/metadata/internal/protobuf/MessageLite$Builder; 1024 0 44922 0 0
ciMethod kotlin/metadata/internal/metadata/ProtoBuf$Annotation$Builder build ()Lkotlin/metadata/internal/protobuf/MessageLite; 1024 0 46992 0 0
ciMethod kotlin/metadata/internal/metadata/ProtoBuf$Annotation$Builder access$4200 ()Lkotlin/metadata/internal/metadata/ProtoBuf$Annotation$Builder; 964 0 44922 0 0
ciMethod kotlin/metadata/internal/metadata/ProtoBuf$Annotation$Argument hasNameId ()Z 1024 0 96023 0 0
ciMethod kotlin/metadata/internal/metadata/ProtoBuf$Annotation$Argument hasValue ()Z 1024 0 96023 0 0
ciMethod kotlin/metadata/internal/metadata/ProtoBuf$Annotation$Argument getValue ()Lkotlin/metadata/internal/metadata/ProtoBuf$Annotation$Argument$Value; 350 0 175 0 0
ciMethod kotlin/metadata/internal/metadata/ProtoBuf$Annotation$Argument isInitialized ()Z 1024 0 96023 0 0
ciMethod kotlin/metadata/internal/protobuf/RopeByteString <init> (Lkotlin/metadata/internal/protobuf/ByteString;Lkotlin/metadata/internal/protobuf/ByteString;)V 0 0 1 0 -1
ciMethod kotlin/metadata/internal/protobuf/RopeByteString concatenate (Lkotlin/metadata/internal/protobuf/ByteString;Lkotlin/metadata/internal/protobuf/ByteString;)Lkotlin/metadata/internal/protobuf/ByteString; 1024 0 50025 0 0
ciMethod kotlin/metadata/internal/protobuf/RopeByteString concatenateBytes (Lkotlin/metadata/internal/protobuf/ByteString;Lkotlin/metadata/internal/protobuf/ByteString;)Lkotlin/metadata/internal/protobuf/LiteralByteString; 0 0 1 0 -1
ciMethod kotlin/metadata/internal/protobuf/RopeByteString getTreeDepth ()I 0 0 1 0 -1
ciMethodData kotlin/metadata/internal/protobuf/AbstractMessageLite <init> ()V 2 505477 orig 80 0 0 0 0 0 0 0 0 0 0 0 0 170 2 0 0 0 0 0 0 0 0 0 0 0 0 0 0 0 0 0 0 0 0 0 0 0 0 0 0 0 0 0 0 0 0 0 0 0 0 0 0 0 0 0 0 0 0 0 0 0 0 0 0 0 0 0 0 0 0 0 0 0 0 0 0 0 0 0 0 data 9 0x10002 0x7b685 0x0 0x0 0x0 0x0 0x9 0x1 0x6 oops 0 methods 0
ciMethodData kotlin/metadata/internal/protobuf/CodedInputStream pushLimit (I)I 2 5359 orig 80 0 0 0 0 0 0 0 0 0 0 0 0 170 2 0 0 0 0 0 0 0 0 0 0 0 0 0 0 0 0 0 0 0 0 0 0 0 0 0 0 0 0 0 0 0 0 0 0 0 0 0 0 0 0 0 0 0 0 0 0 0 0 0 0 0 0 0 0 0 0 0 0 0 0 0 0 0 0 0 0 data 24 0x10007 0x14ef 0x30 0x0 0x40002 0x0 0x1b0007 0x14ef 0x30 0x0 0x1e0002 0x0 0x280002 0x14ef 0x0 0x0 0x0 0x0 0x0 0x0 0x9 0x2 0x16 0x0 oops 0 methods 0
ciMethodData kotlin/metadata/internal/protobuf/CodedInputStream checkRecursionLimit ()V 2 60434 orig 80 0 0 0 0 0 0 0 0 0 0 0 0 170 2 0 0 0 0 0 0 0 0 0 0 0 0 0 0 0 0 0 0 0 0 0 0 0 0 0 0 0 0 0 0 0 0 0 0 0 0 0 0 0 0 0 0 0 0 0 0 0 0 0 0 0 0 0 0 0 0 0 0 0 0 0 0 0 0 0 0 data 15 0x80007 0xec12 0x30 0x0 0xb0002 0x0 0x0 0x0 0x0 0x0 0x0 0x0 0x9 0x1 0x0 oops 0 methods 0
ciMethodData kotlin/metadata/internal/protobuf/CodedInputStream popLimit (I)V 2 63700 orig 80 0 0 0 0 0 0 0 0 0 0 0 0 0 0 0 0 0 0 0 0 0 0 0 0 0 0 0 0 0 0 0 0 0 0 0 0 0 0 0 0 0 0 0 0 0 0 0 0 0 0 0 0 0 0 0 0 0 0 0 0 0 0 0 0 0 0 0 0 0 0 0 0 0 0 0 0 0 0 0 0 data 10 0x60002 0xf8d5 0x0 0x0 0x0 0x0 0x9 0x2 0x16 0x0 oops 0 methods 0
ciMethodData kotlin/metadata/internal/protobuf/CodedInputStream checkLastTagWas (I)V 2 62443 orig 80 0 0 0 0 0 0 0 0 0 0 0 0 0 0 0 0 0 0 0 0 0 0 0 0 0 0 0 0 0 0 0 0 0 0 0 0 0 0 0 0 0 0 0 0 0 0 0 0 0 0 0 0 0 0 0 0 0 0 0 0 0 0 0 0 0 0 0 0 0 0 0 0 0 0 0 0 0 0 0 0 data 16 0x50007 0xf3ec 0x30 0x0 0x80002 0x0 0x0 0x0 0x0 0x0 0x0 0x0 0x9 0x2 0x0 0x0 oops 0 methods 0
ciMethodData kotlin/metadata/internal/protobuf/LiteralByteString size ()I 2 65118 orig 80 0 0 0 0 0 0 0 0 0 0 0 0 0 0 0 0 0 0 0 0 0 0 0 0 0 0 0 0 0 0 0 0 0 0 0 0 0 0 0 0 0 0 0 0 0 0 0 0 0 0 0 0 0 0 0 0 0 0 0 0 0 0 0 0 0 0 0 0 0 0 0 0 0 0 0 0 0 0 0 0 data 7 0x0 0x0 0x0 0x0 0x9 0x1 0x0 oops 0 methods 0
ciMethodData kotlin/metadata/internal/protobuf/SmallSortedMap checkMutable ()V 2 95834 orig 80 0 0 0 0 0 0 0 0 0 0 0 0 0 0 0 0 0 0 0 0 0 0 0 0 0 0 0 0 0 0 0 0 0 0 0 0 0 0 0 0 0 0 0 0 0 0 0 0 0 0 0 0 0 0 0 0 0 0 0 0 0 0 0 0 0 0 0 0 0 0 0 0 0 0 0 0 0 0 0 0 data 13 0x40007 0x1765b 0x30 0x0 0xb0002 0x0 0x0 0x0 0x0 0x0 0x9 0x1 0x0 oops 0 methods 0
ciMethodData kotlin/metadata/internal/metadata/ProtoBuf$Annotation getArgumentCount ()I 2 142274 orig 80 0 0 0 0 0 0 0 0 0 0 0 0 0 0 0 0 0 0 0 0 0 0 0 0 0 0 0 0 0 0 0 0 0 0 0 0 0 0 0 0 0 0 0 0 0 0 0 0 0 0 0 0 0 0 0 0 0 0 0 0 0 0 0 0 0 0 0 0 0 0 0 0 0 0 0 0 0 0 0 0 data 16 0x40005 0x0 0x0 0x2aaf5a5ed48 0x21454 0x2aaf6f313a8 0x176f 0x0 0x0 0x0 0x0 0x0 0x0 0x9 0x1 0x0 oops 2 3 java/util/Collections$UnmodifiableRandomAccessList 5 java/util/Collections$EmptyList methods 0
ciMethodData kotlin/metadata/internal/metadata/ProtoBuf$Annotation getDefaultInstance ()Lkotlin/metadata/internal/metadata/ProtoBuf$Annotation; 2 133009 orig 80 0 0 0 0 0 0 0 0 0 0 0 0 0 0 0 0 0 0 0 0 0 0 0 0 0 0 0 0 0 0 0 0 0 0 0 0 0 0 0 0 0 0 0 0 0 0 0 0 0 0 0 0 0 0 0 0 0 0 0 0 0 0 0 0 0 0 0 0 0 0 0 0 0 0 0 0 0 0 0 0 data 4 0x0 0x0 0x9 0x0 oops 0 methods 0
ciMethodData kotlin/metadata/internal/metadata/ProtoBuf$Annotation hasId ()Z 2 92815 orig 80 0 0 0 0 0 0 0 0 0 0 0 0 0 0 0 0 0 0 0 0 0 0 0 0 0 0 0 0 0 0 0 0 0 0 0 0 0 0 0 0 0 0 0 0 0 0 0 0 0 0 0 0 0 0 0 0 0 0 0 0 0 0 0 0 0 0 0 0 0 0 0 0 0 0 0 0 0 0 0 0 data 13 0x70007 0x0 0x38 0x16a90 0xb0003 0x16a90 0x18 0x0 0x0 0x0 0x9 0x1 0x0 oops 0 methods 0
ciMethodData kotlin/metadata/internal/protobuf/GeneratedMessageLite$ExtensionDescriptor getLiteJavaType ()Lkotlin/metadata/internal/protobuf/WireFormat$JavaType; 2 181580 orig 80 0 0 0 0 0 0 0 0 0 0 0 0 0 0 0 0 0 0 0 0 0 0 0 0 0 0 0 0 0 0 0 0 0 0 0 0 0 0 0 0 0 0 0 0 0 0 0 0 0 0 0 0 0 0 0 0 0 0 0 0 0 0 0 0 0 0 0 0 0 0 0 0 0 0 0 0 0 0 0 0 data 16 0x40005 0x3c5 0x0 0x2aaf4f341f8 0x2b5c0 0x2aaf5c08868 0xbc8 0x0 0x0 0x0 0x0 0x0 0x0 0x9 0x1 0x0 oops 2 3 kotlin/metadata/internal/protobuf/WireFormat$FieldType$3 5 kotlin/metadata/internal/protobuf/WireFormat$FieldType methods 0
ciMethodData kotlin/metadata/internal/protobuf/SmallSortedMap binarySearchInArray (Ljava/lang/Comparable;)I 2 59937 orig 80 1 0 0 0 0 0 0 0 0 0 0 0 0 0 0 0 0 0 0 0 0 0 0 0 0 0 0 0 0 0 0 0 0 0 0 0 0 0 0 2 0 0 0 0 0 0 0 0 0 0 0 0 0 0 0 0 0 0 0 0 0 0 0 0 0 0 0 0 0 0 0 0 0 0 0 0 0 0 0 0 data 106 0x60005 0x0 0x0 0x2aaef7e4878 0xa075 0x2aaf6f313a8 0x49ad 0xf0007 0x49ad 0x140 0xa075 0x180005 0x0 0x0 0x2aaef7e4878 0xa075 0x0 0x0 0x1d0004 0x0 0x0 0x2aaf6f2dd30 0xa075 0x0 0x0 0x200005 0x0 0x0 0x2aaf6f2dd30 0xa075 0x0 0x0 0x230005 0x0 0x0 0x2aaf5c0c2e8 0xa075 0x0 0x0 0x2c0007 0x47b8 0x20 0x58bd 0x360007 0x2111 0x20 0x26a7 0x3d0007 0x674a 0x188 0x212d 0x4e0005 0x0 0x0 0x2aaef7e4878 0x212d 0x0 0x0 0x530004 0x0 0x0 0x2aaf6f2dd30 0x212d 0x0 0x0 0x560005 0x0 0x0 0x2aaf6f2dd30 0x212d 0x0 0x0 0x590005 0x0 0x0 0x2aaf5c0c2e8 0x212d 0x0 0x0 0x620007 0x390 0x38 0x1d9d 0x6a0003 0x1d9d 0x50 0x80000006006f0007 0x376 0x38 0x1c 0x770003 0x1c 0x18 0x7d0003 0x1db9 0xfffffffffffffe90 0x0 0x0 0x0 0x0 0x0 0x0 0x9 0x2 0x0 0xffffffffffffffff oops 10 3 java/util/ArrayList 5 java/util/Collections$EmptyList 14 java/util/ArrayList 21 kotlin/metadata/internal/protobuf/SmallSortedMap$Entry 28 kotlin/metadata/internal/protobuf/SmallSortedMap$Entry 35 kotlin/metadata/internal/protobuf/GeneratedMessageLite$ExtensionDescriptor 54 java/util/ArrayList 61 kotlin/metadata/internal/protobuf/SmallSortedMap$Entry 68 kotlin/metadata/internal/protobuf/SmallSortedMap$Entry 75 kotlin/metadata/internal/protobuf/GeneratedMessageLite$ExtensionDescriptor methods 0
ciMethodData kotlin/metadata/internal/metadata/ProtoBuf$Annotation$Argument$Value getDefaultInstance ()Lkotlin/metadata/internal/metadata/ProtoBuf$Annotation$Argument$Value; 2 66442 orig 80 0 0 0 0 0 0 0 0 0 0 0 0 0 0 0 0 0 0 0 0 0 0 0 0 0 0 0 0 0 0 0 0 0 0 0 0 0 0 0 0 0 0 0 0 0 0 0 0 0 0 0 0 0 0 0 0 0 0 0 0 0 0 0 0 0 0 0 0 0 0 0 0 0 0 0 0 0 0 0 0 data 4 0x0 0x0 0x9 0x0 oops 0 methods 0
ciMethodData kotlin/metadata/internal/metadata/ProtoBuf$Annotation$Argument$Value$1 parsePartialFrom (Lkotlin/metadata/internal/protobuf/CodedInputStream;Lkotlin/metadata/internal/protobuf/ExtensionRegistryLite;)Ljava/lang/Object; 2 103555 orig 80 0 0 0 0 0 0 0 0 0 0 0 0 0 0 0 0 0 0 0 0 0 0 0 0 0 0 0 0 0 0 0 0 0 0 0 0 0 0 0 0 0 0 0 0 0 0 0 0 0 0 0 0 0 0 0 0 0 0 0 0 0 0 0 0 0 0 0 0 0 0 0 0 0 0 0 0 0 0 0 0 data 18 0x30005 0x19484 0x0 0x0 0x0 0x0 0x0 0x0 0x0 0x0 0x0 0x0 0x0 0x9 0x3 0x0 0x0 0x0 oops 0 methods 0
ciMethodData kotlin/metadata/internal/metadata/ProtoBuf$Annotation$Argument$Value$1 parsePartialFrom (Lkotlin/metadata/internal/protobuf/CodedInputStream;Lkotlin/metadata/internal/protobuf/ExtensionRegistryLite;)Lkotlin/metadata/internal/metadata/ProtoBuf$Annotation$Argument$Value; 2 103555 orig 80 0 0 0 0 0 0 0 0 0 0 0 0 0 0 0 0 0 0 0 0 0 0 0 0 0 0 0 0 0 0 0 0 0 0 0 0 0 0 0 0 0 0 0 0 0 0 0 0 0 0 0 0 0 0 0 0 0 0 0 0 0 0 0 0 0 0 0 0 0 0 0 0 0 0 0 0 0 0 0 0 data 9 0x70002 0x19484 0x0 0x0 0x9 0x3 0x0 0x0 0x0 oops 0 methods 0
ciMethodData kotlin/metadata/internal/metadata/ProtoBuf$Annotation$Argument$Value <init> (Lkotlin/metadata/internal/protobuf/CodedInputStream;Lkotlin/metadata/internal/protobuf/ExtensionRegistryLite;Lkotlin/metadata/internal/metadata/ProtoBuf$1;)V 2 103555 orig 80 0 0 0 0 0 0 0 0 0 0 0 0 0 0 0 0 0 0 0 0 0 0 0 0 0 0 0 0 0 0 0 0 0 0 0 0 0 0 0 0 0 0 0 0 0 0 0 0 0 0 0 0 0 0 0 0 0 0 0 0 0 0 0 0 0 0 0 0 0 0 0 0 0 0 0 0 0 0 0 0 data 10 0x30002 0x19484 0x0 0x0 0x9 0x4 0x0 0x0 0x0 0x0 oops 0 methods 0
ciMethodData kotlin/metadata/internal/metadata/ProtoBuf$Annotation getArgument (I)Lkotlin/metadata/internal/metadata/ProtoBuf$Annotation$Argument; 2 95511 orig 80 0 0 0 0 0 0 0 0 0 0 0 0 0 0 0 0 0 0 0 0 0 0 0 0 0 0 0 0 0 0 0 0 0 0 0 0 0 0 0 0 0 0 0 0 0 0 0 0 0 0 0 0 0 0 0 0 0 0 0 0 0 0 0 0 0 0 0 0 0 0 0 0 0 0 0 0 0 0 0 0 data 24 0x50005 0x0 0x0 0x2aaf5a5ed48 0x17518 0x0 0x0 0xa0004 0x0 0x0 0x2aaef9a90f8 0x17518 0x0 0x0 0x0 0x0 0x0 0x0 0x0 0x0 0x9 0x2 0x0 0x0 oops 2 3 java/util/Collections$UnmodifiableRandomAccessList 10 kotlin/metadata/internal/metadata/ProtoBuf$Annotation$Argument methods 0
ciMethodData kotlin/metadata/internal/metadata/ProtoBuf$Annotation$Argument$Value <init> (Lkotlin/metadata/internal/protobuf/CodedInputStream;Lkotlin/metadata/internal/protobuf/ExtensionRegistryLite;)V 2 85147 orig 80 1 0 0 0 0 0 0 0 0 0 0 0 0 0 0 0 0 0 0 0 0 0 0 0 0 0 0 0 0 0 0 0 0 0 0 0 0 0 0 1 0 0 0 0 0 0 0 0 0 0 0 0 0 0 0 0 0 0 0 0 0 0 0 0 0 0 0 0 0 0 0 0 0 0 0 0 0 0 0 0 data 401 0x10002 0x14c9c 0xf0002 0x14c9c 0x140002 0x14c9c 0x1c0002 0x14c9c 0x260007 0x14c9d 0x770 0x3ef9c 0x2a0005 0x3ef9c 0x0 0x0 0x0 0x0 0x0 0x8000000600310008 0x1a 0x0 0xf8 0x14c9d 0xe0 0x14c9c 0x168 0x60c7 0x270 0x0 0x2c0 0x5 0x310 0xc0ff 0x360 0xe46 0x3b0 0xe46 0x400 0xe46 0x450 0x0 0x5c0 0x9c7 0x678 0x0 0x6c8 0x9f0003 0x14c9d 0x620 0xa90005 0x0 0x0 0x0 0x0 0x0 0x0 0xac0007 0x0 0x5d0 0x0 0xb20003 0x0 0x5b0 0xb60005 0x14c9c 0x0 0x0 0x0 0x0 0x0 0xbd0002 0x14c9c 0xc40007 0x14c9c 0xa8 0x0 0xcb0005 0x0 0x0 0x0 0x0 0x0 0x0 0xd20005 0x0 0x0 0x0 0x0 0x0 0x0 0xd50003 0x0 0x4c0 0xe80003 0x14c9c 0x4a8 0xf70005 0x60c7 0x0 0x0 0x0 0x0 0x0 0xfd0003 0x60c7 0x458 0x10c0005 0x0 0x0 0x0 0x0 0x0 0x0 0x1120003 0x0 0x408 0x1220005 0x5 0x0 0x0 0x0 0x0 0x0 0x1280003 0x5 0x3b8 0x1380005 0xc0ff 0x0 0x0 0x0 0x0 0x0 0x13e0003 0xc0ff 0x368 0x14e0005 0xe46 0x0 0x0 0x0 0x0 0x0 0x1540003 0xe46 0x318 0x1640005 0xe46 0x0 0x0 0x0 0x0 0x0 0x16a0003 0xe46 0x2c8 0x17b0007 0xe46 0x58 0x0 0x1820005 0x0 0x0 0x0 0x0 0x0 0x0 0x18d0005 0xe46 0x0 0x0 0x0 0x0 0x0 0x1900004 0x0 0x0 0x2aaf5c089c8 0xe46 0x0 0x0 0x1980007 0xe46 0x90 0x0 0x1a10005 0x0 0x0 0x0 0x0 0x0 0x0 0x1a80005 0x0 0x0 0x0 0x0 0x0 0x0 0x1ba0003 0xe46 0x158 0x1c50007 0x0 0x30 0x0 0x1cd0002 0x0 0x1e20005 0x0 0x0 0x0 0x0 0x0 0x0 0x1e50005 0x0 0x0 0x0 0x0 0x0 0x0 0x1eb0003 0x0 0xa0 0x1fc0005 0x9c7 0x0 0x0 0x0 0x0 0x0 0x2020003 0x9c7 0x50 0x2130005 0x0 0x0 0x0 0x0 0x0 0x0 0x2190003 0x3ef9d 0xfffffffffffff8a8 0x2240007 0x14c9d 0x30 0x0 0x22c0002 0x0 0x2340005 0x14c9d 0x0 0x0 0x0 0x0 0x0 0x23a0005 0x14c9d 0x0 0x0 0x0 0x0 0x0 0x2400003 0x14c9d 0xa0 0x2480005 0x0 0x0 0x0 0x0 0x0 0x0 0x24e0003 0x0 0x50 0x2560005 0x0 0x0 0x0 0x0 0x0 0x0 0x2600005 0x0 0x0 0x2aaf5c08a78 0x14c9d 0x0 0x0 0x2630003 0x14c9d 0x248 0x26b0005 0x0 0x0 0x0 0x0 0x0 0x0 0x2770005 0x0 0x0 0x0 0x0 0x0 0x0 0x27a0002 0x0 0x27e0005 0x0 0x0 0x0 0x0 0x0 0x0 0x28c0007 0x0 0x30 0x0 0x2940002 0x0 0x29c0005 0x0 0x0 0x0 0x0 0x0 0x0 0x2a20005 0x0 0x0 0x0 0x0 0x0 0x0 0x2a80003 0x0 0xa0 0x2b00005 0x0 0x0 0x0 0x0 0x0 0x0 0x2b60003 0x0 0x50 0x2be0005 0x0 0x0 0x0 0x0 0x0 0x0 0x2c80005 0x0 0x0 0x0 0x0 0x0 0x0 0x0 0x0 0x0 0x0 0x0 0x0 0x0 0x0 0x0 0x0 0x0 0x0 0x0 0x0 0x0 0x0 0x0 0x0 0x0 0x0 0x0 0x0 0x0 0x0 0x0 0x0 0x0 0x0 0x0 0x0 0x9 0x3 0x0 0x0 0x0 oops 2 178 kotlin/metadata/internal/metadata/ProtoBuf$Annotation 289 kotlin/metadata/internal/metadata/ProtoBuf$Annotation$Argument$Value methods 0
ciMethodData kotlin/metadata/internal/metadata/ProtoBuf$Annotation$Argument isInitialized ()Z 2 95511 orig 80 0 0 0 0 0 0 0 0 0 0 0 0 0 0 0 0 0 0 0 0 0 0 0 0 0 0 0 0 0 0 0 0 0 0 0 0 0 0 0 0 0 0 0 0 0 0 0 0 0 0 0 0 0 0 0 0 0 0 0 0 0 0 0 0 0 0 0 0 0 0 0 0 0 0 0 0 0 0 0 0 data 57 0x70007 0x17518 0x20 0x0 0xd0007 0x17518 0x20 0x0 0x130005 0x17518 0x0 0x0 0x0 0x0 0x0 0x160007 0x17518 0x20 0x0 0x210005 0x17518 0x0 0x0 0x0 0x0 0x0 0x240007 0x17518 0x20 0x0 0x2f0005 0x17518 0x0 0x0 0x0 0x0 0x0 0x320005 0x17518 0x0 0x0 0x0 0x0 0x0 0x350007 0x17518 0x20 0x0 0x0 0x0 0x0 0x0 0x0 0x0 0x9 0x1 0x0 oops 0 methods 0
ciMethodData kotlin/metadata/internal/metadata/ProtoBuf$Annotation$Argument hasNameId ()Z 2 95511 orig 80 0 0 0 0 0 0 0 0 0 0 0 0 0 0 0 0 0 0 0 0 0 0 0 0 0 0 0 0 0 0 0 0 0 0 0 0 0 0 0 0 0 0 0 0 0 0 0 0 0 0 0 0 0 0 0 0 0 0 0 0 0 0 0 0 0 0 0 0 0 0 0 0 0 0 0 0 0 0 0 0 data 13 0x70007 0x0 0x38 0x17518 0xb0003 0x17518 0x18 0x0 0x0 0x0 0x9 0x1 0x0 oops 0 methods 0
ciMethodData kotlin/metadata/internal/metadata/ProtoBuf$Annotation$Argument hasValue ()Z 2 95511 orig 80 0 0 0 0 0 0 0 0 0 0 0 0 0 0 0 0 0 0 0 0 0 0 0 0 0 0 0 0 0 0 0 0 0 0 0 0 0 0 0 0 0 0 0 0 0 0 0 0 0 0 0 0 0 0 0 0 0 0 0 0 0 0 0 0 0 0 0 0 0 0 0 0 0 0 0 0 0 0 0 0 data 13 0x70007 0x0 0x38 0x17518 0xb0003 0x17518 0x18 0x0 0x0 0x0 0x9 0x1 0x0 oops 0 methods 0
ciMethodData kotlin/metadata/internal/metadata/ProtoBuf$Annotation$Argument$Value isInitialized ()Z 2 105785 orig 80 0 0 0 0 0 0 0 0 0 0 0 0 0 0 0 0 0 0 0 0 0 0 0 0 0 0 0 0 0 0 0 0 0 0 0 0 0 0 0 0 0 0 0 0 0 0 0 0 0 0 0 0 0 0 0 0 0 0 0 0 0 0 0 0 0 0 0 0 0 0 0 0 0 0 0 0 0 0 0 0 data 78 0x70007 0x18929 0x20 0x1411 0xd0007 0x18929 0x20 0x0 0x130005 0x18929 0x0 0x0 0x0 0x0 0x0 0x160007 0x1782b 0xb0 0x10fe 0x1a0005 0x10fe 0x0 0x0 0x0 0x0 0x0 0x1d0005 0x10fe 0x0 0x0 0x0 0x0 0x0 0x200007 0x10fe 0x20 0x0 0x2e0005 0x18929 0x0 0x0 0x0 0x0 0x0 0x310007 0x18929 0xc8 0x0 0x360005 0x0 0x0 0x0 0x0 0x0 0x0 0x390005 0x0 0x0 0x0 0x0 0x0 0x0 0x3c0007 0x0 0x20 0x0 0x490003 0x0 0xffffffffffffff18 0x0 0x0 0x0 0x0 0x0 0x0 0x9 0x1 0x0 oops 0 methods 0
ciMethodData kotlin/metadata/internal/metadata/ProtoBuf$Annotation$Argument$Value hasAnnotation ()Z 2 104181 orig 80 0 0 0 0 0 0 0 0 0 0 0 0 0 0 0 0 0 0 0 0 0 0 0 0 0 0 0 0 0 0 0 0 0 0 0 0 0 0 0 0 0 0 0 0 0 0 0 0 0 0 0 0 0 0 0 0 0 0 0 0 0 0 0 0 0 0 0 0 0 0 0 0 0 0 0 0 0 0 0 0 data 13 0xb0007 0x185f8 0x38 0x10fe 0xf0003 0x10fe 0x18 0x0 0x0 0x0 0x9 0x1 0x0 oops 0 methods 0
ciMethodData kotlin/metadata/internal/metadata/ProtoBuf$Annotation$Argument$Value getArrayElementCount ()I 2 100648 orig 80 0 0 0 0 0 0 0 0 0 0 0 0 0 0 0 0 0 0 0 0 0 0 0 0 0 0 0 0 0 0 0 0 0 0 0 0 0 0 0 0 0 0 0 0 0 0 0 0 0 0 0 0 0 0 0 0 0 0 0 0 0 0 0 0 0 0 0 0 0 0 0 0 0 0 0 0 0 0 0 0 data 16 0x40005 0x0 0x0 0x2aaf6f313a8 0x18929 0x0 0x0 0x0 0x0 0x0 0x0 0x0 0x0 0x9 0x1 0x0 oops 1 3 java/util/Collections$EmptyList methods 0
ciMethodData kotlin/metadata/internal/metadata/ProtoBuf$Annotation$Argument$Value newBuilder ()Lkotlin/metadata/internal/metadata/ProtoBuf$Annotation$Argument$Value$Builder; 2 3567 orig 80 0 0 0 0 0 0 0 0 0 0 0 0 170 2 0 0 0 0 0 0 0 0 0 0 0 0 0 0 0 0 0 0 0 0 0 0 0 0 0 0 0 0 0 0 0 0 0 0 0 0 0 0 0 0 0 0 0 0 0 0 0 0 0 0 0 0 0 0 0 0 0 0 0 0 0 0 0 0 0 0 data 10 0x2 0xdef 0x0 0x0 0x0 0x0 0x0 0x0 0x9 0x0 oops 0 methods 0
ciMethodData kotlin/metadata/internal/metadata/ProtoBuf$Annotation$1 parsePartialFrom (Lkotlin/metadata/internal/protobuf/CodedInputStream;Lkotlin/metadata/internal/protobuf/ExtensionRegistryLite;)Ljava/lang/Object; 2 48882 orig 80 0 0 0 0 0 0 0 0 0 0 0 0 0 0 0 0 0 0 0 0 0 0 0 0 0 0 0 0 0 0 0 0 0 0 0 0 0 0 0 0 0 0 0 0 0 0 0 0 0 0 0 0 0 0 0 0 0 0 0 0 0 0 0 0 0 0 0 0 0 0 0 0 0 0 0 0 0 0 0 0 data 18 0x30005 0xbef3 0x0 0x0 0x0 0x0 0x0 0x0 0x0 0x0 0x0 0x0 0x0 0x9 0x3 0x0 0x0 0x0 oops 0 methods 0
ciMethodData kotlin/metadata/internal/metadata/ProtoBuf$Annotation$1 parsePartialFrom (Lkotlin/metadata/internal/protobuf/CodedInputStream;Lkotlin/metadata/internal/protobuf/ExtensionRegistryLite;)Lkotlin/metadata/internal/metadata/ProtoBuf$Annotation; 2 48885 orig 80 0 0 0 0 0 0 0 0 0 0 0 0 0 0 0 0 0 0 0 0 0 0 0 0 0 0 0 0 0 0 0 0 0 0 0 0 0 0 0 0 0 0 0 0 0 0 0 0 0 0 0 0 0 0 0 0 0 0 0 0 0 0 0 0 0 0 0 0 0 0 0 0 0 0 0 0 0 0 0 0 data 9 0x70002 0xbef6 0x0 0x0 0x9 0x3 0x0 0x0 0x0 oops 0 methods 0
ciMethodData kotlin/metadata/internal/metadata/ProtoBuf$Annotation <init> (Lkotlin/metadata/internal/protobuf/CodedInputStream;Lkotlin/metadata/internal/protobuf/ExtensionRegistryLite;Lkotlin/metadata/internal/metadata/ProtoBuf$1;)V 2 48906 orig 80 0 0 0 0 0 0 0 0 0 0 0 0 0 0 0 0 0 0 0 0 0 0 0 0 0 0 0 0 0 0 0 0 0 0 0 0 0 0 0 0 0 0 0 0 0 0 0 0 0 0 0 0 0 0 0 0 0 0 0 0 0 0 0 0 0 0 0 0 0 0 0 0 0 0 0 0 0 0 0 0 data 10 0x30002 0xbf0b 0x0 0x0 0x9 0x4 0x0 0x0 0x0 0x0 oops 0 methods 0
ciMethodData kotlin/metadata/internal/metadata/ProtoBuf$Annotation <init> (Lkotlin/metadata/internal/protobuf/CodedInputStream;Lkotlin/metadata/internal/protobuf/ExtensionRegistryLite;)V 2 29781 orig 80 0 0 0 0 0 0 0 0 0 0 0 0 0 0 0 0 0 0 0 0 0 0 0 0 0 0 0 0 0 0 0 0 0 0 0 0 0 0 0 0 0 0 0 0 0 0 0 0 0 0 0 0 0 0 0 0 0 0 0 0 0 0 0 0 0 0 0 0 0 0 0 0 0 0 0 0 0 0 0 0 data 218 0x10002 0x7456 0xf0002 0x7456 0x140002 0x7456 0x1c0002 0x7456 0x260007 0x7456 0x238 0x1d2a3 0x2a0005 0x1d2a3 0x0 0x0 0x0 0x0 0x0 0x310008 0x8 0x0 0x68 0x7456 0x50 0x7456 0xd8 0xe9f7 0x128 0x570003 0x7456 0x178 0x610005 0x0 0x0 0x0 0x0 0x0 0x0 0x640007 0x0 0x128 0x0 0x6a0003 0x0 0x108 0x790005 0x7456 0x0 0x0 0x0 0x0 0x0 0x7f0003 0x7456 0xb8 0x860007 0x82b6 0x30 0x6741 0x8e0002 0x6741 0xa10005 0xe9f7 0x0 0x0 0x0 0x0 0x0 0xa40005 0x0 0x0 0x2aaef7e4878 0xe9f7 0x0 0x0 0xaa0003 0x1d2a3 0xfffffffffffffde0 0xb10007 0xd15 0x30 0x6741 0xb90002 0x6741 0xc10005 0x7456 0x0 0x0 0x0 0x0 0x0 0xc70005 0x7456 0x0 0x0 0x0 0x0 0x0 0xcd0003 0x7456 0xa0 0xd50005 0x0 0x0 0x0 0x0 0x0 0x0 0xdb0003 0x0 0x50 0xe30005 0x0 0x0 0x0 0x0 0x0 0x0 0xed0005 0x0 0x0 0x2aaf5c089c8 0x7456 0x0 0x0 0xf00003 0x7456 0x248 0xf80005 0x0 0x0 0x0 0x0 0x0 0x0 0x1040005 0x0 0x0 0x0 0x0 0x0 0x0 0x1070002 0x0 0x10b0005 0x0 0x0 0x0 0x0 0x0 0x0 0x1150007 0x0 0x30 0x0 0x11d0002 0x0 0x1250005 0x0 0x0 0x0 0x0 0x0 0x0 0x12b0005 0x0 0x0 0x0 0x0 0x0 0x0 0x1310003 0x0 0xa0 0x1390005 0x0 0x0 0x0 0x0 0x0 0x0 0x13f0003 0x0 0x50 0x1470005 0x0 0x0 0x0 0x0 0x0 0x0 0x1510005 0x0 0x0 0x0 0x0 0x0 0x0 0x0 0x0 0x0 0x0 0x0 0x0 0x0 0x0 0x0 0x0 0x0 0x0 0x0 0x0 0x9 0x3 0x0 0x0 0x0 oops 2 72 java/util/ArrayList 122 kotlin/metadata/internal/metadata/ProtoBuf$Annotation methods 0
ciMethodData kotlin/metadata/internal/metadata/ProtoBuf$Annotation isInitialized ()Z 2 85298 orig 80 0 0 0 0 0 0 0 0 0 0 0 0 0 0 0 0 0 0 0 0 0 0 0 0 0 0 0 0 0 0 0 0 0 0 0 0 0 0 0 0 0 0 0 0 0 0 0 0 0 0 0 0 0 0 0 0 0 0 0 0 0 0 0 0 0 0 0 0 0 0 0 0 0 0 0 0 0 0 0 0 data 60 0x70007 0xb4ac 0x20 0x9887 0xd0007 0xb4ac 0x20 0x0 0x130005 0xb4ac 0x0 0x0 0x0 0x0 0x0 0x160007 0xb4ac 0x20 0x0 0x240005 0x22926 0x0 0x0 0x0 0x0 0x0 0x270007 0xb4ac 0xc8 0x1747a 0x2c0005 0x1747a 0x0 0x0 0x0 0x0 0x0 0x2f0005 0x1747a 0x0 0x0 0x0 0x0 0x0 0x320007 0x1747a 0x20 0x0 0x3f0003 0x1747a 0xffffffffffffff18 0x0 0x0 0x0 0x0 0x0 0x0 0x9 0x1 0x18 oops 0 methods 0
ciMethodData kotlin/metadata/internal/protobuf/ExtensionRegistryLite$ObjectIntPair <init> (Ljava/lang/Object;I)V 2 50732 orig 80 0 0 0 0 0 0 0 0 0 0 0 0 0 0 0 0 0 0 0 0 0 0 0 0 0 0 0 0 0 0 0 0 0 0 0 0 0 0 0 0 0 0 0 0 0 0 0 0 0 0 0 0 0 0 0 0 0 0 0 0 0 0 0 0 0 0 0 0 0 0 0 0 0 0 0 0 0 0 0 0 data 11 0x10002 0xc62d 0x0 0x0 0x0 0x0 0x9 0x3 0x6 0x0 0x0 oops 0 methods 0
ciMethodData kotlin/metadata/internal/protobuf/ExtensionRegistryLite$ObjectIntPair hashCode ()I 2 50732 orig 80 0 0 0 0 0 0 0 0 0 0 0 0 0 0 0 0 0 0 0 0 0 0 0 0 0 0 0 0 0 0 0 0 0 0 0 0 0 0 0 0 0 0 0 0 0 0 0 0 0 0 0 0 0 0 0 0 0 0 0 0 0 0 0 0 0 0 0 0 0 0 0 0 0 0 0 0 0 0 0 0 data 11 0x40002 0xc62d 0x0 0x0 0x0 0x0 0x0 0x0 0x9 0x1 0x0 oops 0 methods 0
ciMethodData kotlin/metadata/internal/metadata/ProtoBuf$Annotation newBuilder ()Lkotlin/metadata/internal/metadata/ProtoBuf$Annotation$Builder; 2 44440 orig 80 0 0 0 0 0 0 0 0 0 0 0 0 170 2 0 0 0 0 0 0 0 0 0 0 0 0 0 0 0 0 0 0 0 0 0 0 0 0 0 0 0 0 0 0 0 0 0 0 0 0 0 0 0 0 0 0 0 0 0 0 0 0 0 0 0 0 0 0 0 0 0 0 0 0 0 0 0 0 0 0 data 10 0x2 0xad98 0x0 0x0 0x0 0x0 0x0 0x0 0x9 0x0 oops 0 methods 0
ciMethodData kotlin/metadata/internal/metadata/ProtoBuf$Annotation$Builder access$4200 ()Lkotlin/metadata/internal/metadata/ProtoBuf$Annotation$Builder; 2 44440 orig 80 0 0 0 0 0 0 0 0 0 0 0 0 170 2 0 0 0 0 0 0 0 0 0 0 0 0 0 0 0 0 0 0 0 0 0 0 0 0 0 0 0 0 0 0 0 0 0 0 0 0 0 0 0 0 0 0 0 0 0 0 0 0 0 0 0 0 0 0 0 0 0 0 0 0 0 0 0 0 0 0 data 10 0x2 0xad98 0x0 0x0 0x0 0x0 0x0 0x0 0x9 0x0 oops 0 methods 0
ciMethodData kotlin/metadata/internal/metadata/ProtoBuf$Annotation$Builder create ()Lkotlin/metadata/internal/metadata/ProtoBuf$Annotation$Builder; 2 44440 orig 80 0 0 0 0 0 0 0 0 0 0 0 0 170 2 0 0 0 0 0 0 0 0 0 0 0 0 0 0 0 0 0 0 0 0 0 0 0 0 0 0 0 0 0 0 0 0 0 0 0 0 0 0 0 0 0 0 0 0 0 0 0 0 0 0 0 0 0 0 0 0 0 0 0 0 0 0 0 0 0 0 data 6 0x40002 0xad98 0x0 0x0 0x9 0x0 oops 0 methods 0
ciMethodData kotlin/metadata/internal/metadata/ProtoBuf$Annotation$Builder <init> ()V 2 44440 orig 80 0 0 0 0 0 0 0 0 0 0 0 0 170 2 0 0 0 0 0 0 0 0 0 0 0 0 0 0 0 0 0 0 0 0 0 0 0 0 0 0 0 0 0 0 0 0 0 0 0 0 0 0 0 0 0 0 0 0 0 0 0 0 0 0 0 0 0 0 0 0 0 0 0 0 0 0 0 0 0 0 data 15 0x10002 0xad98 0x50002 0xad98 0xc0002 0xad98 0x0 0x0 0x0 0x0 0x0 0x0 0x9 0x1 0x0 oops 0 methods 0
ciMethodData kotlin/metadata/internal/protobuf/GeneratedMessageLite$Builder <init> ()V 2 48184 orig 80 0 0 0 0 0 0 0 0 0 0 0 0 170 2 0 0 0 0 0 0 0 0 0 0 0 0 0 0 0 0 0 0 0 0 0 0 0 0 0 0 0 0 0 0 0 0 0 0 0 0 0 0 0 0 0 0 0 0 0 0 0 0 0 0 0 0 0 0 0 0 0 0 0 0 0 0 0 0 0 0 data 9 0x10002 0xbc38 0x0 0x0 0x0 0x0 0x9 0x1 0x0 oops 0 methods 0
ciMethodData kotlin/metadata/internal/protobuf/AbstractMessageLite$Builder <init> ()V 2 48183 orig 80 0 0 0 0 0 0 0 0 0 0 0 0 170 2 0 0 0 0 0 0 0 0 0 0 0 0 0 0 0 0 0 0 0 0 0 0 0 0 0 0 0 0 0 0 0 0 0 0 0 0 0 0 0 0 0 0 0 0 0 0 0 0 0 0 0 0 0 0 0 0 0 0 0 0 0 0 0 0 0 0 data 7 0x10002 0xbc37 0x0 0x0 0x9 0x1 0x0 oops 0 methods 0
ciMethodData kotlin/metadata/internal/metadata/ProtoBuf$Annotation$Builder maybeForceBuilderInitialization ()V 2 44438 orig 80 0 0 0 0 0 0 0 0 0 0 0 0 170 2 0 0 0 0 0 0 0 0 0 0 0 0 0 0 0 0 0 0 0 0 0 0 0 0 0 0 0 0 0 0 0 0 0 0 0 0 0 0 0 0 0 0 0 0 0 0 0 0 0 0 0 0 0 0 0 0 0 0 0 0 0 0 0 0 0 0 data 4 0x0 0x9 0x1 0x0 oops 0 methods 0
ciMethodData kotlin/metadata/internal/metadata/ProtoBuf$Annotation$Builder mergeFrom (Lkotlin/metadata/internal/metadata/ProtoBuf$Annotation;)Lkotlin/metadata/internal/metadata/ProtoBuf$Annotation$Builder; 2 44600 orig 80 0 0 0 0 0 0 0 0 0 0 0 0 170 2 0 0 0 0 0 0 0 0 0 0 0 0 0 0 0 0 0 0 0 0 0 0 0 0 0 0 0 0 0 0 0 0 0 0 0 0 0 0 0 0 0 0 0 0 0 0 0 0 0 0 0 0 0 0 0 0 0 0 0 0 0 0 0 0 0 0 data 104 0x10002 0xae34 0x40007 0xae34 0x20 0x0 0xa0005 0xae34 0x0 0x0 0x0 0x0 0x0 0xd0007 0x0 0x90 0xae34 0x120005 0xae34 0x0 0x0 0x0 0x0 0x0 0x150005 0xae34 0x0 0x0 0x0 0x0 0x0 0x1a0002 0xae34 0x1d0005 0x0 0x0 0x2aaf5a5ed48 0x9692 0x2aaf6f313a8 0x17a2 0x220007 0x17a2 0xf8 0x9692 0x290005 0x0 0x0 0x2aaf6f313a8 0x9692 0x0 0x0 0x2e0007 0x0 0x48 0x9692 0x330002 0x9692 0x440003 0x9692 0x70 0x480002 0x0 0x500002 0x0 0x530005 0x0 0x0 0x0 0x0 0x0 0x0 0x5b0005 0xae34 0x0 0x0 0x0 0x0 0x0 0x5f0002 0xae34 0x620005 0x0 0x0 0x2aaf5037d98 0xae34 0x0 0x0 0x650005 0xae34 0x0 0x0 0x0 0x0 0x0 0x0 0x0 0x0 0x0 0x0 0x0 0x9 0x2 0x0 0x0 oops 4 36 java/util/Collections$UnmodifiableRandomAccessList 38 java/util/Collections$EmptyList 47 java/util/Collections$EmptyList 83 kotlin/metadata/internal/protobuf/LiteralByteString methods 0
ciMethodData kotlin/metadata/internal/metadata/ProtoBuf$Annotation$Builder buildPartial ()Lkotlin/metadata/internal/metadata/ProtoBuf$Annotation; 2 48974 orig 80 0 0 0 0 0 0 0 0 0 0 0 0 170 2 0 0 0 0 0 0 0 0 0 0 0 0 0 0 0 0 0 0 0 0 0 0 0 0 0 0 0 0 0 0 0 0 0 0 0 0 0 0 0 0 0 0 0 0 0 0 0 0 0 0 0 0 0 0 0 0 0 0 0 0 0 0 0 0 0 0 data 27 0x60002 0xbf4e 0x150007 0x0 0x20 0xbf4e 0x210002 0xbf4e 0x2c0007 0xbf4e 0x30 0x0 0x340002 0x0 0x4a0002 0xbf4e 0x500002 0xbf4e 0x0 0x0 0x0 0x0 0x0 0x0 0x9 0x1 0x0 oops 0 methods 0
ciMethodData kotlin/metadata/internal/protobuf/SmallSortedMap get (Ljava/lang/Object;)Ljava/lang/Object; 2 53457 orig 80 1 0 0 0 0 0 0 0 0 0 0 0 0 0 0 0 0 0 0 0 0 0 0 0 0 0 0 0 0 0 0 0 0 0 0 0 0 0 0 0 0 0 0 0 0 0 0 0 0 0 0 0 0 0 0 0 0 0 0 0 0 0 0 0 0 0 0 0 0 0 0 0 0 0 0 0 0 0 0 0 data 51 0x10004 0x0 0x0 0x2aaf5c0c2e8 0xd0d2 0x0 0x0 0x70002 0xd0d2 0xc0007 0xa58c 0xc8 0x2b47 0x140005 0x0 0x0 0x2aaef7e4878 0x2b47 0x0 0x0 0x190004 0x0 0x0 0x2aaf6f2dd30 0x2b47 0x0 0x0 0x1c0005 0x0 0x0 0x2aaf6f2dd30 0x2b47 0x0 0x0 0x250005 0x0 0x0 0x2aaf6f2e218 0xa58c 0x0 0x0 0x0 0x0 0x0 0x0 0x0 0x0 0x9 0x2 0x0 0xffffffffffffffff oops 5 3 kotlin/metadata/internal/protobuf/GeneratedMessageLite$ExtensionDescriptor 16 java/util/ArrayList 23 kotlin/metadata/internal/protobuf/SmallSortedMap$Entry 30 kotlin/metadata/internal/protobuf/SmallSortedMap$Entry 37 java/util/Collections$EmptyMap methods 0
ciMethodData kotlin/metadata/internal/protobuf/GeneratedMessageLite parseUnknownField (Lkotlin/metadata/internal/protobuf/FieldSet;Lkotlin/metadata/internal/protobuf/MessageLite;Lkotlin/metadata/internal/protobuf/CodedInputStream;Lkotlin/metadata/internal/protobuf/CodedOutputStream;Lkotlin/metadata/internal/protobuf/ExtensionRegistryLite;I)Z 2 50704 orig 80 0 0 0 0 0 0 0 0 0 0 0 0 0 0 0 0 0 0 0 0 0 0 0 0 0 0 0 0 0 0 0 0 0 0 0 0 0 0 0 0 0 0 0 0 0 0 0 0 0 0 0 0 0 0 0 0 0 0 0 0 0 0 0 0 0 0 0 0 0 0 0 0 0 0 0 0 0 0 0 0 data 426 0x20002 0xc611 0x90002 0xc611 0x130005 0x0 0x0 0x2aaf5c079b8 0xc611 0x0 0x0 0x200007 0xc611 0x38 0x0 0x260003 0x0 0x190 0x300005 0xc611 0x0 0x0 0x0 0x0 0x0 0x340002 0xc611 0x370007 0x3f 0x38 0xc5d2 0x3d0003 0xc5d2 0x110 0x480007 0x0 0xf8 0x3f 0x530005 0x0 0x0 0x2aaf5c08868 0x3f 0x0 0x0 0x560007 0x0 0xa0 0x3f 0x600005 0x3f 0x0 0x0 0x0 0x0 0x0 0x640002 0x3f 0x670007 0x0 0x38 0x3f 0x6d0003 0x3f 0x18 0x750007 0xc611 0x58 0x0 0x7c0005 0x0 0x0 0x0 0x0 0x0 0x0 0x820007 0xc5d2 0x3d0 0x3f 0x860005 0x3f 0x0 0x0 0x0 0x0 0x0 0x8e0005 0x3f 0x0 0x0 0x0 0x0 0x0 0x980005 0x3f 0x0 0x0 0x0 0x0 0x0 0x9e0007 0x3f 0x1c8 0x0 0xa20005 0x0 0x0 0x0 0x0 0x0 0x0 0xa50007 0x0 0x260 0x0 0xa90005 0x0 0x0 0x0 0x0 0x0 0x0 0xb30005 0x0 0x0 0x0 0x0 0x0 0x0 0xb80005 0x0 0x0 0x0 0x0 0x0 0x0 0xc10007 0x0 0x20 0x0 0xd00005 0x0 0x0 0x0 0x0 0x0 0x0 0xd30005 0x0 0x0 0x0 0x0 0x0 0x0 0xd60003 0x0 0xfffffffffffffe70 0xda0005 0x10b0 0x0 0x0 0x0 0x0 0x0 0xdd0007 0x3f 0xb8 0x1071 0xe60005 0x1071 0x0 0x0 0x0 0x0 0x0 0xea0002 0x1071 0xf70005 0x1071 0x0 0x0 0x0 0x0 0x0 0xfa0003 0x1071 0xffffffffffffff28 0x1000005 0x3f 0x0 0x0 0x0 0x0 0x0 0x1030003 0x3f 0x6b0 0x10e0005 0xc5d2 0x0 0x0 0x0 0x0 0x0 0x1110005 0xc5d2 0x0 0x0 0x0 0x0 0x0 0x1150008 0x6 0x466 0x490 0xc16c 0x40 0x0 0x358 0x1380005 0xc16c 0x0 0x0 0x0 0x0 0x0 0x13b0007 0xad7d 0xe8 0x13ef 0x1440005 0x13ef 0x0 0x0 0x0 0x0 0x0 0x1470104 0x0 0x0 0x0 0x0 0x0 0x0 0x14e0007 0x13ef 0x58 0x0 0x1530005 0x0 0x0 0x0 0x0 0x0 0x0 0x15c0007 0x0 0x90 0xc16c 0x1610005 0x0 0x0 0x2aaf5c08918 0xc16c 0x0 0x0 0x1640005 0x0 0x0 0x2aaf5c089c8 0xad7d 0x2aaf5c08a78 0x13ef 0x1700005 0xc16c 0x0 0x0 0x0 0x0 0x0 0x1760007 0xc16c 0xa8 0x0 0x17c0005 0x0 0x0 0x0 0x0 0x0 0x0 0x1830005 0x0 0x0 0x0 0x0 0x0 0x0 0x1860003 0x0 0x50 0x18e0005 0xc16c 0x0 0x0 0x0 0x0 0x0 0x1930005 0x0 0x0 0x2aaf5c08b28 0xad7d 0x2aaf5c08bd8 0x13ef 0x19a0003 0xc16c 0x198 0x19e0005 0x0 0x0 0x0 0x0 0x0 0x0 0x1a80005 0x0 0x0 0x0 0x0 0x0 0x0 0x1ad0005 0x0 0x0 0x0 0x0 0x0 0x0 0x1b60007 0x0 0xd8 0x0 0x1bc0005 0x0 0x0 0x0 0x0 0x0 0x0 0x1c20005 0x0 0x0 0x0 0x0 0x0 0x0 0x1cd0005 0x466 0x0 0x0 0x0 0x0 0x0 0x1d10002 0x466 0x1db0005 0xc5d2 0x0 0x0 0x0 0x0 0x0 0x1de0007 0x1855 0xa8 0xad7d 0x1eb0005 0x0 0x0 0x2aaf5c08918 0xad7d 0x0 0x0 0x1ee0005 0xad7d 0x0 0x0 0x0 0x0 0x0 0x1f10003 0xad7d 0x88 0x1fe0005 0x0 0x0 0x2aaf5c08918 0x1855 0x0 0x0 0x2010005 0x1855 0x0 0x0 0x0 0x0 0x0 0x0 0x0 0x0 0x0 0x0 0x0 0x0 0x0 0x0 0x9 0x6 0x0 0x0 0x0 0x0 0x0 0x0 oops 9 7 kotlin/metadata/internal/protobuf/ExtensionRegistryLite 41 kotlin/metadata/internal/protobuf/WireFormat$FieldType 263 kotlin/metadata/internal/protobuf/GeneratedMessageLite$GeneratedExtension 270 kotlin/metadata/internal/metadata/ProtoBuf$Annotation 272 kotlin/metadata/internal/metadata/ProtoBuf$Annotation$Argument$Value 312 kotlin/metadata/internal/metadata/ProtoBuf$Annotation$Builder 314 kotlin/metadata/internal/metadata/ProtoBuf$Annotation$Argument$Value$Builder 381 kotlin/metadata/internal/protobuf/GeneratedMessageLite$GeneratedExtension 398 kotlin/metadata/internal/protobuf/GeneratedMessageLite$GeneratedExtension methods 0
ciMethodData kotlin/metadata/internal/protobuf/WireFormat getTagWireType (I)I 2 50704 orig 80 0 0 0 0 0 0 0 0 0 0 0 0 0 0 0 0 0 0 0 0 0 0 0 0 0 0 0 0 0 0 0 0 0 0 0 0 0 0 0 0 0 0 0 0 0 0 0 0 0 0 0 0 0 0 0 0 0 0 0 0 0 0 0 0 0 0 0 0 0 0 0 0 0 0 0 0 0 0 0 0 data 4 0x0 0x9 0x1 0x0 oops 0 methods 0
ciMethodData kotlin/metadata/internal/protobuf/ExtensionRegistryLite findLiteExtensionByNumber (Lkotlin/metadata/internal/protobuf/MessageLite;I)Lkotlin/metadata/internal/protobuf/GeneratedMessageLite$GeneratedExtension; 2 50704 orig 80 0 0 0 0 0 0 0 0 0 0 0 0 0 0 0 0 0 0 0 0 0 0 0 0 0 0 0 0 0 0 0 0 0 0 0 0 0 0 0 0 0 0 0 0 0 0 0 0 0 0 0 0 0 0 0 0 0 0 0 0 0 0 0 0 0 0 0 0 0 0 0 0 0 0 0 0 0 0 0 0 data 27 0xa0002 0xc611 0xd0005 0x0 0x0 0x2aaf61f5930 0xc611 0x0 0x0 0x120004 0x0 0x0 0x2aaf5c08918 0xc611 0x0 0x0 0x0 0x0 0x0 0x0 0x0 0x0 0x9 0x3 0x0 0x0 0x0 oops 2 5 java/util/Collections$UnmodifiableMap 12 kotlin/metadata/internal/protobuf/GeneratedMessageLite$GeneratedExtension methods 0
ciMethodData kotlin/metadata/internal/protobuf/ExtensionRegistryLite$ObjectIntPair equals (Ljava/lang/Object;)Z 2 50704 orig 80 0 0 0 0 0 0 0 0 0 0 0 0 0 0 0 0 0 0 0 0 0 0 0 0 0 0 0 0 0 0 0 0 0 0 0 0 0 0 0 0 0 0 0 0 0 0 0 0 0 0 0 0 0 0 0 0 0 0 0 0 0 0 0 0 0 0 0 0 0 0 0 0 0 0 0 0 0 0 0 0 data 39 0x10004 0x0 0x0 0x2aaf61f53c8 0xc611 0x0 0x0 0x40007 0xc611 0x20 0x0 0xa0004 0x0 0x0 0x2aaf61f53c8 0xc611 0x0 0x0 0x160007 0x0 0x58 0xc611 0x210007 0x0 0x38 0xc611 0x250003 0xc611 0x18 0x0 0x0 0x0 0x0 0x0 0x0 0x9 0x2 0x0 0x0 oops 2 3 kotlin/metadata/internal/protobuf/ExtensionRegistryLite$ObjectIntPair 14 kotlin/metadata/internal/protobuf/ExtensionRegistryLite$ObjectIntPair methods 0
ciMethodData kotlin/metadata/internal/protobuf/FieldSet getWireFormatForFieldType (Lkotlin/metadata/internal/protobuf/WireFormat$FieldType;Z)I 2 50767 orig 80 0 0 0 0 0 0 0 0 0 0 0 0 0 0 0 0 0 0 0 0 0 0 0 0 0 0 0 0 0 0 0 0 0 0 0 0 0 0 0 0 0 0 0 0 0 0 0 0 0 0 0 0 0 0 0 0 0 0 0 0 0 0 0 0 0 0 0 0 0 0 0 0 0 0 0 0 0 0 0 0 data 21 0x10007 0xc611 0x20 0x3f 0x70005 0x111 0x0 0x2aaf4f341f8 0xc16c 0x2aaf5c08868 0x394 0x0 0x0 0x0 0x0 0x0 0x0 0x9 0x2 0x0 0x0 oops 2 7 kotlin/metadata/internal/protobuf/WireFormat$FieldType$3 9 kotlin/metadata/internal/protobuf/WireFormat$FieldType methods 0
ciMethodData kotlin/metadata/internal/protobuf/GeneratedMessageLite$GeneratedExtension singularToFieldSetType (Ljava/lang/Object;)Ljava/lang/Object; 2 55233 orig 80 0 0 0 0 0 0 0 0 0 0 0 0 0 0 0 0 0 0 0 0 0 0 0 0 0 0 0 0 0 0 0 0 0 0 0 0 0 0 0 0 0 0 0 0 0 0 0 0 0 0 0 0 0 0 0 0 0 0 0 0 0 0 0 0 0 0 0 0 0 0 0 0 0 0 0 0 0 0 0 0 data 37 0x40005 0xd7c2 0x0 0x0 0x0 0x0 0x0 0xa0007 0xd7c2 0xa0 0x0 0xe0004 0x0 0x0 0x0 0x0 0x0 0x0 0x110005 0x0 0x0 0x0 0x0 0x0 0x0 0x160002 0x0 0x0 0x0 0x0 0x0 0x0 0x0 0x9 0x2 0x0 0xffffffffffffffff oops 0 methods 0
ciMethodData kotlin/metadata/internal/protobuf/FieldSet verifyType (Lkotlin/metadata/internal/protobuf/WireFormat$FieldType;Ljava/lang/Object;)V 2 59947 orig 80 0 0 0 0 0 0 0 0 0 0 0 0 0 0 0 0 0 0 0 0 0 0 0 0 0 0 0 0 0 0 0 0 0 0 0 0 0 0 0 0 0 0 0 0 0 0 0 0 0 0 0 0 0 0 0 0 0 0 0 0 0 0 0 0 0 0 0 0 0 0 0 0 0 0 0 0 0 0 0 0 data 199 0x10007 0xea2c 0x30 0x0 0x80002 0x0 0x120005 0x119 0x0 0x2aaf4f341f8 0xd349 0x2aaf5c08868 0x15ca 0x150005 0xea2c 0x0 0x0 0x0 0x0 0x0 0x190008 0x14 0x0 0x518 0x14b1 0xb0 0x0 0x100 0x0 0x150 0x0 0x1a0 0x119 0x1f0 0x119 0x240 0x0 0x290 0x0 0x370 0xd349 0x450 0x4d0004 0x0 0x0 0x2aaef7e5248 0x14b1 0x0 0x0 0x510003 0x14b1 0x430 0x550004 0x0 0x0 0x0 0x0 0x0 0x0 0x590003 0x0 0x3e0 0x5d0004 0x0 0x0 0x0 0x0 0x0 0x0 0x610003 0x0 0x390 0x650004 0x0 0x0 0x0 0x0 0x0 0x0 0x690003 0x0 0x340 0x6d0004 0x0 0x0 0x2aaef7e4e38 0x119 0x0 0x0 0x710003 0x119 0x2f0 0x750004 0x0 0x0 0x2aaef7e0e18 0x119 0x0 0x0 0x790003 0x119 0x2a0 0x7d0004 0x0 0x0 0x0 0x0 0x0 0x0 0x800007 0x0 0x78 0x0 0x840004 0x0 0x0 0x0 0x0 0x0 0x0 0x870007 0x0 0x38 0x0 0x8b0003 0x0 0x18 0x900003 0x0 0x1c0 0x940004 0x0 0x0 0x0 0x0 0x0 0x0 0x970007 0x0 0x78 0x0 0x9b0004 0x0 0x0 0x0 0x0 0x0 0x0 0x9e0007 0x0 0x38 0x0 0xa20003 0x0 0x18 0xa70003 0x0 0xe0 0xab0004 0x0 0x0 0x2aaf5c089c8 0xbf38 0x2aaf5c08a78 0x1411 0xae0007 0xd349 0x78 0x0 0xb20004 0x0 0x0 0x0 0x0 0x0 0x0 0xb50007 0x0 0x38 0x0 0xb90003 0xd349 0x18 0xbf0007 0xea2c 0x30 0x0 0xc80002 0x0 0x0 0x0 0x0 0x0 0x0 0x0 0x9 0x2 0x0 0x0 oops 7 9 kotlin/metadata/internal/protobuf/WireFormat$FieldType$3 11 kotlin/metadata/internal/protobuf/WireFormat$FieldType 45 java/lang/Integer 85 java/lang/Boolean 95 java/lang/String 161 kotlin/metadata/internal/metadata/ProtoBuf$Annotation 163 kotlin/metadata/internal/metadata/ProtoBuf$Annotation$Argument$Value methods 0
ciMethodData kotlin/metadata/internal/protobuf/GeneratedMessageLite <init> (Lkotlin/metadata/internal/protobuf/GeneratedMessageLite$Builder;)V 2 52635 orig 80 0 0 0 0 0 0 0 0 0 0 0 0 0 0 0 0 0 0 0 0 0 0 0 0 0 0 0 0 0 0 0 0 0 0 0 0 0 0 0 0 0 0 0 0 0 0 0 0 0 0 0 0 0 0 0 0 0 0 0 0 0 0 0 0 0 0 0 0 0 0 0 0 0 0 0 0 0 0 0 0 data 8 0x10002 0xcd9c 0x0 0x0 0x9 0x2 0x6 0x0 oops 0 methods 0
ciMethodData kotlin/metadata/internal/protobuf/FieldSet getField (Lkotlin/metadata/internal/protobuf/FieldSet$FieldDescriptorLite;)Ljava/lang/Object; 2 276108 orig 80 0 0 0 0 0 0 0 0 0 0 0 0 0 0 0 0 0 0 0 0 0 0 0 0 0 0 0 0 0 0 0 0 0 0 0 0 0 0 0 0 0 0 0 0 0 0 0 0 0 0 0 0 0 0 0 0 0 0 0 0 0 0 0 0 0 0 0 0 0 0 0 0 0 0 0 0 0 0 0 0 data 42 0x50005 0x0 0x0 0x2aaf5405300 0x4368d 0x0 0x0 0xa0104 0xffffffffffff53b3 0x0 0x2aaef7e4878 0x99 0x0 0x0 0xd0007 0x4368d 0x90 0x0 0x110004 0x0 0x0 0x0 0x0 0x0 0x0 0x140005 0x0 0x0 0x0 0x0 0x0 0x0 0x0 0x0 0x0 0x0 0x0 0x0 0x9 0x2 0x0 0xffffffffffffffff oops 2 3 kotlin/metadata/internal/protobuf/SmallSortedMap$1 10 java/util/ArrayList methods 0
ciMethodData kotlin/metadata/internal/metadata/ProtoBuf$Annotation newBuilderForType ()Lkotlin/metadata/internal/protobuf/MessageLite$Builder; 2 44410 orig 80 0 0 0 0 0 0 0 0 0 0 0 0 0 0 0 0 0 0 0 0 0 0 0 0 0 0 0 0 0 0 0 0 0 0 0 0 0 0 0 0 0 0 0 0 0 0 0 0 0 0 0 0 0 0 0 0 0 0 0 0 0 0 0 0 0 0 0 0 0 0 0 0 0 0 0 0 0 0 0 0 data 16 0x10005 0xad7b 0x0 0x0 0x0 0x0 0x0 0x0 0x0 0x0 0x0 0x0 0x0 0x9 0x1 0x0 oops 0 methods 0
ciMethodData kotlin/metadata/internal/metadata/ProtoBuf$Annotation newBuilderForType ()Lkotlin/metadata/internal/metadata/ProtoBuf$Annotation$Builder; 2 44410 orig 80 0 0 0 0 0 0 0 0 0 0 0 0 0 0 0 0 0 0 0 0 0 0 0 0 0 0 0 0 0 0 0 0 0 0 0 0 0 0 0 0 0 0 0 0 0 0 0 0 0 0 0 0 0 0 0 0 0 0 0 0 0 0 0 0 0 0 0 0 0 0 0 0 0 0 0 0 0 0 0 0 data 11 0x2 0xad7b 0x0 0x0 0x0 0x0 0x0 0x0 0x9 0x1 0x0 oops 0 methods 0
ciMethodData kotlin/metadata/internal/protobuf/CodedInputStream readMessage (Lkotlin/metadata/internal/protobuf/MessageLite$Builder;Lkotlin/metadata/internal/protobuf/ExtensionRegistryLite;)V 2 49513 orig 80 0 0 0 0 0 0 0 0 0 0 0 0 0 0 0 0 0 0 0 0 0 0 0 0 0 0 0 0 0 0 0 0 0 0 0 0 0 0 0 0 0 0 0 0 0 0 0 0 0 0 0 0 0 0 0 0 0 0 0 0 0 0 0 0 0 0 0 0 0 0 0 0 0 0 0 0 0 0 0 0 data 53 0x10005 0xc16a 0x0 0x0 0x0 0x0 0x0 0x60005 0xc16a 0x0 0x0 0x0 0x0 0x0 0xb0005 0xc16a 0x0 0x0 0x0 0x0 0x0 0x1d0005 0x0 0x0 0x2aaf5c08b28 0xad7b 0x2aaf5c08bd8 0x13ef 0x250005 0xc16a 0x0 0x0 0x0 0x0 0x0 0x350005 0xc16a 0x0 0x0 0x0 0x0 0x0 0x0 0x0 0x0 0x0 0x0 0x0 0x9 0x3 0x0 0x0 0x0 oops 2 24 kotlin/metadata/internal/metadata/ProtoBuf$Annotation$Builder 26 kotlin/metadata/internal/metadata/ProtoBuf$Annotation$Argument$Value$Builder methods 0
ciMethodData kotlin/metadata/internal/metadata/ProtoBuf$Annotation$Builder mergeFrom (Lkotlin/metadata/internal/protobuf/CodedInputStream;Lkotlin/metadata/internal/protobuf/ExtensionRegistryLite;)Lkotlin/metadata/internal/protobuf/MessageLite$Builder; 2 44410 orig 80 0 0 0 0 0 0 0 0 0 0 0 0 0 0 0 0 0 0 0 0 0 0 0 0 0 0 0 0 0 0 0 0 0 0 0 0 0 0 0 0 0 0 0 0 0 0 0 0 0 0 0 0 0 0 0 0 0 0 0 0 0 0 0 0 0 0 0 0 0 0 0 0 0 0 0 0 0 0 0 0 data 18 0x30005 0xad7b 0x0 0x0 0x0 0x0 0x0 0x0 0x0 0x0 0x0 0x0 0x0 0x9 0x3 0x0 0x0 0x0 oops 0 methods 0
ciMethodData kotlin/metadata/internal/metadata/ProtoBuf$Annotation$Builder mergeFrom (Lkotlin/metadata/internal/protobuf/CodedInputStream;Lkotlin/metadata/internal/protobuf/ExtensionRegistryLite;)Lkotlin/metadata/internal/metadata/ProtoBuf$Annotation$Builder; 2 44410 orig 80 0 0 0 0 0 0 0 0 0 0 0 0 0 0 0 0 0 0 0 0 0 0 0 0 0 0 0 0 0 0 0 0 0 0 0 0 0 0 0 0 0 0 0 0 0 0 0 0 0 0 0 0 0 0 0 0 0 0 0 0 0 0 0 0 0 0 0 0 0 0 0 0 0 0 0 0 0 0 0 0 data 64 0x70005 0x0 0x0 0x2aaf4eb64a0 0xad7b 0x0 0x0 0xc0004 0x0 0x0 0x2aaf5c089c8 0xad7b 0x0 0x0 0x110007 0x0 0x138 0xad7b 0x160005 0xad7b 0x0 0x0 0x0 0x0 0x0 0x1a0003 0xad7b 0xe0 0x210005 0x0 0x0 0x0 0x0 0x0 0x0 0x240004 0x0 0x0 0x0 0x0 0x0 0x0 0x2e0007 0x0 0x58 0x0 0x330005 0x0 0x0 0x0 0x0 0x0 0x0 0x0 0x0 0x0 0x0 0x0 0x0 0x9 0x3 0x0 0x0 0x0 oops 2 3 kotlin/metadata/internal/metadata/ProtoBuf$Annotation$1 10 kotlin/metadata/internal/metadata/ProtoBuf$Annotation methods 0
ciMethodData kotlin/metadata/internal/metadata/ProtoBuf$Annotation$Builder setId (I)Lkotlin/metadata/internal/metadata/ProtoBuf$Annotation$Builder; 2 46052 orig 80 0 0 0 0 0 0 0 0 0 0 0 0 0 0 0 0 0 0 0 0 0 0 0 0 0 0 0 0 0 0 0 0 0 0 0 0 0 0 0 0 0 0 0 0 0 0 0 0 0 0 0 0 0 0 0 0 0 0 0 0 0 0 0 0 0 0 0 0 0 0 0 0 0 0 0 0 0 0 0 0 data 8 0x0 0x0 0x0 0x0 0x9 0x2 0x0 0x0 oops 0 methods 0
ciMethodData kotlin/metadata/internal/protobuf/ByteString concat (Lkotlin/metadata/internal/protobuf/ByteString;)Lkotlin/metadata/internal/protobuf/ByteString; 2 49513 orig 80 0 0 0 0 0 0 0 0 0 0 0 0 0 0 0 0 0 0 0 0 0 0 0 0 0 0 0 0 0 0 0 0 0 0 0 0 0 0 0 0 0 0 0 0 0 0 0 0 0 0 0 0 0 0 0 0 0 0 0 0 0 0 0 0 0 0 0 0 0 0 0 0 0 0 0 0 0 0 0 0 data 69 0x10005 0x0 0x0 0x2aaf5037d98 0xc16a 0x0 0x0 0x60005 0x0 0x0 0x2aaf5037d98 0xc16a 0x0 0x0 0x130007 0xc16a 0x158 0x0 0x260002 0x0 0x2b0005 0x0 0x0 0x0 0x0 0x0 0x0 0x300005 0x0 0x0 0x0 0x0 0x0 0x0 0x350005 0x0 0x0 0x0 0x0 0x0 0x0 0x3a0005 0x0 0x0 0x0 0x0 0x0 0x0 0x3d0005 0x0 0x0 0x0 0x0 0x0 0x0 0x400002 0x0 0x460002 0xc16a 0x0 0x0 0x0 0x0 0x0 0x0 0x9 0x2 0x0 0x0 oops 2 3 kotlin/metadata/internal/protobuf/LiteralByteString 10 kotlin/metadata/internal/protobuf/LiteralByteString methods 0
ciMethodData kotlin/metadata/internal/protobuf/RopeByteString concatenate (Lkotlin/metadata/internal/protobuf/ByteString;Lkotlin/metadata/internal/protobuf/ByteString;)Lkotlin/metadata/internal/protobuf/ByteString; 2 49513 orig 80 0 0 0 0 0 0 0 0 0 0 0 0 0 0 0 0 0 0 0 0 0 0 0 0 0 0 0 0 0 0 0 0 0 0 0 0 0 0 0 0 0 0 0 0 0 0 0 0 0 0 0 0 0 0 0 0 0 0 0 0 0 0 0 0 0 0 0 0 0 0 0 0 0 0 0 0 0 0 0 0 data 188 0x10004 0xffffffffffff3e96 0x0 0x2aaf5037d98 0x5b4 0x0 0x0 0x40007 0xc16a 0x70 0x0 0x80004 0x0 0x0 0x0 0x0 0x0 0x0 0xb0003 0x0 0x18 0x110005 0x0 0x0 0x2aaf5037d98 0xc16a 0x0 0x0 0x140007 0x0 0x38 0xc16a 0x190003 0xc16a 0x488 0x1d0005 0x0 0x0 0x0 0x0 0x0 0x0 0x200007 0x0 0x38 0x0 0x250003 0x0 0x418 0x290005 0x0 0x0 0x0 0x0 0x0 0x0 0x2d0005 0x0 0x0 0x0 0x0 0x0 0x0 0x380007 0x0 0x48 0x0 0x3d0002 0x0 0x410003 0x0 0x360 0x450007 0x0 0xe8 0x0 0x4c0005 0x0 0x0 0x0 0x0 0x0 0x0 0x500005 0x0 0x0 0x0 0x0 0x0 0x0 0x570007 0x0 0x58 0x0 0x5f0002 0x0 0x6e0002 0x0 0x720003 0x0 0x278 0x760007 0x0 0x178 0x0 0x7d0005 0x0 0x0 0x0 0x0 0x0 0x0 0x840005 0x0 0x0 0x0 0x0 0x0 0x0 0x870007 0x0 0xe8 0x0 0x8b0005 0x0 0x0 0x0 0x0 0x0 0x0 0x8f0005 0x0 0x0 0x0 0x0 0x0 0x0 0x920007 0x0 0x58 0x0 0x9e0002 0x0 0xad0002 0x0 0xb10003 0x0 0x100 0xb50005 0x0 0x0 0x0 0x0 0x0 0x0 0xb90005 0x0 0x0 0x0 0x0 0x0 0x0 0xbc0002 0x0 0xcb0007 0x0 0x48 0x0 0xd40002 0x0 0xd80003 0x0 0x38 0xe00002 0x0 0xe50002 0x0 0x0 0x0 0x0 0x0 0x0 0x0 0x0 0x9 0x2 0x0 0x0 oops 2 3 kotlin/metadata/internal/protobuf/LiteralByteString 24 kotlin/metadata/internal/protobuf/LiteralByteString methods 0
ciMethodData kotlin/metadata/internal/protobuf/GeneratedMessageLite$Builder setUnknownFields (Lkotlin/metadata/internal/protobuf/ByteString;)Lkotlin/metadata/internal/protobuf/GeneratedMessageLite$Builder; 2 47885 orig 80 0 0 0 0 0 0 0 0 0 0 0 0 0 0 0 0 0 0 0 0 0 0 0 0 0 0 0 0 0 0 0 0 0 0 0 0 0 0 0 0 0 0 0 0 0 0 0 0 0 0 0 0 0 0 0 0 0 0 0 0 0 0 0 0 0 0 0 0 0 0 0 0 0 0 0 0 0 0 0 0 data 8 0x0 0x0 0x0 0x0 0x9 0x2 0x0 0x0 oops 0 methods 0
ciMethodData kotlin/metadata/internal/metadata/ProtoBuf$Annotation$Builder build ()Lkotlin/metadata/internal/protobuf/MessageLite; 2 48949 orig 80 0 0 0 0 0 0 0 0 0 0 0 0 0 0 0 0 0 0 0 0 0 0 0 0 0 0 0 0 0 0 0 0 0 0 0 0 0 0 0 0 0 0 0 0 0 0 0 0 0 0 0 0 0 0 0 0 0 0 0 0 0 0 0 0 0 0 0 0 0 0 0 0 0 0 0 0 0 0 0 0 data 16 0x10005 0xbf36 0x0 0x0 0x0 0x0 0x0 0x0 0x0 0x0 0x0 0x0 0x0 0x9 0x1 0x0 oops 0 methods 0
ciMethodData kotlin/metadata/internal/metadata/ProtoBuf$Annotation$Builder build ()Lkotlin/metadata/internal/metadata/ProtoBuf$Annotation; 2 48949 orig 80 0 0 0 0 0 0 0 0 0 0 0 0 0 0 0 0 0 0 0 0 0 0 0 0 0 0 0 0 0 0 0 0 0 0 0 0 0 0 0 0 0 0 0 0 0 0 0 0 0 0 0 0 0 0 0 0 0 0 0 0 0 0 0 0 0 0 0 0 0 0 0 0 0 0 0 0 0 0 0 0 data 29 0x10005 0xbf36 0x0 0x0 0x0 0x0 0x0 0x60005 0xbf36 0x0 0x0 0x0 0x0 0x0 0x90007 0xbf36 0x30 0x0 0xd0002 0x0 0x0 0x0 0x0 0x0 0x0 0x0 0x9 0x1 0x0 oops 0 methods 0
ciMethodData kotlin/metadata/internal/metadata/ProtoBuf$Annotation <init> (Lkotlin/metadata/internal/protobuf/GeneratedMessageLite$Builder;Lkotlin/metadata/internal/metadata/ProtoBuf$1;)V 2 48949 orig 80 0 0 0 0 0 0 0 0 0 0 0 0 0 0 0 0 0 0 0 0 0 0 0 0 0 0 0 0 0 0 0 0 0 0 0 0 0 0 0 0 0 0 0 0 0 0 0 0 0 0 0 0 0 0 0 0 0 0 0 0 0 0 0 0 0 0 0 0 0 0 0 0 0 0 0 0 0 0 0 0 data 9 0x20002 0xbf36 0x0 0x0 0x9 0x3 0x0 0x0 0x0 oops 0 methods 0
ciMethodData kotlin/metadata/internal/metadata/ProtoBuf$Annotation <init> (Lkotlin/metadata/internal/protobuf/GeneratedMessageLite$Builder;)V 2 48949 orig 80 0 0 0 0 0 0 0 0 0 0 0 0 0 0 0 0 0 0 0 0 0 0 0 0 0 0 0 0 0 0 0 0 0 0 0 0 0 0 0 0 0 0 0 0 0 0 0 0 0 0 0 0 0 0 0 0 0 0 0 0 0 0 0 0 0 0 0 0 0 0 0 0 0 0 0 0 0 0 0 0 data 19 0x20002 0xbf36 0x110005 0xbf36 0x0 0x0 0x0 0x0 0x0 0x0 0x0 0x0 0x0 0x0 0x0 0x9 0x2 0x1e 0x0 oops 0 methods 0
ciMethodData kotlin/metadata/internal/metadata/ProtoBuf$Annotation access$4402 (Lkotlin/metadata/internal/metadata/ProtoBuf$Annotation;I)I 2 48949 orig 80 0 0 0 0 0 0 0 0 0 0 0 0 0 0 0 0 0 0 0 0 0 0 0 0 0 0 0 0 0 0 0 0 0 0 0 0 0 0 0 0 0 0 0 0 0 0 0 0 0 0 0 0 0 0 0 0 0 0 0 0 0 0 0 0 0 0 0 0 0 0 0 0 0 0 0 0 0 0 0 0 data 7 0x0 0x0 0x0 0x9 0x2 0x0 0x0 oops 0 methods 0
ciMethodData kotlin/metadata/internal/metadata/ProtoBuf$Annotation access$4502 (Lkotlin/metadata/internal/metadata/ProtoBuf$Annotation;Ljava/util/List;)Ljava/util/List; 2 48949 orig 80 0 0 0 0 0 0 0 0 0 0 0 0 0 0 0 0 0 0 0 0 0 0 0 0 0 0 0 0 0 0 0 0 0 0 0 0 0 0 0 0 0 0 0 0 0 0 0 0 0 0 0 0 0 0 0 0 0 0 0 0 0 0 0 0 0 0 0 0 0 0 0 0 0 0 0 0 0 0 0 0 data 7 0x0 0x0 0x0 0x9 0x2 0x0 0x0 oops 0 methods 0
ciMethodData kotlin/metadata/internal/metadata/ProtoBuf$Annotation access$4602 (Lkotlin/metadata/internal/metadata/ProtoBuf$Annotation;I)I 2 48949 orig 80 0 0 0 0 0 0 0 0 0 0 0 0 0 0 0 0 0 0 0 0 0 0 0 0 0 0 0 0 0 0 0 0 0 0 0 0 0 0 0 0 0 0 0 0 0 0 0 0 0 0 0 0 0 0 0 0 0 0 0 0 0 0 0 0 0 0 0 0 0 0 0 0 0 0 0 0 0 0 0 0 data 7 0x0 0x0 0x0 0x9 0x2 0x0 0x0 oops 0 methods 0
ciMethodData kotlin/metadata/internal/protobuf/FieldSet addRepeatedField (Lkotlin/metadata/internal/protobuf/FieldSet$FieldDescriptorLite;Ljava/lang/Object;)V 2 53663 orig 80 0 0 0 0 0 0 0 0 0 0 0 0 0 0 0 0 0 0 0 0 0 0 0 0 0 0 0 0 0 0 0 0 0 0 0 0 0 0 0 0 0 0 0 0 0 0 0 0 0 0 0 0 0 0 0 0 0 0 0 0 0 0 0 0 0 0 0 0 0 0 0 0 0 0 0 0 0 0 0 0 data 70 0x10005 0x0 0x0 0x2aaf5c0c2e8 0xd1a0 0x0 0x0 0x60007 0xd1a0 0x30 0x0 0x100002 0x0 0x150005 0x0 0x0 0x2aaf5c0c2e8 0xd1a0 0x0 0x0 0x1b0002 0xd1a0 0x200005 0xd1a0 0x0 0x0 0x0 0x0 0x0 0x250007 0x3434 0x80 0x9d6c 0x2c0002 0x9d6c 0x380005 0x0 0x0 0x2aaf5405300 0x9d6c 0x0 0x0 0x3c0003 0x9d6c 0x50 0x400004 0x0 0x0 0x2aaef7e4878 0x3434 0x0 0x0 0x480005 0x0 0x0 0x2aaef7e4878 0xd1a0 0x0 0x0 0x0 0x0 0x0 0x0 0x0 0x0 0x9 0x3 0x0 0xffffffffffffffff 0xffffffffffffffff oops 5 3 kotlin/metadata/internal/protobuf/GeneratedMessageLite$ExtensionDescriptor 16 kotlin/metadata/internal/protobuf/GeneratedMessageLite$ExtensionDescriptor 38 kotlin/metadata/internal/protobuf/SmallSortedMap$1 48 java/util/ArrayList 55 java/util/ArrayList methods 0
ciMethodData kotlin/metadata/internal/protobuf/SmallSortedMap put (Ljava/lang/Comparable;Ljava/lang/Object;)Ljava/lang/Object; 2 46808 orig 80 0 0 0 0 0 0 0 0 0 0 0 0 0 0 0 0 0 0 0 0 0 0 0 0 0 0 0 0 0 0 0 0 0 0 0 0 0 0 0 0 0 0 0 0 0 0 0 0 0 0 0 0 0 0 0 0 0 0 0 0 0 0 0 0 0 0 0 0 0 0 0 0 0 0 0 0 0 0 0 0 data 113 0x10002 0xb6d9 0x60002 0xb6d9 0xb0007 0xb6d9 0xc8 0x0 0x130005 0x0 0x0 0x0 0x0 0x0 0x0 0x180004 0x0 0x0 0x0 0x0 0x0 0x0 0x1c0005 0x0 0x0 0x0 0x0 0x0 0x0 0x210002 0xb6d9 0x300007 0xb6d9 0x68 0x0 0x340002 0x0 0x390005 0x0 0x0 0x0 0x0 0x0 0x0 0x430005 0x0 0x0 0x2aaef7e4878 0xb6d9 0x0 0x0 0x4c0007 0xb6d9 0x148 0x0 0x590005 0x0 0x0 0x0 0x0 0x0 0x0 0x5e0004 0x0 0x0 0x0 0x0 0x0 0x0 0x640002 0x0 0x690005 0x0 0x0 0x0 0x0 0x0 0x0 0x6e0005 0x0 0x0 0x0 0x0 0x0 0x0 0x710005 0x0 0x0 0x0 0x0 0x0 0x0 0x840002 0xb6d9 0x870005 0x0 0x0 0x2aaef7e4878 0xb6d9 0x0 0x0 0x0 0x0 0x0 0x0 0x0 0x0 0x0 0x9 0x3 0x0 0x0 0x0 oops 2 47 java/util/ArrayList 97 java/util/ArrayList methods 0
ciMethodData kotlin/metadata/internal/protobuf/SmallSortedMap ensureEntryArrayMutable ()V 2 46933 orig 80 0 0 0 0 0 0 0 0 0 0 0 0 0 0 0 0 0 0 0 0 0 0 0 0 0 0 0 0 0 0 0 0 0 0 0 0 0 0 0 0 0 0 0 0 0 0 0 0 0 0 0 0 0 0 0 0 0 0 0 0 0 0 0 0 0 0 0 0 0 0 0 0 0 0 0 0 0 0 0 0 data 35 0x10002 0xb755 0x80005 0x0 0x0 0x2aaef7e4878 0x1032 0x2aaf6f313a8 0xa723 0xd0007 0x1032 0x88 0xa723 0x140004 0xffffffffffff58dd 0x0 0x2aaf6f313a8 0x7f 0x0 0x0 0x170007 0x0 0x30 0xa723 0x230002 0xa723 0x0 0x0 0x0 0x0 0x0 0x0 0x9 0x1 0x0 oops 3 5 java/util/ArrayList 7 java/util/Collections$EmptyList 16 java/util/Collections$EmptyList methods 0
ciMethodData kotlin/metadata/internal/protobuf/SmallSortedMap$Entry <init> (Lkotlin/metadata/internal/protobuf/SmallSortedMap;Ljava/lang/Comparable;Ljava/lang/Object;)V 2 46946 orig 80 0 0 0 0 0 0 0 0 0 0 0 0 0 0 0 0 0 0 0 0 0 0 0 0 0 0 0 0 0 0 0 0 0 0 0 0 0 0 0 0 0 0 0 0 0 0 0 0 0 0 0 0 0 0 0 0 0 0 0 0 0 0 0 0 0 0 0 0 0 0 0 0 0 0 0 0 0 0 0 0 data 12 0x60002 0xb763 0x0 0x0 0x0 0x0 0x9 0x4 0xe 0x0 0x0 0x0 oops 0 methods 0
ciMethodData kotlin/metadata/internal/protobuf/GeneratedMessageLite$ExtensionDescriptor compareTo (Ljava/lang/Object;)I 2 49263 orig 80 0 0 0 0 0 0 0 0 0 0 0 0 0 0 0 0 0 0 0 0 0 0 0 0 0 0 0 0 0 0 0 0 0 0 0 0 0 0 0 0 0 0 0 0 0 0 0 0 0 0 0 0 0 0 0 0 0 0 0 0 0 0 0 0 0 0 0 0 0 0 0 0 0 0 0 0 0 0 0 0 data 24 0x20004 0x0 0x0 0x2aaf5c0c2e8 0xc070 0x0 0x0 0x50005 0xc070 0x0 0x0 0x0 0x0 0x0 0x0 0x0 0x0 0x0 0x0 0x0 0x9 0x2 0x0 0x0 oops 1 3 kotlin/metadata/internal/protobuf/GeneratedMessageLite$ExtensionDescriptor methods 0
ciMethodData kotlin/metadata/internal/protobuf/GeneratedMessageLite$ExtensionDescriptor compareTo (Lkotlin/metadata/internal/protobuf/GeneratedMessageLite$ExtensionDescriptor;)I 2 49263 orig 80 0 0 0 0 0 0 0 0 0 0 0 0 0 0 0 0 0 0 0 0 0 0 0 0 0 0 0 0 0 0 0 0 0 0 0 0 0 0 0 0 0 0 0 0 0 0 0 0 0 0 0 0 0 0 0 0 0 0 0 0 0 0 0 0 0 0 0 0 0 0 0 0 0 0 0 0 0 0 0 0 data 8 0x0 0x0 0x0 0x0 0x9 0x2 0x0 0x0 oops 0 methods 0
ciMethodData kotlin/metadata/internal/protobuf/CodedInputStream getBytesUntilLimit ()I 2 8385 orig 80 0 0 0 0 0 0 0 0 0 0 0 0 170 2 0 0 0 0 0 0 0 0 0 0 0 0 0 0 0 0 0 0 0 0 0 0 0 0 0 0 0 0 0 0 0 0 0 0 0 0 0 0 0 0 0 0 0 0 0 0 0 0 0 0 0 0 0 0 0 0 0 0 0 0 0 0 0 0 0 0 data 11 0x70007 0x20c1 0x20 0x0 0x0 0x0 0x0 0x0 0x9 0x1 0x0 oops 0 methods 0
ciMethodData kotlin/metadata/internal/protobuf/FieldSet readPrimitiveField (Lkotlin/metadata/internal/protobuf/CodedInputStream;Lkotlin/metadata/internal/protobuf/WireFormat$FieldType;Z)Ljava/lang/Object; 2 5747 orig 80 0 0 0 0 0 0 0 0 0 0 0 0 170 2 0 0 0 0 0 0 0 0 0 0 0 0 0 0 0 0 0 0 0 0 0 0 0 0 0 0 0 0 0 0 0 0 0 0 0 0 0 0 0 0 0 0 0 0 0 0 0 0 0 0 0 0 0 0 0 0 0 0 0 0 0 0 0 0 0 0 data 215 0x40005 0x1673 0x0 0x0 0x0 0x0 0x0 0x80008 0x26 0x0 0x5e0 0x0 0x140 0x0 0x188 0x0 0x1d0 0x0 0x218 0x1437 0x260 0x0 0x2a8 0x0 0x2f0 0x11e 0x338 0x11e 0x380 0x0 0x410 0x0 0x448 0x0 0x490 0x0 0x4d8 0x0 0x520 0x0 0x568 0x0 0x5b0 0x0 0x5c0 0x0 0x5d0 0x610005 0x0 0x0 0x0 0x0 0x0 0x0 0x640002 0x0 0x690005 0x0 0x0 0x0 0x0 0x0 0x0 0x6c0002 0x0 0x710005 0x0 0x0 0x0 0x0 0x0 0x0 0x740002 0x0 0x790005 0x0 0x0 0x0 0x0 0x0 0x0 0x7c0002 0x0 0x810005 0x1437 0x0 0x0 0x0 0x0 0x0 0x840002 0x1437 0x890005 0x0 0x0 0x0 0x0 0x0 0x0 0x8c0002 0x0 0x910005 0x0 0x0 0x0 0x0 0x0 0x0 0x940002 0x0 0x990005 0x11e 0x0 0x0 0x0 0x0 0x0 0x9c0002 0x11e 0xa10007 0x11e 0x58 0x0 0xa50005 0x0 0x0 0x0 0x0 0x0 0x0 0xaa0005 0x11e 0x0 0x0 0x0 0x0 0x0 0xaf0005 0x0 0x0 0x0 0x0 0x0 0x0 0xb40005 0x0 0x0 0x0 0x0 0x0 0x0 0xb70002 0x0 0xbc0005 0x0 0x0 0x0 0x0 0x0 0x0 0xbf0002 0x0 0xc40005 0x0 0x0 0x0 0x0 0x0 0x0 0xc70002 0x0 0xcc0005 0x0 0x0 0x0 0x0 0x0 0x0 0xcf0002 0x0 0xd40005 0x0 0x0 0x0 0x0 0x0 0x0 0xd70002 0x0 0xe20002 0x0 0xed0002 0x0 0xf80002 0x0 0x1030002 0x0 0x0 0x0 0x0 0x0 0x0 0x0 0x0 0x0 0x0 0x0 0x0 0x0 0x0 0x9 0x3 0x0 0x0 0x0 oops 0 methods 0
ciMethodData kotlin/metadata/internal/protobuf/FieldSet setField (Lkotlin/metadata/internal/protobuf/FieldSet$FieldDescriptorLite;Ljava/lang/Object;)V 2 4147 orig 80 0 0 0 0 0 0 0 0 0 0 0 0 170 2 0 0 0 0 0 0 0 0 0 0 0 0 0 0 0 0 0 0 0 0 0 0 0 0 0 0 0 0 0 0 0 0 0 0 0 0 0 0 0 0 0 0 0 0 0 0 0 0 0 0 0 0 0 0 0 0 0 0 0 0 0 0 0 0 0 0 data 118 0x10005 0x0 0x0 0x2aaf5c0c2e8 0x1033 0x0 0x0 0x60007 0x1033 0x248 0x0 0xa0004 0x0 0x0 0x0 0x0 0x0 0x0 0xd0007 0x0 0x30 0x0 0x160002 0x0 0x1e0002 0x0 0x240004 0x0 0x0 0x0 0x0 0x0 0x0 0x270005 0x0 0x0 0x0 0x0 0x0 0x0 0x2e0005 0x0 0x0 0x0 0x0 0x0 0x0 0x370005 0x0 0x0 0x0 0x0 0x0 0x0 0x3c0007 0x0 0xb8 0x0 0x410005 0x0 0x0 0x0 0x0 0x0 0x0 0x490005 0x0 0x0 0x0 0x0 0x0 0x0 0x500002 0x0 0x530003 0x0 0xffffffffffffff28 0x580003 0x0 0x60 0x5c0005 0x0 0x0 0x2aaf5c0c2e8 0x1033 0x0 0x0 0x620002 0x1033 0x660004 0xffffffffffffefcd 0x0 0x2aaef7e4e38 0x2e 0x2aaef7e0e18 0x2d 0x690007 0x1033 0x20 0x0 0x770005 0x0 0x0 0x2aaf5405300 0x1033 0x0 0x0 0x0 0x0 0x0 0x0 0x0 0x0 0x9 0x3 0x6 0xffffffffffffffff 0xffffffffffffffff oops 5 3 kotlin/metadata/internal/protobuf/GeneratedMessageLite$ExtensionDescriptor 83 kotlin/metadata/internal/protobuf/GeneratedMessageLite$ExtensionDescriptor 92 java/lang/Boolean 94 java/lang/String 103 kotlin/metadata/internal/protobuf/SmallSortedMap$1 methods 0
ciMethod kotlin/metadata/internal/metadata/ProtoBuf$Annotation$Argument$Value$Builder <init> ()V 4096 0 5103 0 0
ciMethod kotlin/metadata/internal/metadata/ProtoBuf$Annotation$Argument$Value$Builder maybeForceBuilderInitialization ()V 1024 0 3567 0 0
ciMethod kotlin/metadata/internal/metadata/ProtoBuf$Annotation$Argument$Value$Builder create ()Lkotlin/metadata/internal/metadata/ProtoBuf$Annotation$Argument$Value$Builder; 1024 0 3567 0 0
ciMethod kotlin/metadata/internal/metadata/ProtoBuf$Annotation$Argument$Value$Builder build ()Lkotlin/metadata/internal/metadata/ProtoBuf$Annotation$Argument$Value; 1024 0 3420 0 0
ciMethod kotlin/metadata/internal/metadata/ProtoBuf$Annotation$Argument$Value$Builder buildPartial ()Lkotlin/metadata/internal/metadata/ProtoBuf$Annotation$Argument$Value; 4458 0 5137 0 0
ciMethod kotlin/metadata/internal/metadata/ProtoBuf$Annotation$Argument$Value$Builder mergeFrom (Lkotlin/metadata/internal/metadata/ProtoBuf$Annotation$Argument$Value;)Lkotlin/metadata/internal/metadata/ProtoBuf$Annotation$Argument$Value$Builder; 4096 0 5103 0 0
ciMethod kotlin/metadata/internal/metadata/ProtoBuf$Annotation$Argument$Value$Builder mergeFrom (Lkotlin/metadata/internal/protobuf/CodedInputStream;Lkotlin/metadata/internal/protobuf/ExtensionRegistryLite;)Lkotlin/metadata/internal/metadata/ProtoBuf$Annotation$Argument$Value$Builder; 4096 0 5103 0 0
ciMethod kotlin/metadata/internal/metadata/ProtoBuf$Annotation$Argument$Value$Builder setType (Lkotlin/metadata/internal/metadata/ProtoBuf$Annotation$Argument$Value$Type;)Lkotlin/metadata/internal/metadata/ProtoBuf$Annotation$Argument$Value$Builder; 1024 0 3567 0 0
ciMethod kotlin/metadata/internal/metadata/ProtoBuf$Annotation$Argument$Value$Builder setIntValue (J)Lkotlin/metadata/internal/metadata/ProtoBuf$Annotation$Argument$Value$Builder; 1024 0 3415 0 0
ciMethod kotlin/metadata/internal/metadata/ProtoBuf$Annotation$Argument$Value$Builder setFloatValue (F)Lkotlin/metadata/internal/metadata/ProtoBuf$Annotation$Argument$Value$Builder; 0 0 1 0 -1
ciMethod kotlin/metadata/internal/metadata/ProtoBuf$Annotation$Argument$Value$Builder setDoubleValue (D)Lkotlin/metadata/internal/metadata/ProtoBuf$Annotation$Argument$Value$Builder; 0 0 151 0 0
ciMethod kotlin/metadata/internal/metadata/ProtoBuf$Annotation$Argument$Value$Builder setStringValue (I)Lkotlin/metadata/internal/metadata/ProtoBuf$Annotation$Argument$Value$Builder; 0 0 1 0 0
ciMethod kotlin/metadata/internal/metadata/ProtoBuf$Annotation$Argument$Value$Builder setClassId (I)Lkotlin/metadata/internal/metadata/ProtoBuf$Annotation$Argument$Value$Builder; 0 0 1 0 -1
ciMethod kotlin/metadata/internal/metadata/ProtoBuf$Annotation$Argument$Value$Builder setEnumValueId (I)Lkotlin/metadata/internal/metadata/ProtoBuf$Annotation$Argument$Value$Builder; 0 0 1 0 -1
ciMethod kotlin/metadata/internal/metadata/ProtoBuf$Annotation$Argument$Value$Builder mergeAnnotation (Lkotlin/metadata/internal/metadata/ProtoBuf$Annotation;)Lkotlin/metadata/internal/metadata/ProtoBuf$Annotation$Argument$Value$Builder; 0 0 1 0 -1
ciMethod kotlin/metadata/internal/metadata/ProtoBuf$Annotation$Argument$Value$Builder ensureArrayElementIsMutable ()V 0 0 1 0 -1
ciMethod kotlin/metadata/internal/metadata/ProtoBuf$Annotation$Argument$Value$Builder setArrayDimensionCount (I)Lkotlin/metadata/internal/metadata/ProtoBuf$Annotation$Argument$Value$Builder; 0 0 1 0 -1
ciMethod kotlin/metadata/internal/metadata/ProtoBuf$Annotation$Argument$Value$Builder setFlags (I)Lkotlin/metadata/internal/metadata/ProtoBuf$Annotation$Argument$Value$Builder; 1002 0 1581 0 0
ciMethod kotlin/metadata/internal/metadata/ProtoBuf$Annotation$Argument$Value$Builder mergeFrom (Lkotlin/metadata/internal/protobuf/CodedInputStream;Lkotlin/metadata/internal/protobuf/ExtensionRegistryLite;)Lkotlin/metadata/internal/protobuf/MessageLite$Builder; 4096 0 5103 0 0
ciMethod kotlin/metadata/internal/metadata/ProtoBuf$Annotation$Argument$Value$Builder build ()Lkotlin/metadata/internal/protobuf/MessageLite; 4458 0 5137 0 0
ciMethod kotlin/metadata/internal/metadata/ProtoBuf$Annotation$Argument$Value$Builder access$2100 ()Lkotlin/metadata/internal/metadata/ProtoBuf$Annotation$Argument$Value$Builder; 1024 0 3567 0 0
ciMethodData kotlin/metadata/internal/metadata/ProtoBuf$Annotation$Argument$Value newBuilderForType ()Lkotlin/metadata/internal/protobuf/MessageLite$Builder; 2 3055 orig 80 0 0 0 0 0 0 0 0 0 0 0 0 0 0 0 0 0 0 0 0 0 0 0 0 0 0 0 0 0 0 0 0 0 0 0 0 0 0 0 0 0 0 0 0 0 0 0 0 0 0 0 0 0 0 0 0 0 0 0 0 0 0 0 0 0 0 0 0 0 0 0 0 0 0 0 0 0 0 0 0 data 16 0x10005 0xbf0 0x0 0x0 0x0 0x0 0x0 0x0 0x0 0x0 0x0 0x0 0x0 0x9 0x1 0x0 oops 0 methods 0
ciMethodData kotlin/metadata/internal/metadata/ProtoBuf$Annotation$Argument$Value newBuilderForType ()Lkotlin/metadata/internal/metadata/ProtoBuf$Annotation$Argument$Value$Builder; 2 3055 orig 80 0 0 0 0 0 0 0 0 0 0 0 0 0 0 0 0 0 0 0 0 0 0 0 0 0 0 0 0 0 0 0 0 0 0 0 0 0 0 0 0 0 0 0 0 0 0 0 0 0 0 0 0 0 0 0 0 0 0 0 0 0 0 0 0 0 0 0 0 0 0 0 0 0 0 0 0 0 0 0 0 data 11 0x2 0xbf0 0x0 0x0 0x0 0x0 0x0 0x0 0x9 0x1 0x0 oops 0 methods 0
ciMethodData kotlin/metadata/internal/metadata/ProtoBuf$Annotation$Argument$Value$Builder access$2100 ()Lkotlin/metadata/internal/metadata/ProtoBuf$Annotation$Argument$Value$Builder; 2 3055 orig 80 0 0 0 0 0 0 0 0 0 0 0 0 0 0 0 0 0 0 0 0 0 0 0 0 0 0 0 0 0 0 0 0 0 0 0 0 0 0 0 0 0 0 0 0 0 0 0 0 0 0 0 0 0 0 0 0 0 0 0 0 0 0 0 0 0 0 0 0 0 0 0 0 0 0 0 0 0 0 0 0 data 10 0x2 0xbf0 0x0 0x0 0x0 0x0 0x0 0x0 0x9 0x0 oops 0 methods 0
ciMethodData kotlin/metadata/internal/metadata/ProtoBuf$Annotation$Argument$Value$Builder create ()Lkotlin/metadata/internal/metadata/ProtoBuf$Annotation$Argument$Value$Builder; 2 3055 orig 80 0 0 0 0 0 0 0 0 0 0 0 0 0 0 0 0 0 0 0 0 0 0 0 0 0 0 0 0 0 0 0 0 0 0 0 0 0 0 0 0 0 0 0 0 0 0 0 0 0 0 0 0 0 0 0 0 0 0 0 0 0 0 0 0 0 0 0 0 0 0 0 0 0 0 0 0 0 0 0 0 data 6 0x40002 0xbf0 0x0 0x0 0x9 0x0 oops 0 methods 0
ciMethodData kotlin/metadata/internal/metadata/ProtoBuf$Annotation$Argument$Value$Builder <init> ()V 2 3055 orig 80 0 0 0 0 0 0 0 0 0 0 0 0 0 0 0 0 0 0 0 0 0 0 0 0 0 0 0 0 0 0 0 0 0 0 0 0 0 0 0 0 0 0 0 0 0 0 0 0 0 0 0 0 0 0 0 0 0 0 0 0 0 0 0 0 0 0 0 0 0 0 0 0 0 0 0 0 0 0 0 0 data 17 0x10002 0xbf0 0xc0002 0xbf0 0x130002 0xbf0 0x1a0002 0xbf0 0x0 0x0 0x0 0x0 0x0 0x0 0x9 0x1 0x0 oops 0 methods 0
ciMethodData kotlin/metadata/internal/metadata/ProtoBuf$Annotation$Argument$Value$Builder maybeForceBuilderInitialization ()V 2 3055 orig 80 0 0 0 0 0 0 0 0 0 0 0 0 0 0 0 0 0 0 0 0 0 0 0 0 0 0 0 0 0 0 0 0 0 0 0 0 0 0 0 0 0 0 0 0 0 0 0 0 0 0 0 0 0 0 0 0 0 0 0 0 0 0 0 0 0 0 0 0 0 0 0 0 0 0 0 0 0 0 0 0 data 4 0x0 0x9 0x1 0x0 oops 0 methods 0
ciMethodData kotlin/metadata/internal/metadata/ProtoBuf$Annotation$Argument$Value$Builder mergeFrom (Lkotlin/metadata/internal/protobuf/CodedInputStream;Lkotlin/metadata/internal/protobuf/ExtensionRegistryLite;)Lkotlin/metadata/internal/protobuf/MessageLite$Builder; 2 3055 orig 80 0 0 0 0 0 0 0 0 0 0 0 0 0 0 0 0 0 0 0 0 0 0 0 0 0 0 0 0 0 0 0 0 0 0 0 0 0 0 0 0 0 0 0 0 0 0 0 0 0 0 0 0 0 0 0 0 0 0 0 0 0 0 0 0 0 0 0 0 0 0 0 0 0 0 0 0 0 0 0 0 data 18 0x30005 0xbf0 0x0 0x0 0x0 0x0 0x0 0x0 0x0 0x0 0x0 0x0 0x0 0x9 0x3 0x0 0x0 0x0 oops 0 methods 0
ciMethodData kotlin/metadata/internal/metadata/ProtoBuf$Annotation$Argument$Value$Builder mergeFrom (Lkotlin/metadata/internal/protobuf/CodedInputStream;Lkotlin/metadata/internal/protobuf/ExtensionRegistryLite;)Lkotlin/metadata/internal/metadata/ProtoBuf$Annotation$Argument$Value$Builder; 2 3055 orig 80 0 0 0 0 0 0 0 0 0 0 0 0 0 0 0 0 0 0 0 0 0 0 0 0 0 0 0 0 0 0 0 0 0 0 0 0 0 0 0 0 0 0 0 0 0 0 0 0 0 0 0 0 0 0 0 0 0 0 0 0 0 0 0 0 0 0 0 0 0 0 0 0 0 0 0 0 0 0 0 0 data 64 0x70005 0x0 0x0 0x2aaf4f46100 0xbf0 0x0 0x0 0xc0004 0x0 0x0 0x2aaf5c08a78 0xbf0 0x0 0x0 0x110007 0x0 0x138 0xbf0 0x160005 0xbf0 0x0 0x0 0x0 0x0 0x0 0x1a0003 0xbf0 0xe0 0x210005 0x0 0x0 0x0 0x0 0x0 0x0 0x240004 0x0 0x0 0x0 0x0 0x0 0x0 0x2e0007 0x0 0x58 0x0 0x330005 0x0 0x0 0x0 0x0 0x0 0x0 0x0 0x0 0x0 0x0 0x0 0x0 0x9 0x3 0x0 0x0 0x0 oops 2 3 kotlin/metadata/internal/metadata/ProtoBuf$Annotation$Argument$Value$1 10 kotlin/metadata/internal/metadata/ProtoBuf$Annotation$Argument$Value methods 0
ciMethodData kotlin/metadata/internal/metadata/ProtoBuf$Annotation$Argument$Value$Builder mergeFrom (Lkotlin/metadata/internal/metadata/ProtoBuf$Annotation$Argument$Value;)Lkotlin/metadata/internal/metadata/ProtoBuf$Annotation$Argument$Value$Builder; 2 3055 orig 80 0 0 0 0 0 0 0 0 0 0 0 0 0 0 0 0 0 0 0 0 0 0 0 0 0 0 0 0 0 0 0 0 0 0 0 0 0 0 0 0 0 0 0 0 0 0 0 0 0 0 0 0 0 0 0 0 0 0 0 0 0 0 0 0 0 0 0 0 0 0 0 0 0 0 0 0 0 0 0 0 data 331 0x10002 0xbf0 0x40007 0xbf0 0x20 0x0 0xa0005 0xbf0 0x0 0x0 0x0 0x0 0x0 0xd0007 0x0 0x90 0xbf0 0x120005 0xbf0 0x0 0x0 0x0 0x0 0x0 0x150005 0xbf0 0x0 0x0 0x0 0x0 0x0 0x1a0005 0xbf0 0x0 0x0 0x0 0x0 0x0 0x1d0007 0x98 0x90 0xb58 0x220005 0xb58 0x0 0x0 0x0 0x0 0x0 0x250005 0xb58 0x0 0x0 0x0 0x0 0x0 0x2a0005 0xbf0 0x0 0x0 0x0 0x0 0x0 0x2d0007 0xbf0 0x90 0x0 0x320005 0x0 0x0 0x0 0x0 0x0 0x0 0x350005 0x0 0x0 0x0 0x0 0x0 0x0 0x3a0005 0xbf0 0x0 0x0 0x0 0x0 0x0 0x3d0007 0xb59 0x90 0x97 0x420005 0x97 0x0 0x0 0x0 0x0 0x0 0x450005 0x97 0x0 0x0 0x0 0x0 0x0 0x4a0005 0xbf0 0x0 0x0 0x0 0x0 0x0 0x4d0007 0xbef 0x90 0x1 0x520005 0x1 0x0 0x0 0x0 0x0 0x0 0x550005 0x1 0x0 0x0 0x0 0x0 0x0 0x5a0005 0xbf0 0x0 0x0 0x0 0x0 0x0 0x5d0007 0xbf0 0x90 0x0 0x620005 0x0 0x0 0x0 0x0 0x0 0x0 0x650005 0x0 0x0 0x0 0x0 0x0 0x0 0x6a0005 0xbf0 0x0 0x0 0x0 0x0 0x0 0x6d0007 0xbf0 0x90 0x0 0x720005 0x0 0x0 0x0 0x0 0x0 0x0 0x750005 0x0 0x0 0x0 0x0 0x0 0x0 0x7a0005 0xbf0 0x0 0x0 0x0 0x0 0x0 0x7d0007 0xbf0 0x90 0x0 0x820005 0x0 0x0 0x0 0x0 0x0 0x0 0x850005 0x0 0x0 0x0 0x0 0x0 0x0 0x8a0002 0xbf0 0x8d0005 0x0 0x0 0x2aaf6f313a8 0xbf0 0x0 0x0 0x920007 0xbf0 0xf8 0x0 0x990005 0x0 0x0 0x0 0x0 0x0 0x0 0x9e0007 0x0 0x48 0x0 0xa30002 0x0 0xb50003 0x0 0x70 0xb90002 0x0 0xc10002 0x0 0xc40005 0x0 0x0 0x0 0x0 0x0 0x0 0xcb0005 0xbf0 0x0 0x0 0x0 0x0 0x0 0xce0007 0xbf0 0x90 0x0 0xd30005 0x0 0x0 0x0 0x0 0x0 0x0 0xd60005 0x0 0x0 0x0 0x0 0x0 0x0 0xdb0005 0xbf0 0x0 0x0 0x0 0x0 0x0 0xde0007 0x76f 0x90 0x481 0xe30005 0x481 0x0 0x0 0x0 0x0 0x0 0xe60005 0x481 0x0 0x0 0x0 0x0 0x0 0xec0005 0xbf0 0x0 0x0 0x0 0x0 0x0 0xf00002 0xbf0 0xf30005 0x0 0x0 0x2aaf5037d98 0xbf0 0x0 0x0 0xf60005 0xbf0 0x0 0x0 0x0 0x0 0x0 0x0 0x0 0x0 0x0 0x0 0x0 0x0 0x0 0x9 0x2 0x0 0x0 oops 2 211 java/util/Collections$EmptyList 308 kotlin/metadata/internal/protobuf/LiteralByteString methods 0
ciMethodData kotlin/metadata/internal/metadata/ProtoBuf$Annotation$Argument$Value hasType ()Z 2 3055 orig 80 0 0 0 0 0 0 0 0 0 0 0 0 0 0 0 0 0 0 0 0 0 0 0 0 0 0 0 0 0 0 0 0 0 0 0 0 0 0 0 0 0 0 0 0 0 0 0 0 0 0 0 0 0 0 0 0 0 0 0 0 0 0 0 0 0 0 0 0 0 0 0 0 0 0 0 0 0 0 0 0 data 13 0x70007 0x0 0x38 0xbf0 0xb0003 0xbf0 0x18 0x0 0x0 0x0 0x9 0x1 0x0 oops 0 methods 0
ciMethodData kotlin/metadata/internal/metadata/ProtoBuf$Annotation$Argument$Value$Builder setType (Lkotlin/metadata/internal/metadata/ProtoBuf$Annotation$Argument$Value$Type;)Lkotlin/metadata/internal/metadata/ProtoBuf$Annotation$Argument$Value$Builder; 2 3055 orig 80 0 0 0 0 0 0 0 0 0 0 0 0 0 0 0 0 0 0 0 0 0 0 0 0 0 0 0 0 0 0 0 0 0 0 0 0 0 0 0 0 0 0 0 0 0 0 0 0 0 0 0 0 0 0 0 0 0 0 0 0 0 0 0 0 0 0 0 0 0 0 0 0 0 0 0 0 0 0 0 0 data 16 0x10007 0xbf0 0x30 0x0 0x80002 0x0 0x0 0x0 0x0 0x0 0x0 0x0 0x9 0x2 0x0 0x0 oops 0 methods 0
ciMethodData kotlin/metadata/internal/metadata/ProtoBuf$Annotation$Argument$Value hasIntValue ()Z 2 3055 orig 80 0 0 0 0 0 0 0 0 0 0 0 0 0 0 0 0 0 0 0 0 0 0 0 0 0 0 0 0 0 0 0 0 0 0 0 0 0 0 0 0 0 0 0 0 0 0 0 0 0 0 0 0 0 0 0 0 0 0 0 0 0 0 0 0 0 0 0 0 0 0 0 0 0 0 0 0 0 0 0 0 data 13 0x70007 0x98 0x38 0xb58 0xb0003 0xb58 0x18 0x0 0x0 0x0 0x9 0x1 0x0 oops 0 methods 0
ciMethodData kotlin/metadata/internal/metadata/ProtoBuf$Annotation$Argument$Value$Builder setIntValue (J)Lkotlin/metadata/internal/metadata/ProtoBuf$Annotation$Argument$Value$Builder; 2 2903 orig 80 0 0 0 0 0 0 0 0 0 0 0 0 0 0 0 0 0 0 0 0 0 0 0 0 0 0 0 0 0 0 0 0 0 0 0 0 0 0 0 0 0 0 0 0 0 0 0 0 0 0 0 0 0 0 0 0 0 0 0 0 0 0 0 0 0 0 0 0 0 0 0 0 0 0 0 0 0 0 0 0 data 9 0x0 0x0 0x0 0x0 0x9 0x3 0x0 0x0 0x0 oops 0 methods 0
ciMethodData kotlin/metadata/internal/metadata/ProtoBuf$Annotation$Argument$Value hasFloatValue ()Z 2 3055 orig 80 0 0 0 0 0 0 0 0 0 0 0 0 0 0 0 0 0 0 0 0 0 0 0 0 0 0 0 0 0 0 0 0 0 0 0 0 0 0 0 0 0 0 0 0 0 0 0 0 0 0 0 0 0 0 0 0 0 0 0 0 0 0 0 0 0 0 0 0 0 0 0 0 0 0 0 0 0 0 0 0 data 13 0x70007 0xbf0 0x38 0x0 0xb0003 0x0 0x18 0x0 0x0 0x0 0x9 0x1 0x0 oops 0 methods 0
ciMethodData kotlin/metadata/internal/metadata/ProtoBuf$Annotation$Argument$Value hasDoubleValue ()Z 2 3055 orig 80 0 0 0 0 0 0 0 0 0 0 0 0 0 0 0 0 0 0 0 0 0 0 0 0 0 0 0 0 0 0 0 0 0 0 0 0 0 0 0 0 0 0 0 0 0 0 0 0 0 0 0 0 0 0 0 0 0 0 0 0 0 0 0 0 0 0 0 0 0 0 0 0 0 0 0 0 0 0 0 0 data 13 0x90007 0xb59 0x38 0x97 0xd0003 0x97 0x18 0x0 0x0 0x0 0x9 0x1 0x0 oops 0 methods 0
ciMethodData kotlin/metadata/internal/metadata/ProtoBuf$Annotation$Argument$Value hasStringValue ()Z 2 3055 orig 80 0 0 0 0 0 0 0 0 0 0 0 0 0 0 0 0 0 0 0 0 0 0 0 0 0 0 0 0 0 0 0 0 0 0 0 0 0 0 0 0 0 0 0 0 0 0 0 0 0 0 0 0 0 0 0 0 0 0 0 0 0 0 0 0 0 0 0 0 0 0 0 0 0 0 0 0 0 0 0 0 data 13 0x90007 0xbef 0x38 0x1 0xd0003 0x1 0x18 0x0 0x0 0x0 0x9 0x1 0x0 oops 0 methods 0
ciMethodData kotlin/metadata/internal/metadata/ProtoBuf$Annotation$Argument$Value hasClassId ()Z 2 3055 orig 80 0 0 0 0 0 0 0 0 0 0 0 0 0 0 0 0 0 0 0 0 0 0 0 0 0 0 0 0 0 0 0 0 0 0 0 0 0 0 0 0 0 0 0 0 0 0 0 0 0 0 0 0 0 0 0 0 0 0 0 0 0 0 0 0 0 0 0 0 0 0 0 0 0 0 0 0 0 0 0 0 data 13 0x90007 0xbf0 0x38 0x0 0xd0003 0x0 0x18 0x0 0x0 0x0 0x9 0x1 0x0 oops 0 methods 0
ciMethodData kotlin/metadata/internal/metadata/ProtoBuf$Annotation$Argument$Value hasEnumValueId ()Z 2 3055 orig 80 0 0 0 0 0 0 0 0 0 0 0 0 0 0 0 0 0 0 0 0 0 0 0 0 0 0 0 0 0 0 0 0 0 0 0 0 0 0 0 0 0 0 0 0 0 0 0 0 0 0 0 0 0 0 0 0 0 0 0 0 0 0 0 0 0 0 0 0 0 0 0 0 0 0 0 0 0 0 0 0 data 13 0x90007 0xbf0 0x38 0x0 0xd0003 0x0 0x18 0x0 0x0 0x0 0x9 0x1 0x0 oops 0 methods 0
ciMethodData kotlin/metadata/internal/metadata/ProtoBuf$Annotation$Argument$Value hasArrayDimensionCount ()Z 2 3055 orig 80 0 0 0 0 0 0 0 0 0 0 0 0 0 0 0 0 0 0 0 0 0 0 0 0 0 0 0 0 0 0 0 0 0 0 0 0 0 0 0 0 0 0 0 0 0 0 0 0 0 0 0 0 0 0 0 0 0 0 0 0 0 0 0 0 0 0 0 0 0 0 0 0 0 0 0 0 0 0 0 0 data 13 0xb0007 0xbf0 0x38 0x0 0xf0003 0x0 0x18 0x0 0x0 0x0 0x9 0x1 0x0 oops 0 methods 0
ciMethodData kotlin/metadata/internal/metadata/ProtoBuf$Annotation$Argument$Value hasFlags ()Z 2 3055 orig 80 0 0 0 0 0 0 0 0 0 0 0 0 0 0 0 0 0 0 0 0 0 0 0 0 0 0 0 0 0 0 0 0 0 0 0 0 0 0 0 0 0 0 0 0 0 0 0 0 0 0 0 0 0 0 0 0 0 0 0 0 0 0 0 0 0 0 0 0 0 0 0 0 0 0 0 0 0 0 0 0 data 13 0xb0007 0x76f 0x38 0x481 0xf0003 0x481 0x18 0x0 0x0 0x0 0x9 0x1 0x0 oops 0 methods 0
ciMethodData kotlin/metadata/internal/metadata/ProtoBuf$Annotation$Argument$Value$Builder build ()Lkotlin/metadata/internal/protobuf/MessageLite; 2 2908 orig 80 0 0 0 0 0 0 0 0 0 0 0 0 0 0 0 0 0 0 0 0 0 0 0 0 0 0 0 0 0 0 0 0 0 0 0 0 0 0 0 0 0 0 0 0 0 0 0 0 0 0 0 0 0 0 0 0 0 0 0 0 0 0 0 0 0 0 0 0 0 0 0 0 0 0 0 0 0 0 0 0 data 16 0x10005 0xb5d 0x0 0x0 0x0 0x0 0x0 0x0 0x0 0x0 0x0 0x0 0x0 0x9 0x1 0x0 oops 0 methods 0
ciMethodData kotlin/metadata/internal/metadata/ProtoBuf$Annotation$Argument$Value$Builder build ()Lkotlin/metadata/internal/metadata/ProtoBuf$Annotation$Argument$Value; 2 2908 orig 80 0 0 0 0 0 0 0 0 0 0 0 0 0 0 0 0 0 0 0 0 0 0 0 0 0 0 0 0 0 0 0 0 0 0 0 0 0 0 0 0 0 0 0 0 0 0 0 0 0 0 0 0 0 0 0 0 0 0 0 0 0 0 0 0 0 0 0 0 0 0 0 0 0 0 0 0 0 0 0 0 data 29 0x10005 0xb5d 0x0 0x0 0x0 0x0 0x0 0x60005 0xb5d 0x0 0x0 0x0 0x0 0x0 0x90007 0xb5d 0x30 0x0 0xd0002 0x0 0x0 0x0 0x0 0x0 0x0 0x0 0x9 0x1 0x0 oops 0 methods 0
ciMethodData kotlin/metadata/internal/metadata/ProtoBuf$Annotation$Argument$Value$Builder buildPartial ()Lkotlin/metadata/internal/metadata/ProtoBuf$Annotation$Argument$Value; 2 2908 orig 80 0 0 0 0 0 0 0 0 0 0 0 0 0 0 0 0 0 0 0 0 0 0 0 0 0 0 0 0 0 0 0 0 0 0 0 0 0 0 0 0 0 0 0 0 0 0 0 0 0 0 0 0 0 0 0 0 0 0 0 0 0 0 0 0 0 0 0 0 0 0 0 0 0 0 0 0 0 0 0 0 data 86 0x60002 0xb5d 0x150007 0x0 0x20 0xb5d 0x210002 0xb5d 0x290007 0x98 0x20 0xac5 0x350002 0xb5d 0x3d0007 0xb5d 0x20 0x0 0x490002 0xb5d 0x530007 0xac6 0x20 0x97 0x600002 0xb5d 0x6a0007 0xb5c 0x20 0x1 0x770002 0xb5d 0x810007 0xb5d 0x20 0x0 0x8e0002 0xb5d 0x980007 0xb5d 0x20 0x0 0xa50002 0xb5d 0xb10007 0xb5d 0x20 0x0 0xbf0002 0xb5d 0xce0007 0xb5d 0x30 0x0 0xd60002 0x0 0xed0002 0xb5d 0xf90007 0xb5d 0x20 0x0 0x1070002 0xb5d 0x1130007 0x6e0 0x20 0x47d 0x1210002 0xb5d 0x1270002 0xb5d 0x0 0x0 0x0 0x0 0x0 0x0 0x0 0x0 0x0 0x0 0x0 0x9 0x1 0x0 oops 0 methods 0
ciMethodData kotlin/metadata/internal/metadata/ProtoBuf$Annotation$Argument$Value <init> (Lkotlin/metadata/internal/protobuf/GeneratedMessageLite$Builder;Lkotlin/metadata/internal/metadata/ProtoBuf$1;)V 2 2908 orig 80 0 0 0 0 0 0 0 0 0 0 0 0 0 0 0 0 0 0 0 0 0 0 0 0 0 0 0 0 0 0 0 0 0 0 0 0 0 0 0 0 0 0 0 0 0 0 0 0 0 0 0 0 0 0 0 0 0 0 0 0 0 0 0 0 0 0 0 0 0 0 0 0 0 0 0 0 0 0 0 0 data 9 0x20002 0xb5d 0x0 0x0 0x9 0x3 0x0 0x0 0x0 oops 0 methods 0
ciMethodData kotlin/metadata/internal/metadata/ProtoBuf$Annotation$Argument$Value <init> (Lkotlin/metadata/internal/protobuf/GeneratedMessageLite$Builder;)V 2 2908 orig 80 0 0 0 0 0 0 0 0 0 0 0 0 0 0 0 0 0 0 0 0 0 0 0 0 0 0 0 0 0 0 0 0 0 0 0 0 0 0 0 0 0 0 0 0 0 0 0 0 0 0 0 0 0 0 0 0 0 0 0 0 0 0 0 0 0 0 0 0 0 0 0 0 0 0 0 0 0 0 0 0 data 19 0x20002 0xb5d 0x110005 0xb5d 0x0 0x0 0x0 0x0 0x0 0x0 0x0 0x0 0x0 0x0 0x0 0x9 0x2 0x386 0x0 oops 0 methods 0
ciMethodData kotlin/metadata/internal/metadata/ProtoBuf$Annotation$Argument$Value access$2302 (Lkotlin/metadata/internal/metadata/ProtoBuf$Annotation$Argument$Value;Lkotlin/metadata/internal/metadata/ProtoBuf$Annotation$Argument$Value$Type;)Lkotlin/metadata/internal/metadata/ProtoBuf$Annotation$Argument$Value$Type; 2 2908 orig 80 0 0 0 0 0 0 0 0 0 0 0 0 0 0 0 0 0 0 0 0 0 0 0 0 0 0 0 0 0 0 0 0 0 0 0 0 0 0 0 0 0 0 0 0 0 0 0 0 0 0 0 0 0 0 0 0 0 0 0 0 0 0 0 0 0 0 0 0 0 0 0 0 0 0 0 0 0 0 0 0 data 7 0x0 0x0 0x0 0x9 0x2 0x0 0x0 oops 0 methods 0
ciMethodData kotlin/metadata/internal/metadata/ProtoBuf$Annotation$Argument$Value access$2402 (Lkotlin/metadata/internal/metadata/ProtoBuf$Annotation$Argument$Value;J)J 1 264 orig 80 0 0 0 0 0 0 0 0 0 0 0 0 0 0 0 0 0 0 0 0 0 0 0 0 0 0 0 0 0 0 0 0 0 0 0 0 0 0 0 0 0 0 0 0 0 0 0 0 0 0 0 0 0 0 0 0 0 0 0 0 0 0 0 0 0 0 0 0 0 0 0 0 0 0 0 0 0 0 0 0 data 8 0x0 0x0 0x0 0x9 0x3 0x0 0x0 0x0 oops 0 methods 0
ciMethodData kotlin/metadata/internal/metadata/ProtoBuf$Annotation$Argument$Value access$2502 (Lkotlin/metadata/internal/metadata/ProtoBuf$Annotation$Argument$Value;F)F 2 2908 orig 80 0 0 0 0 0 0 0 0 0 0 0 0 0 0 0 0 0 0 0 0 0 0 0 0 0 0 0 0 0 0 0 0 0 0 0 0 0 0 0 0 0 0 0 0 0 0 0 0 0 0 0 0 0 0 0 0 0 0 0 0 0 0 0 0 0 0 0 0 0 0 0 0 0 0 0 0 0 0 0 0 data 7 0x0 0x0 0x0 0x9 0x2 0x0 0x0 oops 0 methods 0
ciMethodData kotlin/metadata/internal/metadata/ProtoBuf$Annotation$Argument$Value access$2602 (Lkotlin/metadata/internal/metadata/ProtoBuf$Annotation$Argument$Value;D)D 1 264 orig 80 0 0 0 0 0 0 0 0 0 0 0 0 0 0 0 0 0 0 0 0 0 0 0 0 0 0 0 0 0 0 0 0 0 0 0 0 0 0 0 0 0 0 0 0 0 0 0 0 0 0 0 0 0 0 0 0 0 0 0 0 0 0 0 0 0 0 0 0 0 0 0 0 0 0 0 0 0 0 0 0 data 8 0x0 0x0 0x0 0x9 0x3 0x0 0x0 0x0 oops 0 methods 0
ciMethodData kotlin/metadata/internal/metadata/ProtoBuf$Annotation$Argument$Value access$2702 (Lkotlin/metadata/internal/metadata/ProtoBuf$Annotation$Argument$Value;I)I 2 2908 orig 80 0 0 0 0 0 0 0 0 0 0 0 0 0 0 0 0 0 0 0 0 0 0 0 0 0 0 0 0 0 0 0 0 0 0 0 0 0 0 0 0 0 0 0 0 0 0 0 0 0 0 0 0 0 0 0 0 0 0 0 0 0 0 0 0 0 0 0 0 0 0 0 0 0 0 0 0 0 0 0 0 data 7 0x0 0x0 0x0 0x9 0x2 0x0 0x0 oops 0 methods 0
ciMethodData kotlin/metadata/internal/metadata/ProtoBuf$Annotation$Argument$Value access$2802 (Lkotlin/metadata/internal/metadata/ProtoBuf$Annotation$Argument$Value;I)I 2 2908 orig 80 0 0 0 0 0 0 0 0 0 0 0 0 0 0 0 0 0 0 0 0 0 0 0 0 0 0 0 0 0 0 0 0 0 0 0 0 0 0 0 0 0 0 0 0 0 0 0 0 0 0 0 0 0 0 0 0 0 0 0 0 0 0 0 0 0 0 0 0 0 0 0 0 0 0 0 0 0 0 0 0 data 7 0x0 0x0 0x0 0x9 0x2 0x0 0x0 oops 0 methods 0
ciMethodData kotlin/metadata/internal/metadata/ProtoBuf$Annotation$Argument$Value access$2902 (Lkotlin/metadata/internal/metadata/ProtoBuf$Annotation$Argument$Value;I)I 2 2908 orig 80 0 0 0 0 0 0 0 0 0 0 0 0 0 0 0 0 0 0 0 0 0 0 0 0 0 0 0 0 0 0 0 0 0 0 0 0 0 0 0 0 0 0 0 0 0 0 0 0 0 0 0 0 0 0 0 0 0 0 0 0 0 0 0 0 0 0 0 0 0 0 0 0 0 0 0 0 0 0 0 0 data 7 0x0 0x0 0x0 0x9 0x2 0x0 0x0 oops 0 methods 0
ciMethodData kotlin/metadata/internal/metadata/ProtoBuf$Annotation$Argument$Value access$3002 (Lkotlin/metadata/internal/metadata/ProtoBuf$Annotation$Argument$Value;Lkotlin/metadata/internal/metadata/ProtoBuf$Annotation;)Lkotlin/metadata/internal/metadata/ProtoBuf$Annotation; 2 2908 orig 80 0 0 0 0 0 0 0 0 0 0 0 0 0 0 0 0 0 0 0 0 0 0 0 0 0 0 0 0 0 0 0 0 0 0 0 0 0 0 0 0 0 0 0 0 0 0 0 0 0 0 0 0 0 0 0 0 0 0 0 0 0 0 0 0 0 0 0 0 0 0 0 0 0 0 0 0 0 0 0 0 data 7 0x0 0x0 0x0 0x9 0x2 0x0 0x0 oops 0 methods 0
ciMethodData kotlin/metadata/internal/metadata/ProtoBuf$Annotation$Argument$Value access$3102 (Lkotlin/metadata/internal/metadata/ProtoBuf$Annotation$Argument$Value;Ljava/util/List;)Ljava/util/List; 2 2908 orig 80 0 0 0 0 0 0 0 0 0 0 0 0 0 0 0 0 0 0 0 0 0 0 0 0 0 0 0 0 0 0 0 0 0 0 0 0 0 0 0 0 0 0 0 0 0 0 0 0 0 0 0 0 0 0 0 0 0 0 0 0 0 0 0 0 0 0 0 0 0 0 0 0 0 0 0 0 0 0 0 0 data 7 0x0 0x0 0x0 0x9 0x2 0x0 0x0 oops 0 methods 0
ciMethodData kotlin/metadata/internal/metadata/ProtoBuf$Annotation$Argument$Value access$3202 (Lkotlin/metadata/internal/metadata/ProtoBuf$Annotation$Argument$Value;I)I 2 2908 orig 80 0 0 0 0 0 0 0 0 0 0 0 0 0 0 0 0 0 0 0 0 0 0 0 0 0 0 0 0 0 0 0 0 0 0 0 0 0 0 0 0 0 0 0 0 0 0 0 0 0 0 0 0 0 0 0 0 0 0 0 0 0 0 0 0 0 0 0 0 0 0 0 0 0 0 0 0 0 0 0 0 data 7 0x0 0x0 0x0 0x9 0x2 0x0 0x0 oops 0 methods 0
ciMethodData kotlin/metadata/internal/metadata/ProtoBuf$Annotation$Argument$Value access$3302 (Lkotlin/metadata/internal/metadata/ProtoBuf$Annotation$Argument$Value;I)I 2 2908 orig 80 0 0 0 0 0 0 0 0 0 0 0 0 0 0 0 0 0 0 0 0 0 0 0 0 0 0 0 0 0 0 0 0 0 0 0 0 0 0 0 0 0 0 0 0 0 0 0 0 0 0 0 0 0 0 0 0 0 0 0 0 0 0 0 0 0 0 0 0 0 0 0 0 0 0 0 0 0 0 0 0 data 7 0x0 0x0 0x0 0x9 0x2 0x0 0x0 oops 0 methods 0
ciMethodData kotlin/metadata/internal/metadata/ProtoBuf$Annotation$Argument$Value access$3402 (Lkotlin/metadata/internal/metadata/ProtoBuf$Annotation$Argument$Value;I)I 2 2908 orig 80 0 0 0 0 0 0 0 0 0 0 0 0 0 0 0 0 0 0 0 0 0 0 0 0 0 0 0 0 0 0 0 0 0 0 0 0 0 0 0 0 0 0 0 0 0 0 0 0 0 0 0 0 0 0 0 0 0 0 0 0 0 0 0 0 0 0 0 0 0 0 0 0 0 0 0 0 0 0 0 0 data 7 0x0 0x0 0x0 0x9 0x2 0x0 0x0 oops 0 methods 0
ciMethodData kotlin/metadata/internal/metadata/ProtoBuf$Annotation$Argument$Value$Builder setDoubleValue (D)Lkotlin/metadata/internal/metadata/ProtoBuf$Annotation$Argument$Value$Builder; 1 151 orig 80 0 0 0 0 0 0 0 0 0 0 0 0 170 2 0 0 0 0 0 0 0 0 0 0 0 0 0 0 0 0 0 0 0 0 0 0 0 0 0 0 0 0 0 0 0 0 0 0 0 0 0 0 0 0 0 0 0 0 0 0 0 0 0 0 0 0 0 0 0 0 0 0 0 0 0 0 0 0 0 0 data 9 0x0 0x0 0x0 0x0 0x9 0x3 0x0 0x0 0x0 oops 0 methods 0
ciMethodData kotlin/metadata/internal/metadata/ProtoBuf$Annotation$Argument$Value$Builder setStringValue (I)Lkotlin/metadata/internal/metadata/ProtoBuf$Annotation$Argument$Value$Builder; 1 1 orig 80 0 0 0 0 0 0 0 0 0 0 0 0 170 2 0 0 0 0 0 0 0 0 0 0 0 0 0 0 0 0 0 0 0 0 0 0 0 0 0 0 0 0 0 0 0 0 0 0 0 0 0 0 0 0 0 0 0 0 0 0 0 0 0 0 0 0 0 0 0 0 0 0 0 0 0 0 0 0 0 0 data 8 0x0 0x0 0x0 0x0 0x9 0x2 0x30 0x0 oops 0 methods 0
ciMethodData kotlin/metadata/internal/metadata/ProtoBuf$Annotation$Argument$Value$Builder setFlags (I)Lkotlin/metadata/internal/metadata/ProtoBuf$Annotation$Argument$Value$Builder; 2 1080 orig 80 0 0 0 0 0 0 0 0 0 0 0 0 170 2 0 0 0 0 0 0 0 0 0 0 0 0 0 0 0 0 0 0 0 0 0 0 0 0 0 0 0 0 0 0 0 0 0 0 0 0 0 0 0 0 0 0 0 0 0 0 0 0 0 0 0 0 0 0 0 0 0 0 0 0 0 0 0 0 0 0 data 8 0x0 0x0 0x0 0x0 0x9 0x2 0x0 0x0 oops 0 methods 0
compile kotlin/metadata/internal/protobuf/GeneratedMessageLite parseUnknownField (Lkotlin/metadata/internal/protobuf/FieldSet;Lkotlin/metadata/internal/protobuf/MessageLite;Lkotlin/metadata/internal/protobuf/CodedInputStream;Lkotlin/metadata/internal/protobuf/CodedOutputStream;Lkotlin/metadata/internal/protobuf/ExtensionRegistryLite;I)Z -1 4 inline 269 0 -1 0 kotlin/metadata/internal/protobuf/GeneratedMessageLite parseUnknownField (Lkotlin/metadata/internal/protobuf/FieldSet;Lkotlin/metadata/internal/protobuf/MessageLite;Lkotlin/metadata/internal/protobuf/CodedInputStream;Lkotlin/metadata/internal/protobuf/CodedOutputStream;Lkotlin/metadata/internal/protobuf/ExtensionRegistryLite;I)Z 1 2 0 kotlin/metadata/internal/protobuf/WireFormat getTagWireType (I)I 1 9 0 kotlin/metadata/internal/protobuf/WireFormat getTagFieldNumber (I)I 1 19 0 kotlin/metadata/internal/protobuf/ExtensionRegistryLite findLiteExtensionByNumber (Lkotlin/metadata/internal/protobuf/MessageLite;I)Lkotlin/metadata/internal/protobuf/GeneratedMessageLite$GeneratedExtension; 2 10 0 kotlin/metadata/internal/protobuf/ExtensionRegistryLite$ObjectIntPair <init> (Ljava/lang/Object;I)V 3 1 0 java/lang/Object <init> ()V 2 13 0 java/util/Collections$UnmodifiableMap get (Ljava/lang/Object;)Ljava/lang/Object; 3 5 0 java/util/HashMap get (Ljava/lang/Object;)Ljava/lang/Object; 4 2 0 java/util/HashMap getNode (Ljava/lang/Object;)Ljava/util/HashMap$Node; 5 23 0 java/util/HashMap hash (Ljava/lang/Object;)I 6 9 0 kotlin/metadata/internal/protobuf/ExtensionRegistryLite$ObjectIntPair hashCode ()I 5 63 0 kotlin/metadata/internal/protobuf/ExtensionRegistryLite$ObjectIntPair equals (Ljava/lang/Object;)Z 1 48 0 kotlin/metadata/internal/protobuf/GeneratedMessageLite$ExtensionDescriptor getLiteType ()Lkotlin/metadata/internal/protobuf/WireFormat$FieldType; 1 52 0 kotlin/metadata/internal/protobuf/FieldSet getWireFormatForFieldType (Lkotlin/metadata/internal/protobuf/WireFormat$FieldType;Z)I 2 7 0 kotlin/metadata/internal/protobuf/WireFormat$FieldType getWireType ()I 1 83 0 kotlin/metadata/internal/protobuf/WireFormat$FieldType isPackable ()Z 1 96 0 kotlin/metadata/internal/protobuf/GeneratedMessageLite$ExtensionDescriptor getLiteType ()Lkotlin/metadata/internal/protobuf/WireFormat$FieldType; 1 152 0 kotlin/metadata/internal/protobuf/GeneratedMessageLite$ExtensionDescriptor getLiteType ()Lkotlin/metadata/internal/protobuf/WireFormat$FieldType; 1 218 0 kotlin/metadata/internal/protobuf/CodedInputStream getBytesUntilLimit ()I 1 230 0 kotlin/metadata/internal/protobuf/GeneratedMessageLite$ExtensionDescriptor getLiteType ()Lkotlin/metadata/internal/protobuf/WireFormat$FieldType; 1 270 0 kotlin/metadata/internal/protobuf/GeneratedMessageLite$ExtensionDescriptor getLiteJavaType ()Lkotlin/metadata/internal/protobuf/WireFormat$JavaType; 2 4 0 kotlin/metadata/internal/protobuf/WireFormat$FieldType getJavaType ()Lkotlin/metadata/internal/protobuf/WireFormat$JavaType; 1 273 0 java/lang/Enum ordinal ()I 1 461 0 kotlin/metadata/internal/protobuf/GeneratedMessageLite$ExtensionDescriptor getLiteType ()Lkotlin/metadata/internal/protobuf/WireFormat$FieldType; 1 312 0 kotlin/metadata/internal/protobuf/GeneratedMessageLite$ExtensionDescriptor isRepeated ()Z 1 324 0 kotlin/metadata/internal/protobuf/FieldSet getField (Lkotlin/metadata/internal/protobuf/FieldSet$FieldDescriptorLite;)Ljava/lang/Object; 2 5 0 kotlin/metadata/internal/protobuf/SmallSortedMap get (Ljava/lang/Object;)Ljava/lang/Object; 3 7 0 kotlin/metadata/internal/protobuf/SmallSortedMap binarySearchInArray (Ljava/lang/Comparable;)I 4 6 0 java/util/ArrayList size ()I 4 6 0 java/util/Collections$EmptyList size ()I 4 24 0 java/util/ArrayList get (I)Ljava/lang/Object; 5 5 0 java/util/Objects checkIndex (II)I 5 11 0 java/util/ArrayList elementData (I)Ljava/lang/Object; 4 32 0 kotlin/metadata/internal/protobuf/SmallSortedMap$Entry getKey ()Ljava/lang/Comparable; 4 35 0 kotlin/metadata/internal/protobuf/GeneratedMessageLite$ExtensionDescriptor compareTo (Ljava/lang/Object;)I 5 5 0 kotlin/metadata/internal/protobuf/GeneratedMessageLite$ExtensionDescriptor compareTo (Lkotlin/metadata/internal/protobuf/GeneratedMessageLite$ExtensionDescriptor;)I 4 78 0 java/util/ArrayList get (I)Ljava/lang/Object; 5 5 0 java/util/Objects checkIndex (II)I 5 11 0 java/util/ArrayList elementData (I)Ljava/lang/Object; 4 86 0 kotlin/metadata/internal/protobuf/SmallSortedMap$Entry getKey ()Ljava/lang/Comparable; 4 89 0 kotlin/metadata/internal/protobuf/GeneratedMessageLite$ExtensionDescriptor compareTo (Ljava/lang/Object;)I 5 5 0 kotlin/metadata/internal/protobuf/GeneratedMessageLite$ExtensionDescriptor compareTo (Lkotlin/metadata/internal/protobuf/GeneratedMessageLite$ExtensionDescriptor;)I 3 20 0 java/util/ArrayList get (I)Ljava/lang/Object; 4 5 0 java/util/Objects checkIndex (II)I 4 11 0 java/util/ArrayList elementData (I)Ljava/lang/Object; 3 28 0 kotlin/metadata/internal/protobuf/SmallSortedMap$Entry getValue ()Ljava/lang/Object; 3 37 0 java/util/Collections$EmptyMap get (Ljava/lang/Object;)Ljava/lang/Object; 1 353 0 kotlin/metadata/internal/protobuf/GeneratedMessageLite$GeneratedExtension getMessageDefaultInstance ()Lkotlin/metadata/internal/protobuf/MessageLite; 1 356 0 kotlin/metadata/internal/metadata/ProtoBuf$Annotation newBuilderForType ()Lkotlin/metadata/internal/protobuf/MessageLite$Builder; 2 1 0 kotlin/metadata/internal/metadata/ProtoBuf$Annotation newBuilderForType ()Lkotlin/metadata/internal/metadata/ProtoBuf$Annotation$Builder; 3 0 0 kotlin/metadata/internal/metadata/ProtoBuf$Annotation newBuilder ()Lkotlin/metadata/internal/metadata/ProtoBuf$Annotation$Builder; 4 0 0 kotlin/metadata/internal/metadata/ProtoBuf$Annotation$Builder access$4200 ()Lkotlin/metadata/internal/metadata/ProtoBuf$Annotation$Builder; 5 0 0 kotlin/metadata/internal/metadata/ProtoBuf$Annotation$Builder create ()Lkotlin/metadata/internal/metadata/ProtoBuf$Annotation$Builder; 6 4 0 kotlin/metadata/internal/metadata/ProtoBuf$Annotation$Builder <init> ()V 7 1 0 kotlin/metadata/internal/protobuf/GeneratedMessageLite$Builder <init> ()V 8 1 0 kotlin/metadata/internal/protobuf/AbstractMessageLite$Builder <init> ()V 9 1 0 java/lang/Object <init> ()V 7 5 0 java/util/Collections emptyList ()Ljava/util/List; 7 12 0 kotlin/metadata/internal/metadata/ProtoBuf$Annotation$Builder maybeForceBuilderInitialization ()V 1 356 0 kotlin/metadata/internal/metadata/ProtoBuf$Annotation$Argument$Value newBuilderForType ()Lkotlin/metadata/internal/protobuf/MessageLite$Builder; 2 1 0 kotlin/metadata/internal/metadata/ProtoBuf$Annotation$Argument$Value newBuilderForType ()Lkotlin/metadata/internal/metadata/ProtoBuf$Annotation$Argument$Value$Builder; 3 0 0 kotlin/metadata/internal/metadata/ProtoBuf$Annotation$Argument$Value newBuilder ()Lkotlin/metadata/internal/metadata/ProtoBuf$Annotation$Argument$Value$Builder; 4 0 0 kotlin/metadata/internal/metadata/ProtoBuf$Annotation$Argument$Value$Builder access$2100 ()Lkotlin/metadata/internal/metadata/ProtoBuf$Annotation$Argument$Value$Builder; 5 0 0 kotlin/metadata/internal/metadata/ProtoBuf$Annotation$Argument$Value$Builder create ()Lkotlin/metadata/internal/metadata/ProtoBuf$Annotation$Argument$Value$Builder; 6 4 0 kotlin/metadata/internal/metadata/ProtoBuf$Annotation$Argument$Value$Builder <init> ()V 7 1 0 kotlin/metadata/internal/protobuf/GeneratedMessageLite$Builder <init> ()V 8 1 0 kotlin/metadata/internal/protobuf/AbstractMessageLite$Builder <init> ()V 9 1 0 java/lang/Object <init> ()V 7 12 0 kotlin/metadata/internal/metadata/ProtoBuf$Annotation getDefaultInstance ()Lkotlin/metadata/internal/metadata/ProtoBuf$Annotation; 7 19 0 java/util/Collections emptyList ()Ljava/util/List; 7 26 0 kotlin/metadata/internal/metadata/ProtoBuf$Annotation$Argument$Value$Builder maybeForceBuilderInitialization ()V 1 368 0 kotlin/metadata/internal/protobuf/GeneratedMessageLite$ExtensionDescriptor getLiteType ()Lkotlin/metadata/internal/protobuf/WireFormat$FieldType; 1 398 0 kotlin/metadata/internal/protobuf/CodedInputStream readMessage (Lkotlin/metadata/internal/protobuf/MessageLite$Builder;Lkotlin/metadata/internal/protobuf/ExtensionRegistryLite;)V 2 1 0 kotlin/metadata/internal/protobuf/CodedInputStream readRawVarint32 ()I 2 6 0 kotlin/metadata/internal/protobuf/CodedInputStream checkRecursionLimit ()V 2 11 0 kotlin/metadata/internal/protobuf/CodedInputStream pushLimit (I)I 3 40 0 kotlin/metadata/internal/protobuf/CodedInputStream recomputeBufferSizeAfterLimit ()V 2 29 0 kotlin/metadata/internal/metadata/ProtoBuf$Annotation$Builder mergeFrom (Lkotlin/metadata/internal/protobuf/CodedInputStream;Lkotlin/metadata/internal/protobuf/ExtensionRegistryLite;)Lkotlin/metadata/internal/protobuf/MessageLite$Builder; 3 3 0 kotlin/metadata/internal/metadata/ProtoBuf$Annotation$Builder mergeFrom (Lkotlin/metadata/internal/protobuf/CodedInputStream;Lkotlin/metadata/internal/protobuf/ExtensionRegistryLite;)Lkotlin/metadata/internal/metadata/ProtoBuf$Annotation$Builder; 4 7 0 kotlin/metadata/internal/metadata/ProtoBuf$Annotation$1 parsePartialFrom (Lkotlin/metadata/internal/protobuf/CodedInputStream;Lkotlin/metadata/internal/protobuf/ExtensionRegistryLite;)Ljava/lang/Object; 5 3 0 kotlin/metadata/internal/metadata/ProtoBuf$Annotation$1 parsePartialFrom (Lkotlin/metadata/internal/protobuf/CodedInputStream;Lkotlin/metadata/internal/protobuf/ExtensionRegistryLite;)Lkotlin/metadata/internal/metadata/ProtoBuf$Annotation; 6 7 0 kotlin/metadata/internal/metadata/ProtoBuf$Annotation <init> (Lkotlin/metadata/internal/protobuf/CodedInputStream;Lkotlin/metadata/internal/protobuf/ExtensionRegistryLite;Lkotlin/metadata/internal/metadata/ProtoBuf$1;)V 4 22 0 kotlin/metadata/internal/metadata/ProtoBuf$Annotation$Builder mergeFrom (Lkotlin/metadata/internal/metadata/ProtoBuf$Annotation;)Lkotlin/metadata/internal/metadata/ProtoBuf$Annotation$Builder; 5 1 0 kotlin/metadata/internal/metadata/ProtoBuf$Annotation getDefaultInstance ()Lkotlin/metadata/internal/metadata/ProtoBuf$Annotation; 5 10 0 kotlin/metadata/internal/metadata/ProtoBuf$Annotation hasId ()Z 5 18 0 kotlin/metadata/internal/metadata/ProtoBuf$Annotation getId ()I 5 21 0 kotlin/metadata/internal/metadata/ProtoBuf$Annotation$Builder setId (I)Lkotlin/metadata/internal/metadata/ProtoBuf$Annotation$Builder; 5 26 0 kotlin/metadata/internal/metadata/ProtoBuf$Annotation access$4500 (Lkotlin/metadata/internal/metadata/ProtoBuf$Annotation;)Ljava/util/List; 5 29 0 java/util/Collections$UnmodifiableCollection isEmpty ()Z 6 4 0 java/util/ArrayList isEmpty ()Z 5 29 0 java/util/Collections$EmptyList isEmpty ()Z 5 41 0 java/util/Collections$EmptyList isEmpty ()Z 5 51 0 kotlin/metadata/internal/metadata/ProtoBuf$Annotation access$4500 (Lkotlin/metadata/internal/metadata/ProtoBuf$Annotation;)Ljava/util/List; 5 91 0 kotlin/metadata/internal/protobuf/GeneratedMessageLite$Builder getUnknownFields ()Lkotlin/metadata/internal/protobuf/ByteString; 5 95 0 kotlin/metadata/internal/metadata/ProtoBuf$Annotation access$4700 (Lkotlin/metadata/internal/metadata/ProtoBuf$Annotation;)Lkotlin/metadata/internal/protobuf/ByteString; 5 98 0 kotlin/metadata/internal/protobuf/ByteString concat (Lkotlin/metadata/internal/protobuf/ByteString;)Lkotlin/metadata/internal/protobuf/ByteString; 6 1 0 kotlin/metadata/internal/protobuf/LiteralByteString size ()I 6 6 0 kotlin/metadata/internal/protobuf/LiteralByteString size ()I 6 70 0 kotlin/metadata/internal/protobuf/RopeByteString concatenate (Lkotlin/metadata/internal/protobuf/ByteString;Lkotlin/metadata/internal/protobuf/ByteString;)Lkotlin/metadata/internal/protobuf/ByteString; 7 17 0 kotlin/metadata/internal/protobuf/LiteralByteString size ()I 5 101 0 kotlin/metadata/internal/protobuf/GeneratedMessageLite$Builder setUnknownFields (Lkotlin/metadata/internal/protobuf/ByteString;)Lkotlin/metadata/internal/protobuf/GeneratedMessageLite$Builder; 2 29 0 kotlin/metadata/internal/metadata/ProtoBuf$Annotation$Argument$Value$Builder mergeFrom (Lkotlin/metadata/internal/protobuf/CodedInputStream;Lkotlin/metadata/internal/protobuf/ExtensionRegistryLite;)Lkotlin/metadata/internal/protobuf/MessageLite$Builder; 3 3 0 kotlin/metadata/internal/metadata/ProtoBuf$Annotation$Argument$Value$Builder mergeFrom (Lkotlin/metadata/internal/protobuf/CodedInputStream;Lkotlin/metadata/internal/protobuf/ExtensionRegistryLite;)Lkotlin/metadata/internal/metadata/ProtoBuf$Annotation$Argument$Value$Builder; 4 7 0 kotlin/metadata/internal/metadata/ProtoBuf$Annotation$Argument$Value$1 parsePartialFrom (Lkotlin/metadata/internal/protobuf/CodedInputStream;Lkotlin/metadata/internal/protobuf/ExtensionRegistryLite;)Ljava/lang/Object; 5 3 0 kotlin/metadata/internal/metadata/ProtoBuf$Annotation$Argument$Value$1 parsePartialFrom (Lkotlin/metadata/internal/protobuf/CodedInputStream;Lkotlin/metadata/internal/protobuf/ExtensionRegistryLite;)Lkotlin/metadata/internal/metadata/ProtoBuf$Annotation$Argument$Value; 6 7 0 kotlin/metadata/internal/metadata/ProtoBuf$Annotation$Argument$Value <init> (Lkotlin/metadata/internal/protobuf/CodedInputStream;Lkotlin/metadata/internal/protobuf/ExtensionRegistryLite;Lkotlin/metadata/internal/metadata/ProtoBuf$1;)V 4 22 0 kotlin/metadata/internal/metadata/ProtoBuf$Annotation$Argument$Value$Builder mergeFrom (Lkotlin/metadata/internal/metadata/ProtoBuf$Annotation$Argument$Value;)Lkotlin/metadata/internal/metadata/ProtoBuf$Annotation$Argument$Value$Builder; 5 1 0 kotlin/metadata/internal/metadata/ProtoBuf$Annotation$Argument$Value getDefaultInstance ()Lkotlin/metadata/internal/metadata/ProtoBuf$Annotation$Argument$Value; 5 10 0 kotlin/metadata/internal/metadata/ProtoBuf$Annotation$Argument$Value hasType ()Z 5 18 0 kotlin/metadata/internal/metadata/ProtoBuf$Annotation$Argument$Value getType ()Lkotlin/metadata/internal/metadata/ProtoBuf$Annotation$Argument$Value$Type; 5 21 0 kotlin/metadata/internal/metadata/ProtoBuf$Annotation$Argument$Value$Builder setType (Lkotlin/metadata/internal/metadata/ProtoBuf$Annotation$Argument$Value$Type;)Lkotlin/metadata/internal/metadata/ProtoBuf$Annotation$Argument$Value$Builder; 5 26 0 kotlin/metadata/internal/metadata/ProtoBuf$Annotation$Argument$Value hasIntValue ()Z 5 34 0 kotlin/metadata/internal/metadata/ProtoBuf$Annotation$Argument$Value getIntValue ()J 5 37 0 kotlin/metadata/internal/metadata/ProtoBuf$Annotation$Argument$Value$Builder setIntValue (J)Lkotlin/metadata/internal/metadata/ProtoBuf$Annotation$Argument$Value$Builder; 5 42 0 kotlin/metadata/internal/metadata/ProtoBuf$Annotation$Argument$Value hasFloatValue ()Z 5 58 0 kotlin/metadata/internal/metadata/ProtoBuf$Annotation$Argument$Value hasDoubleValue ()Z 5 66 0 kotlin/metadata/internal/metadata/ProtoBuf$Annotation$Argument$Value getDoubleValue ()D 5 69 0 kotlin/metadata/internal/metadata/ProtoBuf$Annotation$Argument$Value$Builder setDoubleValue (D)Lkotlin/metadata/internal/metadata/ProtoBuf$Annotation$Argument$Value$Builder; 5 74 0 kotlin/metadata/internal/metadata/ProtoBuf$Annotation$Argument$Value hasStringValue ()Z 5 82 0 kotlin/metadata/internal/metadata/ProtoBuf$Annotation$Argument$Value getStringValue ()I 5 90 0 kotlin/metadata/internal/metadata/ProtoBuf$Annotation$Argument$Value hasClassId ()Z 5 106 0 kotlin/metadata/internal/metadata/ProtoBuf$Annotation$Argument$Value hasEnumValueId ()Z 5 122 0 kotlin/metadata/internal/metadata/ProtoBuf$Annotation$Argument$Value hasAnnotation ()Z 5 138 0 kotlin/metadata/internal/metadata/ProtoBuf$Annotation$Argument$Value access$3100 (Lkotlin/metadata/internal/metadata/ProtoBuf$Annotation$Argument$Value;)Ljava/util/List; 5 141 0 java/util/Collections$EmptyList isEmpty ()Z 5 203 0 kotlin/metadata/internal/metadata/ProtoBuf$Annotation$Argument$Value hasArrayDimensionCount ()Z 5 219 0 kotlin/metadata/internal/metadata/ProtoBuf$Annotation$Argument$Value hasFlags ()Z 5 227 0 kotlin/metadata/internal/metadata/ProtoBuf$Annotation$Argument$Value getFlags ()I 5 230 0 kotlin/metadata/internal/metadata/ProtoBuf$Annotation$Argument$Value$Builder setFlags (I)Lkotlin/metadata/internal/metadata/ProtoBuf$Annotation$Argument$Value$Builder; 5 236 0 kotlin/metadata/internal/protobuf/GeneratedMessageLite$Builder getUnknownFields ()Lkotlin/metadata/internal/protobuf/ByteString; 5 240 0 kotlin/metadata/internal/metadata/ProtoBuf$Annotation$Argument$Value access$3500 (Lkotlin/metadata/internal/metadata/ProtoBuf$Annotation$Argument$Value;)Lkotlin/metadata/internal/protobuf/ByteString; 5 243 0 kotlin/metadata/internal/protobuf/ByteString concat (Lkotlin/metadata/internal/protobuf/ByteString;)Lkotlin/metadata/internal/protobuf/ByteString; 6 1 0 kotlin/metadata/internal/protobuf/LiteralByteString size ()I 6 6 0 kotlin/metadata/internal/protobuf/LiteralByteString size ()I 6 70 0 kotlin/metadata/internal/protobuf/RopeByteString concatenate (Lkotlin/metadata/internal/protobuf/ByteString;Lkotlin/metadata/internal/protobuf/ByteString;)Lkotlin/metadata/internal/protobuf/ByteString; 7 17 0 kotlin/metadata/internal/protobuf/LiteralByteString size ()I 5 246 0 kotlin/metadata/internal/protobuf/GeneratedMessageLite$Builder setUnknownFields (Lkotlin/metadata/internal/protobuf/ByteString;)Lkotlin/metadata/internal/protobuf/GeneratedMessageLite$Builder; 2 37 0 kotlin/metadata/internal/protobuf/CodedInputStream checkLastTagWas (I)V 2 53 0 kotlin/metadata/internal/protobuf/CodedInputStream popLimit (I)V 3 6 0 kotlin/metadata/internal/protobuf/CodedInputStream recomputeBufferSizeAfterLimit ()V 1 403 0 kotlin/metadata/internal/metadata/ProtoBuf$Annotation$Builder build ()Lkotlin/metadata/internal/protobuf/MessageLite; 2 1 0 kotlin/metadata/internal/metadata/ProtoBuf$Annotation$Builder build ()Lkotlin/metadata/internal/metadata/ProtoBuf$Annotation; 3 1 0 kotlin/metadata/internal/metadata/ProtoBuf$Annotation$Builder buildPartial ()Lkotlin/metadata/internal/metadata/ProtoBuf$Annotation; 4 6 0 kotlin/metadata/internal/metadata/ProtoBuf$Annotation <init> (Lkotlin/metadata/internal/protobuf/GeneratedMessageLite$Builder;Lkotlin/metadata/internal/metadata/ProtoBuf$1;)V 5 2 0 kotlin/metadata/internal/metadata/ProtoBuf$Annotation <init> (Lkotlin/metadata/internal/protobuf/GeneratedMessageLite$Builder;)V 6 2 0 kotlin/metadata/internal/protobuf/GeneratedMessageLite <init> (Lkotlin/metadata/internal/protobuf/GeneratedMessageLite$Builder;)V 7 1 0 kotlin/metadata/internal/protobuf/AbstractMessageLite <init> ()V 8 1 0 java/lang/Object <init> ()V 6 17 0 kotlin/metadata/internal/protobuf/GeneratedMessageLite$Builder getUnknownFields ()Lkotlin/metadata/internal/protobuf/ByteString; 4 33 0 kotlin/metadata/internal/metadata/ProtoBuf$Annotation access$4402 (Lkotlin/metadata/internal/metadata/ProtoBuf$Annotation;I)I 4 74 0 kotlin/metadata/internal/metadata/ProtoBuf$Annotation access$4502 (Lkotlin/metadata/internal/metadata/ProtoBuf$Annotation;Ljava/util/List;)Ljava/util/List; 4 80 0 kotlin/metadata/internal/metadata/ProtoBuf$Annotation access$4602 (Lkotlin/metadata/internal/metadata/ProtoBuf$Annotation;I)I 3 6 0 kotlin/metadata/internal/metadata/ProtoBuf$Annotation isInitialized ()Z 4 19 0 kotlin/metadata/internal/metadata/ProtoBuf$Annotation hasId ()Z 4 36 0 kotlin/metadata/internal/metadata/ProtoBuf$Annotation getArgumentCount ()I 5 4 0 java/util/Collections$UnmodifiableCollection size ()I 6 4 0 java/util/ArrayList size ()I 5 4 0 java/util/Collections$EmptyList size ()I 4 44 0 kotlin/metadata/internal/metadata/ProtoBuf$Annotation getArgument (I)Lkotlin/metadata/internal/metadata/ProtoBuf$Annotation$Argument; 5 5 0 java/util/Collections$UnmodifiableList get (I)Ljava/lang/Object; 6 5 0 java/util/ArrayList get (I)Ljava/lang/Object; 7 5 0 java/util/Objects checkIndex (II)I 7 11 0 java/util/ArrayList elementData (I)Ljava/lang/Object; 4 47 0 kotlin/metadata/internal/metadata/ProtoBuf$Annotation$Argument isInitialized ()Z 5 19 0 kotlin/metadata/internal/metadata/ProtoBuf$Annotation$Argument hasNameId ()Z 5 33 0 kotlin/metadata/internal/metadata/ProtoBuf$Annotation$Argument hasValue ()Z 5 47 0 kotlin/metadata/internal/metadata/ProtoBuf$Annotation$Argument getValue ()Lkotlin/metadata/internal/metadata/ProtoBuf$Annotation$Argument$Value; 5 50 0 kotlin/metadata/internal/metadata/ProtoBuf$Annotation$Argument$Value isInitialized ()Z 6 19 0 kotlin/metadata/internal/metadata/ProtoBuf$Annotation$Argument$Value hasAnnotation ()Z 6 26 0 kotlin/metadata/internal/metadata/ProtoBuf$Annotation$Argument$Value getAnnotation ()Lkotlin/metadata/internal/metadata/ProtoBuf$Annotation; 6 46 0 kotlin/metadata/internal/metadata/ProtoBuf$Annotation$Argument$Value getArrayElementCount ()I 7 4 0 java/util/Collections$EmptyList size ()I 1 403 0 kotlin/metadata/internal/metadata/ProtoBuf$Annotation$Argument$Value$Builder build ()Lkotlin/metadata/internal/protobuf/MessageLite; 2 1 0 kotlin/metadata/internal/metadata/ProtoBuf$Annotation$Argument$Value$Builder build ()Lkotlin/metadata/internal/metadata/ProtoBuf$Annotation$Argument$Value; 3 1 0 kotlin/metadata/internal/metadata/ProtoBuf$Annotation$Argument$Value$Builder buildPartial ()Lkotlin/metadata/internal/metadata/ProtoBuf$Annotation$Argument$Value; 4 6 0 kotlin/metadata/internal/metadata/ProtoBuf$Annotation$Argument$Value <init> (Lkotlin/metadata/internal/protobuf/GeneratedMessageLite$Builder;Lkotlin/metadata/internal/metadata/ProtoBuf$1;)V 5 2 0 kotlin/metadata/internal/metadata/ProtoBuf$Annotation$Argument$Value <init> (Lkotlin/metadata/internal/protobuf/GeneratedMessageLite$Builder;)V 6 2 0 kotlin/metadata/internal/protobuf/GeneratedMessageLite <init> (Lkotlin/metadata/internal/protobuf/GeneratedMessageLite$Builder;)V 7 1 0 kotlin/metadata/internal/protobuf/AbstractMessageLite <init> ()V 8 1 0 java/lang/Object <init> ()V 6 17 0 kotlin/metadata/internal/protobuf/GeneratedMessageLite$Builder getUnknownFields ()Lkotlin/metadata/internal/protobuf/ByteString; 4 33 0 kotlin/metadata/internal/metadata/ProtoBuf$Annotation$Argument$Value access$2302 (Lkotlin/metadata/internal/metadata/ProtoBuf$Annotation$Argument$Value;Lkotlin/metadata/internal/metadata/ProtoBuf$Annotation$Argument$Value$Type;)Lkotlin/metadata/internal/metadata/ProtoBuf$Annotation$Argument$Value$Type; 4 53 0 kotlin/metadata/internal/metadata/ProtoBuf$Annotation$Argument$Value access$2402 (Lkotlin/metadata/internal/metadata/ProtoBuf$Annotation$Argument$Value;J)J 4 73 0 kotlin/metadata/internal/metadata/ProtoBuf$Annotation$Argument$Value access$2502 (Lkotlin/metadata/internal/metadata/ProtoBuf$Annotation$Argument$Value;F)F 4 96 0 kotlin/metadata/internal/metadata/ProtoBuf$Annotation$Argument$Value access$2602 (Lkotlin/metadata/internal/metadata/ProtoBuf$Annotation$Argument$Value;D)D 4 119 0 kotlin/metadata/internal/metadata/ProtoBuf$Annotation$Argument$Value access$2702 (Lkotlin/metadata/internal/metadata/ProtoBuf$Annotation$Argument$Value;I)I 4 142 0 kotlin/metadata/internal/metadata/ProtoBuf$Annotation$Argument$Value access$2802 (Lkotlin/metadata/internal/metadata/ProtoBuf$Annotation$Argument$Value;I)I 4 165 0 kotlin/metadata/internal/metadata/ProtoBuf$Annotation$Argument$Value access$2902 (Lkotlin/metadata/internal/metadata/ProtoBuf$Annotation$Argument$Value;I)I 4 191 0 kotlin/metadata/internal/metadata/ProtoBuf$Annotation$Argument$Value access$3002 (Lkotlin/metadata/internal/metadata/ProtoBuf$Annotation$Argument$Value;Lkotlin/metadata/internal/metadata/ProtoBuf$Annotation;)Lkotlin/metadata/internal/metadata/ProtoBuf$Annotation; 4 237 0 kotlin/metadata/internal/metadata/ProtoBuf$Annotation$Argument$Value access$3102 (Lkotlin/metadata/internal/metadata/ProtoBuf$Annotation$Argument$Value;Ljava/util/List;)Ljava/util/List; 4 263 0 kotlin/metadata/internal/metadata/ProtoBuf$Annotation$Argument$Value access$3202 (Lkotlin/metadata/internal/metadata/ProtoBuf$Annotation$Argument$Value;I)I 4 289 0 kotlin/metadata/internal/metadata/ProtoBuf$Annotation$Argument$Value access$3302 (Lkotlin/metadata/internal/metadata/ProtoBuf$Annotation$Argument$Value;I)I 4 295 0 kotlin/metadata/internal/metadata/ProtoBuf$Annotation$Argument$Value access$3402 (Lkotlin/metadata/internal/metadata/ProtoBuf$Annotation$Argument$Value;I)I 3 6 0 kotlin/metadata/internal/metadata/ProtoBuf$Annotation$Argument$Value isInitialized ()Z 4 19 0 kotlin/metadata/internal/metadata/ProtoBuf$Annotation$Argument$Value hasAnnotation ()Z 4 26 0 kotlin/metadata/internal/metadata/ProtoBuf$Annotation$Argument$Value getAnnotation ()Lkotlin/metadata/internal/metadata/ProtoBuf$Annotation; 4 46 0 kotlin/metadata/internal/metadata/ProtoBuf$Annotation$Argument$Value getArrayElementCount ()I 5 4 0 java/util/Collections$EmptyList size ()I 1 475 0 kotlin/metadata/internal/protobuf/GeneratedMessageLite$ExtensionDescriptor isRepeated ()Z 1 491 0 kotlin/metadata/internal/protobuf/GeneratedMessageLite$GeneratedExtension singularToFieldSetType (Ljava/lang/Object;)Ljava/lang/Object; 2 4 0 kotlin/metadata/internal/protobuf/GeneratedMessageLite$ExtensionDescriptor getLiteJavaType ()Lkotlin/metadata/internal/protobuf/WireFormat$JavaType; 3 4 0 kotlin/metadata/internal/protobuf/WireFormat$FieldType getJavaType ()Lkotlin/metadata/internal/protobuf/WireFormat$JavaType; 1 494 0 kotlin/metadata/internal/protobuf/FieldSet addRepeatedField (Lkotlin/metadata/internal/protobuf/FieldSet$FieldDescriptorLite;Ljava/lang/Object;)V 2 1 0 kotlin/metadata/internal/protobuf/GeneratedMessageLite$ExtensionDescriptor isRepeated ()Z 2 21 0 kotlin/metadata/internal/protobuf/GeneratedMessageLite$ExtensionDescriptor getLiteType ()Lkotlin/metadata/internal/protobuf/WireFormat$FieldType; 2 27 0 kotlin/metadata/internal/protobuf/FieldSet verifyType (Lkotlin/metadata/internal/protobuf/WireFormat$FieldType;Ljava/lang/Object;)V 3 18 0 kotlin/metadata/internal/protobuf/WireFormat$FieldType getJavaType ()Lkotlin/metadata/internal/protobuf/WireFormat$JavaType; 3 21 0 java/lang/Enum ordinal ()I 2 32 0 kotlin/metadata/internal/protobuf/FieldSet getField (Lkotlin/metadata/internal/protobuf/FieldSet$FieldDescriptorLite;)Ljava/lang/Object; 3 5 0 kotlin/metadata/internal/protobuf/SmallSortedMap get (Ljava/lang/Object;)Ljava/lang/Object; 4 7 0 kotlin/metadata/internal/protobuf/SmallSortedMap binarySearchInArray (Ljava/lang/Comparable;)I 5 6 0 java/util/ArrayList size ()I 5 6 0 java/util/Collections$EmptyList size ()I 5 24 0 java/util/ArrayList get (I)Ljava/lang/Object; 6 5 0 java/util/Objects checkIndex (II)I 6 11 0 java/util/ArrayList elementData (I)Ljava/lang/Object; 5 32 0 kotlin/metadata/internal/protobuf/SmallSortedMap$Entry getKey ()Ljava/lang/Comparable; 5 35 0 kotlin/metadata/internal/protobuf/GeneratedMessageLite$ExtensionDescriptor compareTo (Ljava/lang/Object;)I 6 5 0 kotlin/metadata/internal/protobuf/GeneratedMessageLite$ExtensionDescriptor compareTo (Lkotlin/metadata/internal/protobuf/GeneratedMessageLite$ExtensionDescriptor;)I 5 78 0 java/util/ArrayList get (I)Ljava/lang/Object; 6 5 0 java/util/Objects checkIndex (II)I 6 11 0 java/util/ArrayList elementData (I)Ljava/lang/Object; 5 86 0 kotlin/metadata/internal/protobuf/SmallSortedMap$Entry getKey ()Ljava/lang/Comparable; 5 89 0 kotlin/metadata/internal/protobuf/GeneratedMessageLite$ExtensionDescriptor compareTo (Ljava/lang/Object;)I 6 5 0 kotlin/metadata/internal/protobuf/GeneratedMessageLite$ExtensionDescriptor compareTo (Lkotlin/metadata/internal/protobuf/GeneratedMessageLite$ExtensionDescriptor;)I 4 20 0 java/util/ArrayList get (I)Ljava/lang/Object; 5 5 0 java/util/Objects checkIndex (II)I 5 11 0 java/util/ArrayList elementData (I)Ljava/lang/Object; 4 28 0 kotlin/metadata/internal/protobuf/SmallSortedMap$Entry getValue ()Ljava/lang/Object; 4 37 0 java/util/Collections$EmptyMap get (Ljava/lang/Object;)Ljava/lang/Object; 2 44 0 java/util/ArrayList <init> ()V 3 1 0 java/util/AbstractList <init> ()V 4 1 0 java/util/AbstractCollection <init> ()V 5 1 0 java/lang/Object <init> ()V 2 56 0 kotlin/metadata/internal/protobuf/SmallSortedMap put (Ljava/lang/Comparable;Ljava/lang/Object;)Ljava/lang/Object; 3 1 0 kotlin/metadata/internal/protobuf/SmallSortedMap checkMutable ()V 3 6 0 kotlin/metadata/internal/protobuf/SmallSortedMap binarySearchInArray (Ljava/lang/Comparable;)I 4 6 0 java/util/ArrayList size ()I 4 6 0 java/util/Collections$EmptyList size ()I 4 24 0 java/util/ArrayList get (I)Ljava/lang/Object; 5 5 0 java/util/Objects checkIndex (II)I 5 11 0 java/util/ArrayList elementData (I)Ljava/lang/Object; 4 32 0 kotlin/metadata/internal/protobuf/SmallSortedMap$Entry getKey ()Ljava/lang/Comparable; 4 35 0 kotlin/metadata/internal/protobuf/GeneratedMessageLite$ExtensionDescriptor compareTo (Ljava/lang/Object;)I 5 5 0 kotlin/metadata/internal/protobuf/GeneratedMessageLite$ExtensionDescriptor compareTo (Lkotlin/metadata/internal/protobuf/GeneratedMessageLite$ExtensionDescriptor;)I 4 78 0 java/util/ArrayList get (I)Ljava/lang/Object; 5 5 0 java/util/Objects checkIndex (II)I 5 11 0 java/util/ArrayList elementData (I)Ljava/lang/Object; 4 86 0 kotlin/metadata/internal/protobuf/SmallSortedMap$Entry getKey ()Ljava/lang/Comparable; 4 89 0 kotlin/metadata/internal/protobuf/GeneratedMessageLite$ExtensionDescriptor compareTo (Ljava/lang/Object;)I 5 5 0 kotlin/metadata/internal/protobuf/GeneratedMessageLite$ExtensionDescriptor compareTo (Lkotlin/metadata/internal/protobuf/GeneratedMessageLite$ExtensionDescriptor;)I 3 33 0 kotlin/metadata/internal/protobuf/SmallSortedMap ensureEntryArrayMutable ()V 4 1 0 kotlin/metadata/internal/protobuf/SmallSortedMap checkMutable ()V 4 8 0 java/util/Collections$EmptyList isEmpty ()Z 4 8 0 java/util/ArrayList isEmpty ()Z 4 35 0 java/util/ArrayList <init> (I)V 5 1 0 java/util/AbstractList <init> ()V 6 1 0 java/util/AbstractCollection <init> ()V 7 1 0 java/lang/Object <init> ()V 3 67 0 java/util/ArrayList size ()I 3 132 0 kotlin/metadata/internal/protobuf/SmallSortedMap$Entry <init> (Lkotlin/metadata/internal/protobuf/SmallSortedMap;Ljava/lang/Comparable;Ljava/lang/Object;)V 4 6 0 java/lang/Object <init> ()V 3 135 0 java/util/ArrayList add (ILjava/lang/Object;)V 4 2 0 java/util/ArrayList rangeCheckForAdd (I)V 2 72 0 java/util/ArrayList add (Ljava/lang/Object;)Z 3 20 0 java/util/ArrayList add (Ljava/lang/Object;[Ljava/lang/Object;I)V 4 7 0 java/util/ArrayList grow ()[Ljava/lang/Object; 5 7 0 java/util/ArrayList grow (I)[Ljava/lang/Object; 6 27 0 jdk/internal/util/ArraysSupport newLength (III)I
