version 2
JvmtiExport can_access_local_variables 0
JvmtiExport can_hotswap_or_post_breakpoint 1
JvmtiExport can_post_on_exceptions 0
# 529 ciObject found
instanceKlass org/jetbrains/kotlin/commonizer/core/FunctionOrPropertyBaseCommonizer
ciInstanceKlass kotlin/KotlinNothingValueException 0 0 53 1 100 1 100 1 1 12 10 1 1 1 1 12 10 1 1 1 12 10 1 1 1 12 10 1 1 1 1 1 1 3 3 3 1 3 1 3 1 1 1 1 1 1 1 1 1 1 1 1 1 1 1
ciInstanceKlass kotlin/jvm/internal/Intrinsics 1 1 278 10 100 10 10 10 10 10 10 100 10 10 10 100 10 10 100 10 8 8 10 100 10 10 100 10 10 100 10 10 8 8 8 8 10 10 10 10 10 100 10 10 10 10 8 8 10 10 10 8 10 100 10 10 10 10 100 8 8 10 8 10 10 10 100 10 7 100 1 1 1 1 1 1 1 1 1 1 1 1 1 1 1 1 1 1 1 1 1 1 1 1 1 1 1 1 1 1 1 1 1 1 1 1 1 1 1 1 1 1 1 1 1 1 1 1 1 1 1 1 1 1 1 1 1 1 100 1 1 1 1 1 1 1 1 1 1 1 1 1 1 1 1 1 1 1 1 1 1 1 1 1 1 1 1 1 1 1 1 1 100 1 1 1 1 1 1 1 1 1 1 1 1 1 1 1 1 1 100 1 1 1 12 1 12 12 12 12 12 1 12 12 1 1 1 1 12 1 12 1 1 1 1 1 1 12 12 12 100 12 12 1 100 12 100 12 100 12 12 1 1 100 12 100 12 1 12 1 12 12 12 1 1 1 12 1 12 100 100 12 12 1 1 1 1 1 1 1 1 1 1 1 1 1 1 1 1 1 1 1 1 1 1 1 1 1 1 1 1 1 1 1 1 1 1 1 1 1
ciInstanceKlass kotlin/Function 1 0 26 1 100 1 1 100 1 1 3 3 3 1 3 1 3 1 1 1 1 1 1 1 1 1 1 1
ciInstanceKlass java/lang/invoke/DirectMethodHandle$Holder 1 1 642 1 100 1 100 1 1 1 1 1 1 1 7 1 1 12 10 1 12 10 1 7 1 7 1 1 12 10 1 1 12 10 1 1 12 10 1 1 1 1 12 10 1 1 12 10 1 1 12 10 1 1 12 10 1 1 12 10 1 1 12 10 1 1 12 10 1 1 12 10 1 1 12 10 1 1 12 10 12 10 1 1 12 10 12 10 1 1 12 10 1 1 12 10 1 1 12 10 1 1 12 10 1 1 12 10 1 1 12 10 1 1 12 10 1 1 12 10 1 1 12 10 1 1 12 10 1 1 12 10 1 1 12 10 1 1 12 10 1 1 12 10 1 1 12 10 1 1 12 10 1 1 12 10 1 1 12 10 1 1 12 10 1 1 12 10 1 1 12 10 1 1 12 10 1 1 12 10 1 1 12 10 1 1 12 10 1 1 12 10 1 1 12 10 1 1 12 10 1 1 12 10 1 1 12 10 1 1 12 10 1 1 12 10 1 1 12 10 1 1 12 10 1 1 12 10 1 1 12 10 1 1 12 10 1 1 12 10 1 1 12 10 1 1 12 10 12 10 1 1 12 10 1 1 12 10 12 10 12 10 1 1 12 10 12 10 1 1 12 10 1 1 12 10 12 10 12 10 12 10 1 1 12 10 1 1 12 10 1 1 12 10 12 10 1 1 12 10 12 10 1 1 12 10 1 1 12 10 12 10 12 10 12 10 12 10 1 1 12 10 1 1 12 10 1 1 12 10 1 1 12 10 1 1 12 10 1 1 12 10 1 1 12 10 1 1 12 10 1 1 12 10 1 1 12 10 1 1 12 10 1 1 12 10 1 1 12 10 1 1 12 10 1 1 12 10 1 1 12 10 1 1 12 10 1 1 12 10 1 1 12 10 1 1 12 10 1 1 12 10 1 1 12 10 1 1 12 10 1 1 12 10 1 1 12 10 1 1 12 10 12 10 12 10 12 10 1 1 12 10 12 10 12 10 1 12 10 1 1 12 10 1 1 12 10 1 1 12 10 12 10 12 10 12 10 12 10 1 1 12 10 1 12 10 12 10 1 1 12 10 1 12 10 1 12 10 1 12 10 12 10 1 1 1 12 10 1 12 10 1 100 1 1 12 9 1 100 1 12 10 1 12 10 1 1 1 12 10 1 12 10 1 1 12 10 1 12 10 1 1 1 12 10 1 12 10 1 1 12 10 1 12 10 1 1 12 10 1 12 10 1 1 12 10 1 12 10 1 1 12 10 1 12 10 1 1 12 10 1 12 10 1 12 10 1 12 10 1 1 12 10 1 12 10 1 1 12 10 1 12 10 1 1 1 12 10 1 12 10 1 1 1 1 12 10 1 12 10 1 1 1 12 10 1 12 10 1 1 1 1 1 12 10 1 12 10 1 1 1 12 10 1 12 10 1 1 1 12 10 1 12 10 1 1 12 10 1 12 10 1 1 1
ciInstanceKlass java/lang/Void 1 1 31 10 100 12 1 1 1 8 1 10 7 12 1 1 1 9 7 12 1 1 1 1 1 1 1 1 1 1 1 1 1
staticfield java/lang/Void TYPE Ljava/lang/Class; java/lang/Class
instanceKlass org/jetbrains/kotlin/commonizer/core/IllegalCommonizerStateException
ciInstanceKlass java/lang/IllegalStateException 0 0 35 10 100 12 1 1 1 10 12 1 10 12 1 10 12 1 100 1 1 1 1 5 0 1 1 1 1 1 1 1 1 1 1 1 1
ciInstanceKlass java/lang/UnsupportedOperationException 0 0 34 10 100 12 1 1 1 10 12 1 10 12 1 10 12 1 100 1 1 1 1 5 0 1 1 1 1 1 1 1 1 1 1 1
ciInstanceKlass java/util/LinkedHashMap 1 1 386 9 7 12 1 1 1 9 12 1 1 9 12 1 9 7 12 1 1 9 12 1 10 7 12 1 1 1 10 12 1 1 10 12 1 1 9 12 1 9 12 1 1 9 12 1 10 12 1 1 100 1 10 10 12 1 1 10 12 1 10 12 1 1 9 12 1 1 9 12 1 10 12 1 1 10 100 12 1 1 1 10 12 1 10 12 1 10 12 10 12 1 1 10 100 12 1 1 1 10 12 1 1 10 12 1 1 9 7 1 10 12 1 10 12 1 1 9 12 1 1 7 1 10 12 1 7 1 100 1 10 10 12 1 1 10 12 1 1 9 12 1 1 7 1 10 100 1 10 12 1 9 12 1 7 1 10 100 1 10 11 100 12 1 1 1 100 1 10 11 100 12 1 1 100 1 100 1 10 8 1 10 12 1 1 10 12 1 10 12 1 1 10 12 1 10 12 1 1 10 100 1 10 12 1 100 1 1 1 1 5 0 1 1 1 3 1 3 1 3 1 1 1 1 1 1 1 1 1 1 1 1 1 1 1 1 1 1 1 1 1 1 1 1 1 1 1 1 1 1 1 1 1 1 1 1 1 1 1 1 1 1 1 1 1 1 1 100 1 1 1 1 1 1 1 1 100 1 1 1 1 1 1 1 1 1 1 1 1 1 1 1 1 1 1 1 1 1 1 1 1 1 1 1 1 100 1 1 1 1 1 1 1 1 1 1 1 1 1 1 100 1 1 1 1 1 1 1 1 1 100 1 1 1 1 1 1 1 1 1 1 1 1 1 1 1 1 1 1 1 1 1 1 1 1 1 1 1 1 1 1 1 100 1 100 1 100 1 100 1 1 1 1 1 100 1 100 1 1 1 1 1 1 1 1 1
ciInstanceKlass java/util/Collections 1 1 933 10 7 12 1 1 1 11 7 12 1 1 1 7 1 11 12 1 1 7 1 10 12 1 1 10 12 1 11 12 1 1 100 1 11 12 1 1 11 12 1 1 10 12 1 11 100 12 1 1 11 12 1 1 11 12 1 10 12 1 10 12 1 10 12 11 100 12 1 1 1 10 12 1 1 11 12 1 11 12 1 1 9 12 1 1 100 1 10 10 12 1 1 10 12 1 11 100 12 1 1 1 11 12 1 1 10 12 1 11 12 1 100 1 8 1 10 12 1 11 100 12 1 1 1 11 100 1 11 12 1 1 10 12 1 1 10 12 1 10 12 1 1 10 12 1 11 12 1 1 10 12 1 1 10 12 1 1 10 12 1 1 11 12 1 1 100 1 10 12 1 11 100 1 100 1 10 12 1 11 7 1 7 1 10 12 1 11 100 1 100 1 10 12 1 11 100 1 100 1 10 12 1 11 100 1 100 1 10 12 1 11 7 1 11 7 1 10 12 10 11 7 1 7 1 10 12 1 11 100 1 100 1 10 11 100 1 100 1 10 12 1 11 100 1 100 1 10 12 1 100 1 10 10 12 1 7 1 10 10 12 1 100 1 10 100 1 10 100 1 10 100 1 10 10 12 1 10 100 1 10 100 1 10 100 1 10 100 1 10 12 1 10 100 12 1 1 1 100 1 100 1 10 12 1 100 1 10 12 1 100 1 10 12 1 100 1 10 12 1 100 1 10 12 1 100 1 10 100 1 10 12 1 100 1 10 12 1 100 1 10 12 1 9 7 12 1 1 1 9 100 12 1 1 9 7 12 1 1 1 9 12 1 1 9 12 1 1 9 12 1 1 9 12 1 1 9 12 1 1 7 1 10 12 7 1 10 100 1 10 7 1 10 7 1 10 12 1 100 1 100 1 10 8 1 10 12 1 1 10 12 1 10 12 1 1 10 100 1 10 12 1 9 100 12 1 1 1 9 100 12 1 1 1 100 1 9 12 1 1 10 12 100 1 10 100 1 10 11 100 12 1 1 11 12 1 10 12 1 11 11 12 1 11 11 12 1 8 1 7 1 10 11 100 1 10 12 1 100 1 10 100 12 1 1 1 100 1 10 12 1 7 1 10 7 1 10 7 1 10 1 1 1 3 1 3 1 3 1 3 1 3 1 3 1 3 1 3 1 1 1 1 1 1 1 1 1 1 1 1 1 1 1 1 1 1 1 1 1 1 1 1 1 1 1 1 1 1 1 1 1 1 1 1 1 1 1 1 1 1 1 1 1 1 1 1 1 1 1 1 1 1 1 1 1 1 1 1 1 1 1 1 1 1 1 1 1 1 1 1 1 1 1 1 1 1 1 1 1 1 1 1 1 1 1 1 1 1 1 1 1 1 1 1 1 1 1 1 1 1 1 1 1 1 1 1 1 1 1 1 1 1 1 1 1 1 1 1 1 1 1 1 1 1 1 1 1 1 1 1 1 1 1 1 1 1 1 1 1 1 1 1 1 1 1 1 1 1 1 1 1 1 1 1 1 1 1 1 1 1 1 1 1 1 1 1 1 1 1 1 1 1 1 1 1 1 1 1 1 1 1 1 1 1 1 1 1 1 1 1 1 1 1 1 1 1 1 1 1 1 1 1 1 1 1 1 1 1 1 1 1 1 1 1 1 1 1 1 1 1 1 1 1 1 1 1 1 1 1 1 1 1 1 1 1 1 1 1 1 1 1 1 1 1 1 1 1 1 1 1 1 1 1 1 1 1 1 1 1 1 1 1 1 1 1 1 1 1 1 1 1 1 1 1 1 1 1 1 1 1 1 1 1 1 1 1 1 1 1 1 1 1 1 1 1 1 1 1 1 1 1 1 1 1 1 1 1 1 1 1 1 1 1 1 1 1 1 1 1 1 1 1 1 1 1 1 1 1 1 1 100 1 100 1 100 1 100 1 100 1 100 1 100 1 100 1 100 1 100 1 100 1 100 1 100 1 1 1 1 1 1 1 1 1 1 1 1 1 1 1 1 1 1 1 1 1 1 1 1 1 1 1 1 1 1 1 1 1 1 1 1 1 1 1 1 1 1 100 1 1 1 1 1 1 1 1 1 1 1 1 1 1 1
staticfield java/util/Collections EMPTY_SET Ljava/util/Set; java/util/Collections$EmptySet
staticfield java/util/Collections EMPTY_LIST Ljava/util/List; java/util/Collections$EmptyList
staticfield java/util/Collections EMPTY_MAP Ljava/util/Map; java/util/Collections$EmptyMap
instanceKlass kotlin/metadata/InconsistentKotlinMetadataException
instanceKlass java/nio/file/InvalidPathException
instanceKlass java/lang/NumberFormatException
ciInstanceKlass java/lang/IllegalArgumentException 1 1 35 10 100 12 1 1 1 10 12 1 10 12 1 10 12 1 100 1 1 1 1 5 0 1 1 1 1 1 1 1 1 1 1 1 1
ciInstanceKlass java/lang/invoke/MethodHandleStatics 1 1 320 10 100 12 1 1 1 9 7 12 1 1 1 9 12 1 1 10 7 12 1 1 1 9 12 1 9 12 1 9 12 1 9 12 1 9 100 12 1 1 1 100 1 10 8 1 10 12 1 1 10 100 12 1 1 1 8 1 10 100 12 1 1 1 10 12 1 1 8 1 8 1 10 12 1 10 100 12 1 1 1 10 7 12 1 1 8 1 10 12 1 1 8 1 8 1 8 1 8 1 10 12 1 1 100 1 10 12 10 12 1 10 12 1 100 1 10 10 12 1 1 100 1 10 10 12 1 100 1 100 1 8 1 8 1 10 12 1 8 1 10 7 12 1 1 1 9 12 1 1 10 7 12 1 1 1 10 12 1 1 9 12 1 1 10 7 12 1 1 1 8 1 10 7 12 1 1 10 7 12 1 1 1 8 1 8 1 8 1 8 1 8 1 10 12 1 10 7 12 1 1 1 9 12 1 8 1 8 1 8 1 8 1 9 12 1 8 1 9 12 1 8 1 8 1 9 12 1 8 1 8 1 9 12 1 8 1 9 12 1 8 1 9 12 1 8 1 8 1 9 12 1 8 1 8 1 10 12 1 1 8 1 10 12 1 1 1 1 1 1 1 1 1 1 1 1 1 1 1 1 1 1 1 1 1 1 1 100 1 100 1 100 1 1 1 1 1 1 1 1 1 1 1 1 1 1 1 1 1 1 1 1 1 1 1 1 1 1 1 1
staticfield java/lang/invoke/MethodHandleStatics UNSAFE Ljdk/internal/misc/Unsafe; jdk/internal/misc/Unsafe
staticfield java/lang/invoke/MethodHandleStatics CLASSFILE_VERSION I 65
staticfield java/lang/invoke/MethodHandleStatics DEBUG_METHOD_HANDLE_NAMES Z 0
staticfield java/lang/invoke/MethodHandleStatics TRACE_INTERPRETER Z 0
staticfield java/lang/invoke/MethodHandleStatics TRACE_METHOD_LINKAGE Z 0
staticfield java/lang/invoke/MethodHandleStatics TRACE_RESOLVE Z 0
staticfield java/lang/invoke/MethodHandleStatics COMPILE_THRESHOLD I 0
staticfield java/lang/invoke/MethodHandleStatics LOG_LF_COMPILATION_FAILURE Z 0
staticfield java/lang/invoke/MethodHandleStatics DONT_INLINE_THRESHOLD I 30
staticfield java/lang/invoke/MethodHandleStatics PROFILE_LEVEL I 0
staticfield java/lang/invoke/MethodHandleStatics PROFILE_GWT Z 1
staticfield java/lang/invoke/MethodHandleStatics CUSTOMIZE_THRESHOLD I 127
staticfield java/lang/invoke/MethodHandleStatics VAR_HANDLE_GUARDS Z 1
staticfield java/lang/invoke/MethodHandleStatics MAX_ARITY I 255
staticfield java/lang/invoke/MethodHandleStatics VAR_HANDLE_IDENTITY_ADAPT Z 0
staticfield java/lang/invoke/MethodHandleStatics DUMP_CLASS_FILES Ljdk/internal/util/ClassFileDumper; jdk/internal/util/ClassFileDumper
instanceKlass org/jetbrains/kotlin/commonizer/core/CirTypeRendererForUnsafeNumberAnnotationKt
instanceKlass org/jetbrains/kotlin/commonizer/core/OptimisticNumbersTypeCommonizer$OptimisticCommonizationMarker
instanceKlass  @bci org/jetbrains/kotlin/commonizer/mergedtree/CirTypeDistanceKt generateUnderlyingTypeSequence (Lorg/jetbrains/kotlin/commonizer/cir/CirClassifier;)Lkotlin/sequences/Sequence; 26 <appendix> argL0 ; # org/jetbrains/kotlin/commonizer/mergedtree/CirTypeDistanceKt$$Lambda+0x0000000100246c10
instanceKlass  @bci kotlin/sequences/SequencesKt__SequencesKt generateSequence (Ljava/lang/Object;Lkotlin/jvm/functions/Function1;)Lkotlin/sequences/Sequence; 24 <appendix> member <vmtarget> ; # kotlin/sequences/SequencesKt__SequencesKt$$Lambda+0x00000001002469b8
instanceKlass  @bci org/jetbrains/kotlin/commonizer/core/ClassOrTypeAliasTypeCommonizer forwardSubstitute (Lorg/jetbrains/kotlin/commonizer/cir/CirTypeAliasType;Lorg/jetbrains/kotlin/commonizer/cir/CirEntityId;)Lorg/jetbrains/kotlin/commonizer/cir/CirClassOrTypeAliasType; 4 <appendix> argL0 ; # org/jetbrains/kotlin/commonizer/core/ClassOrTypeAliasTypeCommonizer$$Lambda+0x0000000100246768
instanceKlass org/jetbrains/kotlin/commonizer/core/TypeSubstitutionCandidate
instanceKlass org/jetbrains/kotlin/commonizer/mergedtree/CirTypeDistance$Companion
instanceKlass org/jetbrains/kotlin/commonizer/mergedtree/CirTypeDistance
instanceKlass org/jetbrains/kotlin/commonizer/mergedtree/CirTypeDistanceKt
instanceKlass org/jetbrains/kotlin/it/unimi/dsi/fastutil/objects/ObjectOpenHashSet$1
instanceKlass org/jetbrains/kotlin/commonizer/tree/AssembelCirTreeKt
instanceKlass kotlinx/metadata/klib/KlibSourceFile
instanceKlass  @bci kotlinx/metadata/klib/impl/KlibMetadataExtensions writeTypeParameterExtensions (Lkotlin/metadata/KmTypeParameter;Lkotlin/metadata/internal/metadata/ProtoBuf$TypeParameter$Builder;Lkotlin/metadata/internal/WriteContext;)V 39 <appendix> member <vmtarget> ; # kotlinx/metadata/klib/impl/KlibMetadataExtensions$$Lambda+0x0000000100245560
instanceKlass  @bci kotlinx/metadata/klib/impl/KlibMetadataExtensions writeEnumEntryExtensions (Lkotlin/metadata/KmEnumEntry;Lkotlin/metadata/internal/metadata/ProtoBuf$EnumEntry$Builder;Lkotlin/metadata/internal/WriteContext;)V 79 <appendix> member <vmtarget> ; # kotlinx/metadata/klib/impl/KlibMetadataExtensions$$Lambda+0x0000000100244b90
instanceKlass org/jetbrains/kotlin/commonizer/cir/CirStandardTypes
instanceKlass  @bci java/util/Map$Entry comparingByKey ()Ljava/util/Comparator; 0 <appendix> argL0 ; # java/util/Map$Entry$$Lambda+0x0000000100208658
instanceKlass  @bci java/lang/invoke/BootstrapMethodInvoker invoke (Ljava/lang/Class;Ljava/lang/invoke/MethodHandle;Ljava/lang/String;Ljava/lang/Object;Ljava/lang/Object;Ljava/lang/Class;)Ljava/lang/Object; 462 <adapter> ; # java/lang/invoke/LambdaForm$MH+0x0000000100240000
instanceKlass sun/util/cldr/CLDRBaseLocaleDataMetaInfo$TZCanonicalIDMapHolder
instanceKlass java/time/chrono/AbstractChronology
instanceKlass java/time/chrono/Chronology
instanceKlass java/time/LocalTime
instanceKlass java/time/temporal/ValueRange
instanceKlass java/time/Duration
instanceKlass java/time/temporal/TemporalAmount
instanceKlass java/time/temporal/TemporalUnit
instanceKlass java/time/temporal/TemporalField
instanceKlass java/time/LocalDate
instanceKlass java/time/chrono/ChronoLocalDate
instanceKlass java/time/zone/ZoneOffsetTransition
instanceKlass  @bci java/time/ZoneOffset ofTotalSeconds (I)Ljava/time/ZoneOffset; 37 <appendix> argL0 ; # java/time/ZoneOffset$$Lambda+0x0000000100203b58
instanceKlass java/time/LocalDateTime
instanceKlass java/time/chrono/ChronoLocalDateTime
instanceKlass java/time/temporal/TemporalAdjuster
instanceKlass java/time/temporal/Temporal
instanceKlass java/time/temporal/TemporalAccessor
instanceKlass java/time/zone/ZoneOffsetTransitionRule
instanceKlass java/time/zone/ZoneRules
instanceKlass java/time/zone/Ser
instanceKlass java/io/Externalizable
instanceKlass java/time/zone/ZoneRulesProvider$1
instanceKlass java/time/zone/ZoneRulesProvider
instanceKlass java/time/ZoneId
instanceKlass sun/util/resources/provider/NonBaseLocaleDataMetaInfo
instanceKlass  @bci sun/util/locale/provider/JRELocaleProviderAdapter createSupportedLocaleString (Ljava/lang/String;)Ljava/lang/String; 6 <appendix> member <vmtarget> ; # sun/util/locale/provider/JRELocaleProviderAdapter$$Lambda+0x00000001001e54e0
instanceKlass sun/util/locale/provider/BaseLocaleDataMetaInfo
instanceKlass  @bci sun/util/locale/provider/JRELocaleProviderAdapter getTimeZoneNameProvider ()Ljava/util/spi/TimeZoneNameProvider; 8 <appendix> member <vmtarget> ; # sun/util/locale/provider/JRELocaleProviderAdapter$$Lambda+0x00000001001e5000
instanceKlass  @bci sun/util/cldr/CLDRLocaleProviderAdapter getTimeZoneNameProvider ()Ljava/util/spi/TimeZoneNameProvider; 8 <appendix> member <vmtarget> ; # sun/util/cldr/CLDRLocaleProviderAdapter$$Lambda+0x00000001001e7790
instanceKlass sun/util/locale/provider/TimeZoneNameUtility$TimeZoneNameGetter
instanceKlass sun/util/locale/provider/LocaleServiceProviderPool$LocalizedObjectGetter
instanceKlass sun/util/locale/provider/LocaleServiceProviderPool
instanceKlass sun/util/locale/provider/TimeZoneNameUtility
instanceKlass sun/util/calendar/CalendarUtils
instanceKlass sun/util/calendar/CalendarDate
instanceKlass sun/util/calendar/ZoneInfoFile$ZoneOffsetTransitionRule
instanceKlass jdk/internal/util/ByteArray
instanceKlass sun/util/calendar/ZoneInfoFile$1
instanceKlass sun/util/calendar/ZoneInfoFile
instanceKlass java/util/TimeZone
instanceKlass sun/util/calendar/CalendarSystem$GregorianHolder
instanceKlass sun/util/calendar/CalendarSystem
instanceKlass java/util/Date
instanceKlass org/jetbrains/kotlin/library/impl/KlibManifestComponentWriterImpl$WhenMappings
instanceKlass org/jetbrains/kotlin/library/KotlinIrSignatureVersionKt$toManifestValue$$inlined$sortedBy$1
instanceKlass sun/util/resources/Bundles$2
instanceKlass sun/util/resources/Bundles$CacheKeyReference
instanceKlass  @bci java/util/ResourceBundle$ResourceBundleProviderHelper newResourceBundle (Ljava/lang/Class;)Ljava/util/ResourceBundle; 22 <appendix> member <vmtarget> ; # java/util/ResourceBundle$ResourceBundleProviderHelper$$Lambda+0x00000001001e8788
instanceKlass java/util/ResourceBundle$ResourceBundleProviderHelper
instanceKlass  @bci sun/util/cldr/CLDRLocaleProviderAdapter applyAliases (Ljava/util/Locale;)Ljava/util/Locale; 4 <appendix> argL0 ; # sun/util/cldr/CLDRLocaleProviderAdapter$$Lambda+0x00000001001ff8c8
instanceKlass sun/util/resources/LocaleData$LocaleDataResourceBundleProvider
instanceKlass java/util/spi/ResourceBundleProvider
instanceKlass sun/util/resources/Bundles$CacheKey
instanceKlass java/util/ResourceBundle$1
instanceKlass jdk/internal/access/JavaUtilResourceBundleAccess
instanceKlass sun/util/resources/Bundles
instanceKlass sun/util/resources/LocaleData$LocaleDataStrategy
instanceKlass sun/util/resources/Bundles$Strategy
instanceKlass sun/util/resources/LocaleData$1
instanceKlass java/util/ResourceBundle
instanceKlass java/util/ResourceBundle$Control
instanceKlass sun/util/resources/LocaleData
instanceKlass sun/util/locale/provider/LocaleResources
instanceKlass java/util/Locale$Builder
instanceKlass sun/util/locale/provider/CalendarDataUtility
instanceKlass sun/util/locale/provider/AvailableLanguageTags
instanceKlass  @bci sun/util/locale/provider/JRELocaleProviderAdapter getDecimalFormatSymbolsProvider ()Ljava/text/spi/DecimalFormatSymbolsProvider; 8 <appendix> member <vmtarget> ; # sun/util/locale/provider/JRELocaleProviderAdapter$$Lambda+0x00000001001fbb68
instanceKlass sun/util/resources/cldr/provider/CLDRLocaleDataMetaInfo
instanceKlass jdk/internal/jimage/decompressor/ZipDecompressor
instanceKlass jdk/internal/jimage/decompressor/ResourceDecompressor
instanceKlass jdk/internal/jimage/decompressor/ResourceDecompressorFactory
instanceKlass jdk/internal/jimage/decompressor/ResourceDecompressorRepository
instanceKlass jdk/internal/jimage/decompressor/CompressedResourceHeader
instanceKlass  @bci jdk/internal/jimage/BasicImageReader getResourceBuffer (Ljdk/internal/jimage/ImageLocation;)Ljava/nio/ByteBuffer; 168 <appendix> member <vmtarget> ; # jdk/internal/jimage/BasicImageReader$$Lambda+0x00000001001fa690
instanceKlass jdk/internal/jimage/decompressor/ResourceDecompressor$StringsProvider
instanceKlass java/util/AbstractMap$SimpleEntry
instanceKlass jdk/internal/jimage/ImageBufferCache$2
instanceKlass jdk/internal/jimage/ImageBufferCache
instanceKlass jdk/internal/module/ModulePatcher$PatchedModuleReader
instanceKlass java/util/concurrent/CopyOnWriteArrayList$COWIterator
instanceKlass  @bci sun/util/cldr/CLDRLocaleProviderAdapter <init> ()V 4 <appendix> argL0 ; # sun/util/cldr/CLDRLocaleProviderAdapter$$Lambda+0x00000001001f9228
instanceKlass sun/util/locale/LocaleObjectCache
instanceKlass sun/util/locale/BaseLocale$Key
instanceKlass sun/util/locale/InternalLocaleBuilder$CaseInsensitiveChar
instanceKlass sun/util/locale/InternalLocaleBuilder
instanceKlass sun/util/locale/StringTokenIterator
instanceKlass sun/util/locale/ParseStatus
instanceKlass sun/util/locale/LanguageTag
instanceKlass sun/util/cldr/CLDRBaseLocaleDataMetaInfo
instanceKlass sun/util/locale/provider/LocaleDataMetaInfo
instanceKlass sun/util/locale/provider/ResourceBundleBasedAdapter
instanceKlass sun/util/locale/provider/LocaleProviderAdapter
instanceKlass java/util/spi/LocaleServiceProvider
instanceKlass java/text/DecimalFormatSymbols
instanceKlass java/util/Formatter$Flags
instanceKlass java/util/Formatter$FormatSpecifier
instanceKlass java/util/Formatter$FormatString
instanceKlass java/util/Formatter$Conversion
instanceKlass  @bci java/util/regex/Pattern union (Ljava/util/regex/Pattern$CharPredicate;Ljava/util/regex/Pattern$CharPredicate;Z)Ljava/util/regex/Pattern$CharPredicate; 6 <appendix> member <vmtarget> ; # java/util/regex/Pattern$$Lambda+0x00000001001f4268
instanceKlass  @bci java/util/regex/Pattern Range (II)Ljava/util/regex/Pattern$CharPredicate; 23 <appendix> member <vmtarget> ; # java/util/regex/Pattern$$Lambda+0x00000001001f3fa8
instanceKlass java/util/regex/Pattern$BitClass
instanceKlass java/util/Formatter
instanceKlass kotlin/jvm/internal/StringCompanionObject
instanceKlass java/nio/file/Path$1
instanceKlass java/util/StringJoiner
instanceKlass com/jetbrains/internal/IoToNioErrorMessageHolder
instanceKlass java/nio/file/Files$3
instanceKlass java/nio/file/FileTreeWalker$Event
instanceKlass java/nio/file/FileTreeWalker$DirectoryNode
instanceKlass java/util/RegularEnumSet$EnumSetIterator
instanceKlass java/nio/file/FileTreeWalker
instanceKlass java/nio/file/SimpleFileVisitor
instanceKlass java/nio/file/FileVisitor
instanceKlass org/jetbrains/kotlin/library/impl/KlibResourcesComponentWriterImpl
instanceKlass java/util/concurrent/ConcurrentHashMap$MapEntry
instanceKlass java/util/Collections$SynchronizedCollection
instanceKlass java/util/Properties$EntrySet
instanceKlass org/jetbrains/kotlin/library/impl/KlibManifestComponentWriterImpl$Companion$WhenMappings
instanceKlass org/jetbrains/kotlin/library/impl/KlibManifestComponentWriterImpl$Companion
instanceKlass org/jetbrains/kotlin/library/impl/KlibManifestComponentWriterImpl
instanceKlass org/jetbrains/kotlin/library/impl/KlibMetadataComponentWriterImpl
instanceKlass org/jetbrains/kotlin/library/writer/KlibComponentWriter
instanceKlass org/jetbrains/kotlin/library/writer/KlibWriterUtilsKt
instanceKlass  @bci org/jetbrains/kotlin/commonizer/konan/NativeSensitiveManifestDataKt toSpaceSeparatedString (Ljava/util/List;)Ljava/lang/String; 13 <appendix> argL0 ; # org/jetbrains/kotlin/commonizer/konan/NativeSensitiveManifestDataKt$$Lambda+0x00000001001e1b70
instanceKlass org/jetbrains/kotlin/commonizer/konan/NativeSensitiveManifestDataKt
instanceKlass  @bci org/jetbrains/kotlin/commonizer/konan/ModuleSerializerKt writeLibrary$lambda$0$0 (Lorg/jetbrains/kotlin/commonizer/konan/NativeSensitiveManifestData;Lorg/jetbrains/kotlin/library/writer/KlibManifestWriterSpec;)Lkotlin/Unit; 41 <appendix> member <vmtarget> ; # org/jetbrains/kotlin/commonizer/konan/ModuleSerializerKt$$Lambda+0x00000001001e16e0
instanceKlass  @bci org/jetbrains/kotlin/commonizer/konan/ModuleSerializerKt writeLibrary$lambda$0 (Lorg/jetbrains/kotlin/library/SerializedMetadata;Lorg/jetbrains/kotlin/commonizer/konan/NativeSensitiveManifestData;Lorg/jetbrains/kotlin/library/writer/KlibWriterSpec;)Lkotlin/Unit; 8 <appendix> member <vmtarget> ; # org/jetbrains/kotlin/commonizer/konan/ModuleSerializerKt$$Lambda+0x00000001001e1488
instanceKlass org/jetbrains/kotlin/library/writer/KlibWriter$1
instanceKlass org/jetbrains/kotlin/library/writer/KlibManifestWriterSpec
instanceKlass  @bci org/jetbrains/kotlin/commonizer/konan/ModuleSerializerKt writeLibrary (Lorg/jetbrains/kotlin/library/SerializedMetadata;Lorg/jetbrains/kotlin/commonizer/konan/NativeSensitiveManifestData;Ljava/io/File;)V 6 <appendix> member <vmtarget> ; # org/jetbrains/kotlin/commonizer/konan/ModuleSerializerKt$$Lambda+0x00000001001e0d58
instanceKlass org/jetbrains/kotlin/library/writer/KlibWriterSpec
instanceKlass org/jetbrains/kotlin/library/writer/KlibWriter$Companion
instanceKlass org/jetbrains/kotlin/library/writer/KlibWriter
instanceKlass org/jetbrains/kotlin/commonizer/konan/ModuleSerializerKt
instanceKlass org/jetbrains/kotlin/commonizer/CommonizerOutputFileLayout
instanceKlass org/jetbrains/kotlin/commonizer/ResultsConsumer$ModuleResult
instanceKlass org/jetbrains/kotlin/commonizer/konan/CommonNativeManifestDataProvider
instanceKlass kotlinx/metadata/klib/KlibModuleMetadata$SerializedKlibMetadata
instanceKlass kotlin/metadata/internal/protobuf/SmallSortedMap$EntryIterator
instanceKlass kotlin/metadata/internal/protobuf/GeneratedMessageLite$ExtendableMessage$ExtensionWriter
instanceKlass kotlinx/metadata/klib/impl/KlibWriteUtilsKt
instanceKlass  @bci kotlinx/metadata/klib/impl/KlibMetadataExtensions writePropertyExtensions (Lkotlin/metadata/KmProperty;Lkotlin/metadata/internal/metadata/ProtoBuf$Property$Builder;Lkotlin/metadata/internal/WriteContext;)V 187 <appendix> member <vmtarget> ; # kotlinx/metadata/klib/impl/KlibMetadataExtensions$$Lambda+0x00000001001de9c0
instanceKlass  @bci kotlinx/metadata/klib/impl/KlibMetadataExtensions writePropertyExtensions (Lkotlin/metadata/KmProperty;Lkotlin/metadata/internal/metadata/ProtoBuf$Property$Builder;Lkotlin/metadata/internal/WriteContext;)V 161 <appendix> member <vmtarget> ; # kotlinx/metadata/klib/impl/KlibMetadataExtensions$$Lambda+0x00000001001de4e8
instanceKlass  @bci kotlinx/metadata/klib/impl/KlibMetadataExtensions writePropertyExtensions (Lkotlin/metadata/KmProperty;Lkotlin/metadata/internal/metadata/ProtoBuf$Property$Builder;Lkotlin/metadata/internal/WriteContext;)V 135 <appendix> member <vmtarget> ; # kotlinx/metadata/klib/impl/KlibMetadataExtensions$$Lambda+0x00000001001de010
instanceKlass  @bci kotlinx/metadata/klib/impl/KlibMetadataExtensions writePropertyExtensions (Lkotlin/metadata/KmProperty;Lkotlin/metadata/internal/metadata/ProtoBuf$Property$Builder;Lkotlin/metadata/internal/WriteContext;)V 109 <appendix> member <vmtarget> ; # kotlinx/metadata/klib/impl/KlibMetadataExtensions$$Lambda+0x00000001001ddb38
instanceKlass  @bci kotlinx/metadata/klib/impl/KlibMetadataExtensions writePropertyExtensions (Lkotlin/metadata/KmProperty;Lkotlin/metadata/internal/metadata/ProtoBuf$Property$Builder;Lkotlin/metadata/internal/WriteContext;)V 68 <appendix> member <vmtarget> ; # kotlinx/metadata/klib/impl/KlibMetadataExtensions$$Lambda+0x00000001001dd660
instanceKlass  @bci kotlinx/metadata/klib/impl/KlibMetadataExtensions writePropertyExtensions (Lkotlin/metadata/KmProperty;Lkotlin/metadata/internal/metadata/ProtoBuf$Property$Builder;Lkotlin/metadata/internal/WriteContext;)V 39 <appendix> member <vmtarget> ; # kotlinx/metadata/klib/impl/KlibMetadataExtensions$$Lambda+0x00000001001dd188
instanceKlass kotlin/metadata/internal/metadata/serialization/Interner$special$$inlined$sortedBy$1
instanceKlass  @bci kotlinx/metadata/klib/impl/KlibMetadataExtensions writeValueParameterExtensions (Lkotlin/metadata/KmValueParameter;Lkotlin/metadata/internal/metadata/ProtoBuf$ValueParameter$Builder;Lkotlin/metadata/internal/WriteContext;)V 39 <appendix> member <vmtarget> ; # kotlinx/metadata/klib/impl/KlibMetadataExtensions$$Lambda+0x00000001001dbb28
instanceKlass  @bci kotlinx/metadata/klib/impl/KlibMetadataExtensions writeFunctionExtensions (Lkotlin/metadata/KmFunction;Lkotlin/metadata/internal/metadata/ProtoBuf$Function$Builder;Lkotlin/metadata/internal/WriteContext;)V 65 <appendix> member <vmtarget> ; # kotlinx/metadata/klib/impl/KlibMetadataExtensions$$Lambda+0x00000001001db158
instanceKlass  @bci kotlinx/metadata/klib/impl/KlibMetadataExtensions writeFunctionExtensions (Lkotlin/metadata/KmFunction;Lkotlin/metadata/internal/metadata/ProtoBuf$Function$Builder;Lkotlin/metadata/internal/WriteContext;)V 39 <appendix> member <vmtarget> ; # kotlinx/metadata/klib/impl/KlibMetadataExtensions$$Lambda+0x00000001001da800
instanceKlass  @bci kotlinx/metadata/klib/impl/KlibMetadataExtensions writeConstructorExtensions (Lkotlin/metadata/KmConstructor;Lkotlin/metadata/internal/metadata/ProtoBuf$Constructor$Builder;Lkotlin/metadata/internal/WriteContext;)V 39 <appendix> member <vmtarget> ; # kotlinx/metadata/klib/impl/KlibMetadataExtensions$$Lambda+0x00000001001d9918
instanceKlass  @bci kotlinx/metadata/klib/impl/KlibMetadataExtensions writeClassExtensions (Lkotlin/metadata/KmClass;Lkotlin/metadata/internal/metadata/ProtoBuf$Class$Builder;Lkotlin/metadata/internal/WriteContext;)V 39 <appendix> member <vmtarget> ; # kotlinx/metadata/klib/impl/KlibMetadataExtensions$$Lambda+0x00000001001d8f60
instanceKlass kotlin/metadata/internal/ClassWriter
instanceKlass  @bci kotlinx/metadata/klib/impl/KlibMetadataExtensions writeTypeExtensions (Lkotlin/metadata/KmType;Lkotlin/metadata/internal/metadata/ProtoBuf$Type$Builder;Lkotlin/metadata/internal/WriteContext;)V 39 <appendix> member <vmtarget> ; # kotlinx/metadata/klib/impl/KlibMetadataExtensions$$Lambda+0x00000001001d7c18
instanceKlass kotlin/jvm/internal/AdaptedFunctionReference
instanceKlass kotlin/metadata/internal/serialization/SerializableStringTable$FqNameProto
instanceKlass kotlin/metadata/internal/name/Name
instanceKlass kotlin/metadata/internal/name/FqNameUnsafe$Companion
instanceKlass kotlin/metadata/internal/name/FqNameUnsafe
instanceKlass kotlin/metadata/internal/name/FqName$Companion
instanceKlass kotlin/metadata/internal/name/FqName
instanceKlass kotlin/metadata/internal/name/ClassId$Companion
instanceKlass kotlin/metadata/internal/name/ClassId
instanceKlass kotlin/metadata/internal/WriteUtilsKt
instanceKlass kotlin/metadata/internal/WritersKt
instanceKlass kotlin/metadata/internal/PackageWriter
instanceKlass kotlin/metadata/internal/ModuleFragmentWriter
instanceKlass kotlin/metadata/internal/metadata/serialization/MutableTable
instanceKlass kotlin/metadata/internal/metadata/serialization/Interner
instanceKlass kotlin/metadata/internal/serialization/SerializableStringTable
instanceKlass kotlin/metadata/internal/serialization/DescriptorAwareStringTable
instanceKlass kotlin/metadata/internal/metadata/serialization/StringTable
instanceKlass kotlin/metadata/internal/WriteContext
instanceKlass kotlinx/metadata/klib/impl/KlibMetadataVersionWriteExtension
instanceKlass kotlin/metadata/internal/WriteContextExtension
instanceKlass kotlin/sequences/EmptySequence
instanceKlass kotlin/sequences/DropTakeSequence
instanceKlass kotlin/collections/SlidingWindowKt$windowedSequence$$inlined$Sequence$1
instanceKlass kotlin/collections/SlidingWindowKt
instanceKlass  @bci kotlinx/metadata/klib/ChunkedKlibModuleFragmentWriteStrategy processPackageParts (Ljava/util/List;)Ljava/util/List; 343 <appendix> argL0 ; # kotlinx/metadata/klib/ChunkedKlibModuleFragmentWriteStrategy$$Lambda+0x00000001001d1450
instanceKlass kotlin/sequences/TransformingSequence$iterator$1
instanceKlass kotlin/jvm/internal/ArrayIterator
instanceKlass kotlin/jvm/internal/ArrayIteratorKt
instanceKlass  @bci kotlin/sequences/SequencesKt__SequencesKt flatten$SequencesKt__SequencesKt (Lkotlin/sequences/Sequence;Lkotlin/jvm/functions/Function1;)Lkotlin/sequences/Sequence; 21 <appendix> argL0 ; # kotlin/sequences/SequencesKt__SequencesKt$$Lambda+0x00000001001d0ad8
instanceKlass  @bci kotlin/sequences/SequencesKt__SequencesKt flatten (Lkotlin/sequences/Sequence;)Lkotlin/sequences/Sequence; 7 <appendix> argL0 ; # kotlin/sequences/SequencesKt__SequencesKt$$Lambda+0x00000001001d0888
instanceKlass kotlin/collections/ArraysKt___ArraysKt$asSequence$$inlined$Sequence$1
instanceKlass kotlinx/metadata/klib/ClassifierBucket$TypeAlias$Companion
instanceKlass kotlinx/metadata/klib/ClassifierBucket$TypeAlias
instanceKlass kotlin/sequences/TransformingSequence
instanceKlass  @bci kotlinx/metadata/klib/ClassifierBucket$Classes$Companion createBuckets (Ljava/util/List;)Lkotlin/sequences/Sequence; 132 <appendix> member <vmtarget> ; # kotlinx/metadata/klib/ClassifierBucket$Classes$Companion$$Lambda+0x00000001001c9918
instanceKlass  @bci kotlinx/metadata/klib/ClassifierBucket$Classes$Companion createBuckets (Ljava/util/List;)Lkotlin/sequences/Sequence; 127 <appendix> argL0 ; # kotlinx/metadata/klib/ClassifierBucket$Classes$Companion$$Lambda+0x00000001001c96c8
instanceKlass kotlin/metadata/ClassNameKt
instanceKlass kotlinx/metadata/klib/ClassifierBucket$Classes$Companion
instanceKlass kotlinx/metadata/klib/ClassifierBucket$Classes
instanceKlass kotlin/sequences/FlatteningSequence$iterator$1
instanceKlass kotlin/sequences/FlatteningSequence
instanceKlass kotlinx/metadata/klib/ClassifierBucket$Companion
instanceKlass kotlinx/metadata/klib/ClassifierBucket
instanceKlass kotlin/collections/CollectionsKt___CollectionsKt$asSequence$$inlined$Sequence$1
instanceKlass kotlinx/metadata/klib/KlibModuleMetadataKt
instanceKlass kotlinx/metadata/klib/ChunkedKlibModuleFragmentWriteStrategy
instanceKlass kotlinx/metadata/klib/KlibModuleFragmentWriteStrategy
instanceKlass org/jetbrains/kotlin/commonizer/metadata/CirSerializersKt$WhenMappings
instanceKlass org/jetbrains/kotlin/commonizer/metadata/FlagsKt$WhenMappings
instanceKlass org/jetbrains/kotlin/commonizer/metadata/FlagsKt
instanceKlass org/jetbrains/kotlin/commonizer/metadata/CirSerializersKt
instanceKlass org/jetbrains/kotlin/commonizer/metadata/CirTreeSerializationContext$Path
instanceKlass org/jetbrains/kotlin/commonizer/metadata/CirTreeSerializationContext$Companion
instanceKlass org/jetbrains/kotlin/commonizer/metadata/CirTreeSerializationContext
instanceKlass org/jetbrains/kotlin/commonizer/metadata/ClassConsumer
instanceKlass org/jetbrains/kotlin/commonizer/metadata/CirTreeSerializationVisitor$Companion
instanceKlass org/jetbrains/kotlin/commonizer/metadata/CirTreeSerializationVisitor
instanceKlass  @bci org/jetbrains/kotlin/commonizer/FacadeKt serializeTarget (Lorg/jetbrains/kotlin/commonizer/CommonizerParameters;Lorg/jetbrains/kotlin/commonizer/mergedtree/CirRootNode;Lorg/jetbrains/kotlin/commonizer/SharedCommonizerTarget;)V 191 <appendix> member <vmtarget> ; # org/jetbrains/kotlin/commonizer/FacadeKt$$Lambda+0x00000001001cd8d0
instanceKlass org/jetbrains/kotlin/commonizer/mergedtree/CirNode$Companion
instanceKlass org/jetbrains/kotlin/commonizer/metadata/CirTreeSerializer
instanceKlass kotlin/collections/builders/MapBuilder$EntryRef
instanceKlass kotlin/jvm/internal/markers/KMutableMap$Entry
instanceKlass kotlin/jvm/internal/markers/KMutableSet
instanceKlass  @bci org/jetbrains/kotlin/commonizer/core/TypeParameterUpperBoundsCommonizer <init> (Lorg/jetbrains/kotlin/commonizer/core/TypeCommonizer;)V 8 <appendix> member <vmtarget> ; # org/jetbrains/kotlin/commonizer/core/TypeParameterUpperBoundsCommonizer$$Lambda+0x00000001001c7b28
instanceKlass org/jetbrains/kotlin/commonizer/core/TypeParameterTypeCommonizer
instanceKlass org/jetbrains/kotlin/storage/LockBasedStorageManager$RecursionDetectedResult
instanceKlass org/jetbrains/kotlin/commonizer/core/FunctionModifiersCommonizer$MutableModifiers
instanceKlass org/jetbrains/kotlin/commonizer/core/DeprecationAnnotationCommonizer
instanceKlass org/jetbrains/kotlin/commonizer/core/UnsafeNumberAnnotation
instanceKlass org/jetbrains/kotlin/commonizer/core/FunctionCommonizer
instanceKlass org/jetbrains/kotlin/commonizer/core/CallableValueParametersCommonizer$Result
instanceKlass  @bci org/jetbrains/kotlin/commonizer/core/CallableValueParametersCommonizer$CallableToPatch$Companion doNothing ()Lkotlin/jvm/functions/Function0; 0 <appendix> argL0 ; # org/jetbrains/kotlin/commonizer/core/CallableValueParametersCommonizer$CallableToPatch$Companion$$Lambda+0x00000001001c5ec8
instanceKlass  @bci org/jetbrains/kotlin/commonizer/core/ValueParameterListCommonizer overwriteNames (Ljava/util/List;)V 8 <appendix> member <vmtarget> ; # org/jetbrains/kotlin/commonizer/core/ValueParameterListCommonizer$$Lambda+0x00000001001c5c70
instanceKlass  @cpi org/jetbrains/kotlin/commonizer/core/ValueParameterListCommonizer 54 form vmentry <vmtarget> ; # java/lang/invoke/LambdaForm$DMH+0x00000001001c8000
instanceKlass kotlin/collections/builders/MapBuilder$Itr
instanceKlass  @bci org/jetbrains/kotlin/commonizer/core/CallableValueParametersCommonizer$CallableToPatch <init> (Lorg/jetbrains/kotlin/commonizer/cir/CirCallableMemberWithParameters;Lorg/jetbrains/kotlin/commonizer/core/CallableValueParametersCommonizer$ValueParameterNames;)V 68 <appendix> member <vmtarget> ; # org/jetbrains/kotlin/commonizer/core/CallableValueParametersCommonizer$CallableToPatch$$Lambda+0x00000001001c5550
instanceKlass org/jetbrains/kotlin/commonizer/core/CallableValueParametersCommonizer$CallableToPatch$Companion
instanceKlass org/jetbrains/kotlin/commonizer/core/CallableValueParametersCommonizer$CallableToPatch
instanceKlass org/jetbrains/kotlin/commonizer/core/CallableValueParametersCommonizer$ValueParameterNames$Companion
instanceKlass org/jetbrains/kotlin/commonizer/core/CallableValueParametersCommonizer$ValueParameterNames
instanceKlass  @bci org/jetbrains/kotlin/commonizer/core/ValueParameterListCommonizer <init> (Lorg/jetbrains/kotlin/commonizer/core/TypeCommonizer;)V 8 <appendix> member <vmtarget> ; # org/jetbrains/kotlin/commonizer/core/ValueParameterListCommonizer$$Lambda+0x00000001001c4598
instanceKlass  @bci org/jetbrains/kotlin/commonizer/core/CallableValueParametersCommonizer <clinit> ()V 27 <appendix> member <vmtarget> ; # org/jetbrains/kotlin/commonizer/core/CallableValueParametersCommonizer$$Lambda+0x00000001001c4088
instanceKlass  @bci org/jetbrains/kotlin/commonizer/core/CallableValueParametersCommonizer <clinit> ()V 22 <appendix> argL0 ; # org/jetbrains/kotlin/commonizer/core/CallableValueParametersCommonizer$$Lambda+0x00000001001c3e38
instanceKlass org/jetbrains/kotlin/commonizer/core/CallableValueParametersCommonizer$Companion
instanceKlass org/jetbrains/kotlin/commonizer/core/CallableValueParametersCommonizer
instanceKlass org/jetbrains/kotlin/commonizer/core/ClassConstructorCommonizer$Companion$CONTAINING_CLASS_DOES_NOT_MATTER$1
instanceKlass org/jetbrains/kotlin/commonizer/core/ClassConstructorCommonizer$Companion
instanceKlass org/jetbrains/kotlin/commonizer/core/SupertypesGroup
instanceKlass org/jetbrains/kotlin/tooling/core/ClosureKt
instanceKlass kotlin/KotlinVersionCurrentValue
instanceKlass kotlin/KotlinVersion$Companion
instanceKlass kotlin/KotlinVersion
instanceKlass org/jetbrains/kotlin/commonizer/core/SupertypesTree
instanceKlass  @bci org/jetbrains/kotlin/commonizer/core/TypeNode <init> (Lorg/jetbrains/kotlin/commonizer/mergedtree/CirClassifierIndex;Lorg/jetbrains/kotlin/commonizer/cir/CirClassType;Ljava/util/List;Z)V 45 <appendix> member <vmtarget> ; # org/jetbrains/kotlin/commonizer/core/TypeNode$$Lambda+0x00000001001c22a0
instanceKlass org/jetbrains/kotlin/commonizer/core/TypeNode
instanceKlass org/jetbrains/kotlin/commonizer/core/ClassSuperTypeCommonizerKt
instanceKlass org/jetbrains/kotlin/commonizer/core/TypeArgumentCommonizer
instanceKlass org/jetbrains/kotlin/commonizer/core/FunctionOrPropertyBaseCommonizer$FunctionOrProperty
instanceKlass org/jetbrains/kotlin/commonizer/core/ExtensionReceiverCommonizer$Commonized$Companion
instanceKlass org/jetbrains/kotlin/commonizer/core/ExtensionReceiverCommonizer$Commonized
instanceKlass org/jetbrains/kotlin/commonizer/core/OptimisticNumbersTypeCommonizerKt
instanceKlass org/jetbrains/kotlin/commonizer/core/SubstitutableNumbers
instanceKlass org/jetbrains/kotlin/commonizer/core/OptimisticNumbersTypeCommonizer
instanceKlass org/jetbrains/kotlin/commonizer/core/CirTypeVisitorKt
instanceKlass org/jetbrains/kotlin/commonizer/core/BasicCirTypeVisitor
instanceKlass org/jetbrains/kotlin/commonizer/core/CirTypeVisitor
instanceKlass kotlin/jvm/internal/Ref$BooleanRef
instanceKlass org/jetbrains/kotlin/commonizer/core/UnsafeNumberAnnotationUtilsKt
instanceKlass kotlin/collections/builders/MapBuilder$Companion
instanceKlass kotlin/collections/builders/MapBuilder
instanceKlass kotlin/jvm/internal/markers/KMutableMap
instanceKlass org/jetbrains/kotlin/descriptors/Visibilities
instanceKlass org/jetbrains/kotlin/commonizer/core/NullableSingleInvocationCommonizerKt$asCommonizer$1
instanceKlass org/jetbrains/kotlin/commonizer/core/NullableSingleInvocationCommonizerKt
instanceKlass org/jetbrains/kotlin/commonizer/core/TypeDistanceMeasurement$ForwardOnly
instanceKlass org/jetbrains/kotlin/commonizer/core/TypeAliasCommonizer
instanceKlass org/jetbrains/kotlin/utils/WrappedValues$ThrowableWrapper
instanceKlass org/jetbrains/kotlin/utils/WrappedValues$1
instanceKlass org/jetbrains/kotlin/utils/WrappedValues
instanceKlass org/jetbrains/kotlin/commonizer/core/AnnotationsCommonizer
instanceKlass org/jetbrains/kotlin/commonizer/core/VisibilityCommonizer$Companion
instanceKlass org/jetbrains/kotlin/commonizer/core/VisibilityCommonizer
instanceKlass org/jetbrains/kotlin/commonizer/core/ModalityCommonizer
instanceKlass  @bci org/jetbrains/kotlin/commonizer/core/TypeParameterListCommonizer <init> (Lorg/jetbrains/kotlin/commonizer/core/TypeCommonizer;)V 8 <appendix> member <vmtarget> ; # org/jetbrains/kotlin/commonizer/core/TypeParameterListCommonizer$$Lambda+0x00000001001bc520
instanceKlass org/jetbrains/kotlin/commonizer/core/SingleInvocationCommonizerKt$asCommonizer$1
instanceKlass org/jetbrains/kotlin/commonizer/core/SingleInvocationCommonizerKt
instanceKlass org/jetbrains/kotlin/commonizer/core/ClassSuperTypeCommonizer
instanceKlass org/jetbrains/kotlin/commonizer/core/SingleInvocationCommonizer
instanceKlass  @bci org/jetbrains/kotlin/commonizer/core/TypeArgumentListCommonizer <init> (Lorg/jetbrains/kotlin/commonizer/core/TypeCommonizer;)V 8 <appendix> member <vmtarget> ; # org/jetbrains/kotlin/commonizer/core/TypeArgumentListCommonizer$$Lambda+0x00000001001bb290
instanceKlass org/jetbrains/kotlin/commonizer/core/AbstractListCommonizer
instanceKlass org/jetbrains/kotlin/commonizer/core/CovariantTypeNullabilityCommonizer
instanceKlass org/jetbrains/kotlin/commonizer/core/PropertyCommonizer$ConstCommonizationState
instanceKlass org/jetbrains/kotlin/commonizer/core/NullableContextualSingleInvocationCommonizerKt$asCommonizer$1
instanceKlass org/jetbrains/kotlin/commonizer/core/NullableContextualSingleInvocationCommonizerKt
instanceKlass org/jetbrains/kotlin/commonizer/core/NullableAssociativeCommonizerAdapter
instanceKlass org/jetbrains/kotlin/commonizer/core/AssociativeCommonizerKt
instanceKlass org/jetbrains/kotlin/commonizer/core/PropertySetterCommonizer
instanceKlass org/jetbrains/kotlin/commonizer/core/ReturnTypeCommonizer
instanceKlass org/jetbrains/kotlin/commonizer/core/ExtensionReceiverCommonizer
instanceKlass org/jetbrains/kotlin/commonizer/core/FlexibleTypeAssociativeCommonizer
instanceKlass org/jetbrains/kotlin/commonizer/core/TypeDistanceMeasurement$Full
instanceKlass org/jetbrains/kotlin/commonizer/core/TypeDistanceMeasurement$Companion
instanceKlass org/jetbrains/kotlin/commonizer/core/TypeDistanceMeasurement
instanceKlass org/jetbrains/kotlin/commonizer/core/PlatformIntegerCommonizer
instanceKlass org/jetbrains/kotlin/commonizer/core/EqualTypeNullabilityCommonizer
instanceKlass org/jetbrains/kotlin/commonizer/core/TypeNullabilityCommonizer
instanceKlass org/jetbrains/kotlin/commonizer/core/AssociativeCommonizer
instanceKlass org/jetbrains/kotlin/commonizer/core/TypeNullabilityCommonizerKt
instanceKlass org/jetbrains/kotlin/commonizer/core/ClassOrTypeAliasTypeCommonizer
instanceKlass org/jetbrains/kotlin/commonizer/core/TypeCommonizer$Context$Companion
instanceKlass org/jetbrains/kotlin/commonizer/core/TypeCommonizer$Context
instanceKlass org/jetbrains/kotlin/commonizer/core/TypeCommonizer
instanceKlass org/jetbrains/kotlin/commonizer/core/NullableSingleInvocationCommonizer
instanceKlass org/jetbrains/kotlin/commonizer/core/FunctionOrPropertyBaseCommonizer
instanceKlass org/jetbrains/kotlin/commonizer/core/NullableContextualSingleInvocationCommonizer
instanceKlass org/jetbrains/kotlin/commonizer/core/AbstractStandardCommonizer$WhenMappings
instanceKlass org/jetbrains/kotlin/commonizer/core/CommonizerKt
instanceKlass org/jetbrains/kotlin/commonizer/core/CommonizationVisitor
instanceKlass org/jetbrains/kotlin/commonizer/mergedtree/CirNodeVisitor
instanceKlass org/jetbrains/kotlin/commonizer/mergedtree/ArgumentsSignatureBuildingContext$SkipArguments
instanceKlass org/jetbrains/kotlin/it/unimi/dsi/fastutil/objects/ObjectOpenHashSet$SetIterator
instanceKlass org/jetbrains/kotlin/commonizer/mergedtree/AssociatedClassifierIds
instanceKlass kotlin/collections/ArrayDeque$Companion
instanceKlass org/jetbrains/kotlin/commonizer/mergedtree/ClassifierSignatureBuildingContext$TypeAliasInvariant
instanceKlass org/jetbrains/kotlin/commonizer/transformer/ReApproximationCirNodeTransformer$SignatureBuildingContextProvider
instanceKlass org/jetbrains/kotlin/commonizer/transformer/ReApproximationCirNodeTransformer
instanceKlass org/jetbrains/kotlin/commonizer/cir/CirConversionsKt
instanceKlass org/jetbrains/kotlin/commonizer/mergedtree/CirClassifierIndexImpl
instanceKlass org/jetbrains/kotlin/commonizer/mergedtree/CirClassifierIndex
instanceKlass org/jetbrains/kotlin/commonizer/mergedtree/CirClassifierIndexBuilder$Companion
instanceKlass org/jetbrains/kotlin/commonizer/mergedtree/CirClassifierIndexBuilder
instanceKlass org/jetbrains/kotlin/commonizer/cir/SimpleCirSupertypesResolver
instanceKlass org/jetbrains/kotlin/commonizer/cir/CirSupertypesResolver
instanceKlass org/jetbrains/kotlin/commonizer/transformer/ArtificialAliasedCirClass
instanceKlass org/jetbrains/kotlin/commonizer/mergedtree/CirNodeRelationship$Composite$Companion
instanceKlass org/jetbrains/kotlin/commonizer/transformer/InlineTypeAliasCirNodeTransformerKt
instanceKlass org/jetbrains/kotlin/commonizer/transformer/InlineTypeAliasCirNodeTransformer
instanceKlass org/jetbrains/kotlin/commonizer/transformer/CirNodeTransformer
instanceKlass org/jetbrains/kotlin/it/unimi/dsi/fastutil/ints/IntSpliterator
instanceKlass org/jetbrains/kotlin/it/unimi/dsi/fastutil/ints/IntIterator
instanceKlass java/util/PrimitiveIterator$OfInt
instanceKlass java/util/PrimitiveIterator
instanceKlass org/jetbrains/kotlin/commonizer/mergedtree/TypeParameterTypeSignatureBuildingContext
instanceKlass org/jetbrains/kotlin/commonizer/mergedtree/CirClassConstructorNode
instanceKlass  @bci org/jetbrains/kotlin/commonizer/mergedtree/NodeBuildersKt buildClassConstructorNode (Lorg/jetbrains/kotlin/storage/StorageManager;ILorg/jetbrains/kotlin/commonizer/mergedtree/CirKnownClassifiers;Lorg/jetbrains/kotlin/commonizer/CommonizerSettings;Lorg/jetbrains/kotlin/commonizer/mergedtree/CirNodeRelationship;)Lorg/jetbrains/kotlin/commonizer/mergedtree/CirClassConstructorNode; 24 <appendix> member <vmtarget> ; # org/jetbrains/kotlin/commonizer/mergedtree/NodeBuildersKt$$Lambda+0x00000001001aeac8
instanceKlass org/jetbrains/kotlin/commonizer/mergedtree/ConstructorApproximationKey$Companion
instanceKlass org/jetbrains/kotlin/commonizer/mergedtree/ConstructorApproximationKey
instanceKlass  @bci org/jetbrains/kotlin/commonizer/mergedtree/NodeBuildersKt buildClassNode (Lorg/jetbrains/kotlin/storage/StorageManager;ILorg/jetbrains/kotlin/commonizer/mergedtree/CirKnownClassifiers;Lorg/jetbrains/kotlin/commonizer/CommonizerSettings;Lorg/jetbrains/kotlin/commonizer/mergedtree/CirNodeRelationship;Lorg/jetbrains/kotlin/commonizer/cir/CirEntityId;)Lorg/jetbrains/kotlin/commonizer/mergedtree/CirClassNode; 45 <appendix> member <vmtarget> ; # org/jetbrains/kotlin/commonizer/mergedtree/NodeBuildersKt$$Lambda+0x00000001001ae1b8
instanceKlass org/jetbrains/kotlin/commonizer/mergedtree/CirClassNode
instanceKlass org/jetbrains/kotlin/commonizer/cir/CirClassRecursionMarker
instanceKlass  @bci org/jetbrains/kotlin/commonizer/mergedtree/NodeBuildersKt buildClassNode (Lorg/jetbrains/kotlin/storage/StorageManager;ILorg/jetbrains/kotlin/commonizer/mergedtree/CirKnownClassifiers;Lorg/jetbrains/kotlin/commonizer/CommonizerSettings;Lorg/jetbrains/kotlin/commonizer/mergedtree/CirNodeRelationship;Lorg/jetbrains/kotlin/commonizer/cir/CirEntityId;)Lorg/jetbrains/kotlin/commonizer/mergedtree/CirClassNode; 31 <appendix> member <vmtarget> ; # org/jetbrains/kotlin/commonizer/mergedtree/NodeBuildersKt$$Lambda+0x00000001001ad950
instanceKlass  @bci org/jetbrains/kotlin/commonizer/mergedtree/NodeBuildersKt buildTypeAliasNode (Lorg/jetbrains/kotlin/storage/StorageManager;ILorg/jetbrains/kotlin/commonizer/mergedtree/CirKnownClassifiers;Lorg/jetbrains/kotlin/commonizer/CommonizerSettings;Lorg/jetbrains/kotlin/commonizer/cir/CirEntityId;)Lorg/jetbrains/kotlin/commonizer/mergedtree/CirTypeAliasNode; 44 <appendix> member <vmtarget> ; # org/jetbrains/kotlin/commonizer/mergedtree/NodeBuildersKt$$Lambda+0x00000001001ad448
instanceKlass org/jetbrains/kotlin/commonizer/mergedtree/CirTypeAliasNode
instanceKlass org/jetbrains/kotlin/commonizer/mergedtree/CirClassifierNode
instanceKlass org/jetbrains/kotlin/commonizer/cir/CirTypeAliasRecursionMarker
instanceKlass org/jetbrains/kotlin/commonizer/cir/CirRecursionMarker
instanceKlass  @bci org/jetbrains/kotlin/commonizer/mergedtree/NodeBuildersKt buildTypeAliasNode (Lorg/jetbrains/kotlin/storage/StorageManager;ILorg/jetbrains/kotlin/commonizer/mergedtree/CirKnownClassifiers;Lorg/jetbrains/kotlin/commonizer/CommonizerSettings;Lorg/jetbrains/kotlin/commonizer/cir/CirEntityId;)Lorg/jetbrains/kotlin/commonizer/mergedtree/CirTypeAliasNode; 30 <appendix> member <vmtarget> ; # org/jetbrains/kotlin/commonizer/mergedtree/NodeBuildersKt$$Lambda+0x00000001001ac780
instanceKlass org/jetbrains/kotlin/commonizer/mergedtree/CirPropertyNode
instanceKlass org/jetbrains/kotlin/commonizer/mergedtree/CirNodeWithLiftingUp
instanceKlass  @bci org/jetbrains/kotlin/commonizer/mergedtree/NodeBuildersKt buildPropertyNode (Lorg/jetbrains/kotlin/storage/StorageManager;ILorg/jetbrains/kotlin/commonizer/mergedtree/CirKnownClassifiers;Lorg/jetbrains/kotlin/commonizer/CommonizerSettings;Lorg/jetbrains/kotlin/commonizer/mergedtree/CirNodeRelationship;)Lorg/jetbrains/kotlin/commonizer/mergedtree/CirPropertyNode; 24 <appendix> member <vmtarget> ; # org/jetbrains/kotlin/commonizer/mergedtree/NodeBuildersKt$$Lambda+0x00000001001abc50
instanceKlass org/jetbrains/kotlin/commonizer/mergedtree/PropertyApproximationKey$Companion
instanceKlass org/jetbrains/kotlin/commonizer/mergedtree/PropertyApproximationKey
instanceKlass org/jetbrains/kotlin/commonizer/mergedtree/ArgumentsSignatureBuildingContext$Default$WhenMappings
instanceKlass org/jetbrains/kotlin/commonizer/mergedtree/CirFunctionNode
instanceKlass  @bci org/jetbrains/kotlin/commonizer/mergedtree/NodeBuildersKt buildFunctionNode (Lorg/jetbrains/kotlin/storage/StorageManager;ILorg/jetbrains/kotlin/commonizer/mergedtree/CirKnownClassifiers;Lorg/jetbrains/kotlin/commonizer/CommonizerSettings;Lorg/jetbrains/kotlin/commonizer/mergedtree/CirNodeRelationship;)Lorg/jetbrains/kotlin/commonizer/mergedtree/CirFunctionNode; 24 <appendix> member <vmtarget> ; # org/jetbrains/kotlin/commonizer/mergedtree/NodeBuildersKt$$Lambda+0x00000001001aa838
instanceKlass org/jetbrains/kotlin/commonizer/mergedtree/CirNodeRelationship$Companion
instanceKlass org/jetbrains/kotlin/commonizer/mergedtree/CirTypeSignature$Companion
instanceKlass org/jetbrains/kotlin/commonizer/mergedtree/CirTypeSignature
instanceKlass org/jetbrains/kotlin/commonizer/mergedtree/ApproximationKeysKt
instanceKlass org/jetbrains/kotlin/commonizer/mergedtree/DefaultSignatureBuildingContext
instanceKlass org/jetbrains/kotlin/commonizer/mergedtree/SignatureBuildingContext
instanceKlass org/jetbrains/kotlin/commonizer/mergedtree/ArgumentsSignatureBuildingContext$Default
instanceKlass org/jetbrains/kotlin/commonizer/mergedtree/ArgumentsSignatureBuildingContext
instanceKlass org/jetbrains/kotlin/commonizer/mergedtree/ClassifierSignatureBuildingContext$Default
instanceKlass org/jetbrains/kotlin/commonizer/mergedtree/ClassifierSignatureBuildingContext
instanceKlass org/jetbrains/kotlin/commonizer/mergedtree/CirTypeSignatureKt
instanceKlass org/jetbrains/kotlin/commonizer/mergedtree/FunctionApproximationKey$Companion
instanceKlass org/jetbrains/kotlin/commonizer/mergedtree/FunctionApproximationKey
instanceKlass org/jetbrains/kotlin/commonizer/mergedtree/CirPackageNode
instanceKlass org/jetbrains/kotlin/commonizer/mergedtree/CirNodeWithMembers
instanceKlass org/jetbrains/kotlin/commonizer/mergedtree/CirModuleNode
instanceKlass org/jetbrains/kotlin/commonizer/mergedtree/CirMemberContext$Companion
instanceKlass org/jetbrains/kotlin/commonizer/mergedtree/CirMemberContext
instanceKlass org/jetbrains/kotlin/commonizer/tree/TargetBuildingContext
instanceKlass org/jetbrains/kotlin/commonizer/cir/CirRootImpl
instanceKlass org/jetbrains/kotlin/commonizer/cir/CirRoot$Companion
instanceKlass org/jetbrains/kotlin/commonizer/cir/CirRoot
instanceKlass kotlin/collections/IndexedValue
instanceKlass kotlin/collections/IndexingIterator
instanceKlass  @bci kotlin/collections/CollectionsKt___CollectionsKt withIndex (Ljava/lang/Iterable;)Ljava/lang/Iterable; 11 <appendix> member <vmtarget> ; # kotlin/collections/CollectionsKt___CollectionsKt$$Lambda+0x00000001001a5500
instanceKlass kotlin/collections/IndexingIterable
instanceKlass  @bci org/jetbrains/kotlin/commonizer/mergedtree/NodeBuildersKt buildNode (Lorg/jetbrains/kotlin/storage/StorageManager;ILorg/jetbrains/kotlin/commonizer/mergedtree/CirNodeRelationship;Lkotlin/jvm/functions/Function0;Lorg/jetbrains/kotlin/commonizer/cir/CirDeclaration;Lkotlin/jvm/functions/Function2;)Lorg/jetbrains/kotlin/commonizer/mergedtree/CirNode; 14 <appendix> member <vmtarget> ; # org/jetbrains/kotlin/commonizer/mergedtree/NodeBuildersKt$$Lambda+0x00000001001a5030
instanceKlass org/jetbrains/kotlin/commonizer/mergedtree/CirNodeRelationship
instanceKlass  @bci org/jetbrains/kotlin/commonizer/utils/CommonizedGroup <init> (I)V 2 <appendix> argL0 ; # org/jetbrains/kotlin/commonizer/utils/CommonizedGroup$$Lambda+0x00000001001a4ba8
instanceKlass  @bci org/jetbrains/kotlin/commonizer/mergedtree/NodeBuildersKt buildRootNode (Lorg/jetbrains/kotlin/storage/StorageManager;Lorg/jetbrains/kotlin/commonizer/mergedtree/CirProvidedClassifiers;I)Lorg/jetbrains/kotlin/commonizer/mergedtree/CirRootNode; 23 <appendix> member <vmtarget> ; # org/jetbrains/kotlin/commonizer/mergedtree/NodeBuildersKt$$Lambda+0x00000001001a4950
instanceKlass org/jetbrains/kotlin/commonizer/core/AbstractStandardCommonizer
instanceKlass org/jetbrains/kotlin/commonizer/core/Commonizer
instanceKlass org/jetbrains/kotlin/commonizer/mergedtree/NodeBuildersKt
instanceKlass org/jetbrains/kotlin/commonizer/tree/MergeCirTreeKt
instanceKlass org/jetbrains/kotlin/commonizer/mergedtree/AssociatedClassifierIdsResolverImpl
instanceKlass org/jetbrains/kotlin/commonizer/mergedtree/AssociatedClassifierIdsResolver
instanceKlass org/jetbrains/kotlin/commonizer/mergedtree/AssociatedClassifierIdsResolverCache$Default
instanceKlass org/jetbrains/kotlin/commonizer/mergedtree/AssociatedClassifierIdsResolverCache$Companion
instanceKlass org/jetbrains/kotlin/commonizer/mergedtree/AssociatedClassifierIdsResolverCache
instanceKlass org/jetbrains/kotlin/commonizer/mergedtree/AssociatedClassifierIdsResolverKt
instanceKlass org/jetbrains/kotlin/commonizer/mergedtree/CirCommonizedClassifierNodes$Companion$default$1
instanceKlass org/jetbrains/kotlin/commonizer/mergedtree/CirCommonizedClassifierNodes$Companion
instanceKlass org/jetbrains/kotlin/commonizer/mergedtree/CirCommonizedClassifierNodes
instanceKlass  @bci org/jetbrains/kotlin/commonizer/TargetDependentKt mapValue (Lorg/jetbrains/kotlin/commonizer/TargetDependent;Lkotlin/jvm/functions/Function1;)Lorg/jetbrains/kotlin/commonizer/TargetDependent; 23 <appendix> member <vmtarget> ; # org/jetbrains/kotlin/commonizer/TargetDependentKt$$Lambda+0x00000001001a13a0
instanceKlass org/jetbrains/kotlin/commonizer/mergedtree/CirClassifierIndexKt
instanceKlass org/jetbrains/kotlin/commonizer/mergedtree/CirKnownClassifiers
instanceKlass java/util/ComparableTimSort
instanceKlass java/lang/Short$ShortCache
instanceKlass kotlin/UShort$Companion
instanceKlass kotlin/UShort
instanceKlass org/jetbrains/kotlin/commonizer/cir/CirTypeParameterType$Companion
instanceKlass org/jetbrains/kotlin/commonizer/cir/CirTypeParameter
instanceKlass org/jetbrains/kotlin/commonizer/metadata/CirTypeResolver$TypeParameterInfo
instanceKlass org/jetbrains/kotlin/it/unimi/dsi/fastutil/ints/Int2ObjectMap$FastEntrySet
instanceKlass org/jetbrains/kotlin/it/unimi/dsi/fastutil/ints/IntSet
instanceKlass org/jetbrains/kotlin/it/unimi/dsi/fastutil/ints/IntCollection
instanceKlass org/jetbrains/kotlin/it/unimi/dsi/fastutil/ints/IntIterable
instanceKlass org/jetbrains/kotlin/it/unimi/dsi/fastutil/ints/AbstractInt2ObjectFunction
instanceKlass org/jetbrains/kotlin/it/unimi/dsi/fastutil/ints/Int2ObjectMap
instanceKlass org/jetbrains/kotlin/it/unimi/dsi/fastutil/ints/Int2ObjectFunction
instanceKlass java/lang/Byte$ByteCache
instanceKlass kotlinx/metadata/klib/impl/KlibTypeParameterExtension$Companion
instanceKlass kotlinx/metadata/klib/impl/KlibTypeParameterExtension
instanceKlass kotlin/metadata/internal/extensions/KmTypeParameterExtension
instanceKlass org/jetbrains/kotlin/commonizer/cir/CirExtensionReceiver
instanceKlass kotlin/ULong$Companion
instanceKlass kotlin/ULong
instanceKlass org/jetbrains/kotlin/commonizer/cir/CirModuleImpl
instanceKlass org/jetbrains/kotlin/commonizer/cir/CirModule$Companion
instanceKlass org/jetbrains/kotlin/commonizer/cir/CirModule
instanceKlass org/jetbrains/kotlin/commonizer/tree/CirTreeModule
instanceKlass org/jetbrains/kotlin/commonizer/tree/CirTreePackage
instanceKlass org/jetbrains/kotlin/com/intellij/openapi/util/Comparing
instanceKlass org/jetbrains/kotlin/commonizer/cir/CirClassConstructorImpl
instanceKlass org/jetbrains/kotlin/commonizer/cir/CirClassConstructor$Companion
instanceKlass org/jetbrains/kotlin/commonizer/cir/CirClassConstructor
instanceKlass org/jetbrains/kotlin/commonizer/tree/CirTreeClass
instanceKlass org/jetbrains/kotlin/commonizer/cir/CirClassImpl
instanceKlass org/jetbrains/kotlin/commonizer/cir/CirClass$Companion
instanceKlass org/jetbrains/kotlin/commonizer/cir/CirClass
instanceKlass org/jetbrains/kotlin/commonizer/cir/CirContainingClass
instanceKlass org/jetbrains/kotlin/commonizer/tree/deserializer/ClassesToProcess$ClassEntry
instanceKlass  @bci org/jetbrains/kotlin/commonizer/tree/deserializer/ClassesToProcess <init> ()V 10 <appendix> member <vmtarget> ; # org/jetbrains/kotlin/commonizer/tree/deserializer/ClassesToProcess$$Lambda+0x0000000100197480
instanceKlass  @bci org/jetbrains/kotlin/commonizer/tree/deserializer/ClassesToProcess <init> ()V 5 <appendix> argL0 ; # org/jetbrains/kotlin/commonizer/tree/deserializer/ClassesToProcess$$Lambda+0x0000000100197230
instanceKlass org/jetbrains/kotlin/commonizer/tree/deserializer/ClassesToProcess
instanceKlass org/jetbrains/kotlin/commonizer/cir/CirTypeAliasImpl
instanceKlass org/jetbrains/kotlin/commonizer/cir/CirTypeAlias$Companion
instanceKlass org/jetbrains/kotlin/commonizer/cir/CirTypeAlias
instanceKlass org/jetbrains/kotlin/commonizer/cir/CirClassifier
instanceKlass org/jetbrains/kotlin/commonizer/tree/CirTreeTypeAlias
instanceKlass org/jetbrains/kotlin/commonizer/tree/CirTreeClassifier
instanceKlass org/jetbrains/kotlin/commonizer/cir/UtilsKt
instanceKlass org/jetbrains/kotlin/commonizer/cir/CirFunction
instanceKlass org/jetbrains/kotlin/commonizer/cir/CirCallableMemberWithParameters
instanceKlass org/jetbrains/kotlin/commonizer/cir/CirFunctionModifiersInternedImpl
instanceKlass org/jetbrains/kotlin/commonizer/cir/CirFunctionModifiers$Companion
instanceKlass org/jetbrains/kotlin/commonizer/cir/CirFunctionModifiers
instanceKlass org/jetbrains/kotlin/commonizer/cir/CirValueParameter$Companion
instanceKlass org/jetbrains/kotlin/commonizer/cir/CirValueParameter
instanceKlass org/jetbrains/kotlin/commonizer/cir/CirPropertySetterInternedImpl
instanceKlass org/jetbrains/kotlin/commonizer/cir/CirPropertySetter$Companion
instanceKlass org/jetbrains/kotlin/commonizer/cir/CirPropertySetter
instanceKlass org/jetbrains/kotlin/commonizer/cir/CirTypeAliasType$Companion
instanceKlass org/jetbrains/kotlin/commonizer/metadata/CirTypeAliasExpanderKt
instanceKlass org/jetbrains/kotlin/commonizer/metadata/CirTypeAliasExpansion$Companion
instanceKlass org/jetbrains/kotlin/commonizer/metadata/CirTypeAliasExpansion
instanceKlass org/jetbrains/kotlin/commonizer/metadata/CirTypeAliasExpander
instanceKlass org/jetbrains/kotlin/commonizer/cir/CirTypeProjection
instanceKlass org/jetbrains/kotlin/commonizer/cir/CirProperty
instanceKlass org/jetbrains/kotlin/commonizer/cir/CirLiftedUpDeclaration
instanceKlass org/jetbrains/kotlin/commonizer/cir/CirFunctionOrProperty
instanceKlass org/jetbrains/kotlin/commonizer/cir/CirMaybeCallableMemberOfClass
instanceKlass org/jetbrains/kotlin/commonizer/cir/CirHasModality
instanceKlass org/jetbrains/kotlin/commonizer/cir/CirHasTypeParameters
instanceKlass org/jetbrains/kotlin/commonizer/cir/CirHasName
instanceKlass org/jetbrains/kotlin/commonizer/cir/CirPropertyGetterInternedImpl
instanceKlass org/jetbrains/kotlin/commonizer/cir/CirPropertyGetter$Companion
instanceKlass org/jetbrains/kotlin/commonizer/cir/CirPropertyGetter
instanceKlass org/jetbrains/kotlin/commonizer/cir/CirPropertyAccessor
instanceKlass org/jetbrains/kotlin/commonizer/cir/CirHasAnnotations
instanceKlass org/jetbrains/kotlin/commonizer/cir/CirAnnotationInternedImpl
instanceKlass org/jetbrains/kotlin/commonizer/utils/MiscKt
instanceKlass org/jetbrains/kotlin/commonizer/cir/CirAnnotation$Companion
instanceKlass org/jetbrains/kotlin/commonizer/cir/CirAnnotation
instanceKlass  @bci org/jetbrains/kotlin/commonizer/metadata/CirDeserializers constantValue (Lkotlin/metadata/KmAnnotationArgument;Lorg/jetbrains/kotlin/commonizer/cir/CirName;Ljava/lang/Object;)Lorg/jetbrains/kotlin/commonizer/cir/CirConstantValue; 4 <appendix> member <vmtarget> ; # org/jetbrains/kotlin/commonizer/metadata/CirDeserializers$$Lambda+0x000000010018f458
instanceKlass kotlin/jvm/internal/CollectionToArray
instanceKlass org/jetbrains/kotlin/commonizer/cir/CirTypeAttachment
instanceKlass org/jetbrains/kotlin/commonizer/cir/CirClassType$Companion
instanceKlass org/jetbrains/kotlin/commonizer/cir/CirType
instanceKlass org/jetbrains/kotlin/commonizer/metadata/CirDeserializers$WhenMappings
instanceKlass org/jetbrains/kotlin/commonizer/cir/CirConstantValue
instanceKlass org/jetbrains/kotlin/commonizer/metadata/CirDeserializers
instanceKlass kotlin/metadata/KmEffectExpression
instanceKlass kotlin/metadata/KmTypeParameter
instanceKlass kotlin/metadata/internal/EnumFlagDelegate
instanceKlass kotlin/metadata/Attributes
instanceKlass org/jetbrains/kotlin/commonizer/cir/CirPackageImpl
instanceKlass org/jetbrains/kotlin/commonizer/cir/CirPackage$Companion
instanceKlass org/jetbrains/kotlin/commonizer/cir/CirPackage
instanceKlass org/jetbrains/kotlin/commonizer/cir/CirDeclaration
instanceKlass java/util/AbstractMap$SimpleImmutableEntry
instanceKlass org/jetbrains/kotlin/com/intellij/util/ArrayUtilRt
instanceKlass org/jetbrains/kotlin/com/intellij/util/SmartFMap
instanceKlass kotlin/UByte$Companion
instanceKlass kotlin/UByte
instanceKlass kotlin/metadata/internal/metadata/ProtoBuf$1
instanceKlass kotlin/collections/EmptyMap
instanceKlass kotlinx/metadata/klib/impl/KlibFunctionExtension$Companion
instanceKlass kotlinx/metadata/klib/impl/KlibFunctionExtension
instanceKlass kotlin/metadata/internal/extensions/KmFunctionExtension
instanceKlass kotlin/metadata/KmFunction
instanceKlass kotlin/UInt$Companion
instanceKlass kotlin/UInt
instanceKlass kotlinx/metadata/klib/impl/KlibEnumEntryExtension$Companion
instanceKlass kotlinx/metadata/klib/impl/KlibEnumEntryExtension
instanceKlass kotlin/metadata/internal/extensions/KmEnumEntryExtension
instanceKlass kotlin/metadata/KmEnumEntry
instanceKlass kotlinx/metadata/klib/impl/KlibTypeAliasExtension$Companion
instanceKlass kotlinx/metadata/klib/impl/KlibTypeAliasExtension
instanceKlass kotlin/metadata/internal/extensions/KmTypeAliasExtension
instanceKlass kotlin/metadata/KmTypeAlias
instanceKlass kotlin/metadata/internal/metadata/ProtoBuf$TypeAliasOrBuilder
instanceKlass kotlin/metadata/KmTypeProjection$Companion
instanceKlass kotlin/metadata/KmTypeProjection
instanceKlass kotlin/metadata/internal/metadata/ProtoBuf$Expression$ConstantValue$1
instanceKlass kotlin/metadata/internal/metadata/ProtoBuf$Effect$InvocationKind$1
instanceKlass kotlin/metadata/internal/metadata/ProtoBuf$Effect$EffectType$1
instanceKlass kotlin/metadata/internal/metadata/ProtoBuf$VersionRequirement$VersionKind$1
instanceKlass kotlin/metadata/internal/ReadersKt$WhenMappings
instanceKlass kotlinx/metadata/klib/impl/KlibPropertyExtension$Companion
instanceKlass kotlinx/metadata/klib/impl/KlibPropertyExtension
instanceKlass kotlin/metadata/internal/extensions/KmPropertyExtension
instanceKlass kotlin/metadata/KmPropertyAccessorAttributes
instanceKlass kotlin/metadata/internal/BooleanFlagDelegate
instanceKlass kotlin/metadata/internal/FlagDelegatesImplKt
instanceKlass kotlin/metadata/internal/FlagImpl
instanceKlass kotlin/reflect/KProperty$Getter
instanceKlass kotlin/reflect/KMutableProperty$Setter
instanceKlass kotlin/reflect/KProperty$Accessor
instanceKlass kotlin/metadata/KmProperty
instanceKlass kotlinx/metadata/klib/impl/KlibValueParameterExtension$Companion
instanceKlass kotlinx/metadata/klib/impl/KlibValueParameterExtension
instanceKlass kotlin/metadata/internal/extensions/KmValueParameterExtension
instanceKlass kotlin/metadata/KmValueParameter
instanceKlass kotlinx/metadata/klib/impl/KlibConstructorExtension$Companion
instanceKlass kotlinx/metadata/klib/impl/KlibConstructorExtension
instanceKlass kotlin/metadata/internal/extensions/KmConstructorExtension
instanceKlass kotlin/metadata/KmConstructor
instanceKlass kotlin/metadata/KmAnnotation
instanceKlass kotlin/metadata/KmAnnotationArgument
instanceKlass kotlin/metadata/internal/ReadUtilsKt$WhenMappings
instanceKlass kotlin/metadata/internal/metadata/ProtoBuf$MemberKind$1
instanceKlass kotlin/metadata/internal/metadata/ProtoBuf$ReturnValueStatus$1
instanceKlass kotlin/metadata/internal/metadata/ProtoBuf$Class$Kind$1
instanceKlass kotlin/metadata/internal/metadata/ProtoBuf$Modality$1
instanceKlass kotlin/metadata/internal/metadata/ProtoBuf$Visibility$1
instanceKlass kotlin/metadata/internal/metadata/deserialization/Flags$FlagField
instanceKlass kotlin/metadata/internal/metadata/deserialization/Flags
instanceKlass kotlinx/metadata/klib/KlibExtensionsKt
instanceKlass kotlin/metadata/KmClassifier
instanceKlass kotlinx/metadata/klib/impl/KlibTypeExtension$Companion
instanceKlass kotlinx/metadata/klib/impl/KlibTypeExtension
instanceKlass kotlin/metadata/internal/extensions/KmTypeExtension
instanceKlass kotlin/metadata/KmType
instanceKlass kotlin/metadata/internal/metadata/deserialization/ProtoTypeTableUtilKt
instanceKlass kotlin/metadata/internal/metadata/deserialization/NameResolverImpl$WhenMappings
instanceKlass kotlin/metadata/internal/ReadUtilsKt
instanceKlass kotlinx/metadata/klib/impl/KlibClassExtension$Companion
instanceKlass kotlinx/metadata/klib/impl/KlibClassExtension
instanceKlass kotlin/metadata/internal/extensions/KmClassExtension
instanceKlass kotlin/metadata/KmClass
instanceKlass kotlin/metadata/internal/metadata/ProtoBuf$Type$Argument$Projection$1
instanceKlass kotlin/metadata/internal/metadata/ProtoBuf$Type$ArgumentOrBuilder
instanceKlass kotlin/metadata/internal/metadata/ProtoBuf$Annotation$ArgumentOrBuilder
instanceKlass kotlin/metadata/internal/metadata/ProtoBuf$QualifiedNameTable$QualifiedName$Kind$1
instanceKlass kotlin/metadata/internal/metadata/ProtoBuf$QualifiedNameTable$QualifiedNameOrBuilder
instanceKlass kotlin/metadata/internal/metadata/deserialization/ProtoBufUtilKt
instanceKlass kotlin/jvm/JvmClassMappingKt
instanceKlass kotlin/metadata/internal/extensions/ExtensionNodesKt
instanceKlass kotlinx/metadata/klib/impl/KlibExtensionNodesKt
instanceKlass kotlinx/metadata/klib/impl/KlibPackageExtension$Companion
instanceKlass kotlinx/metadata/klib/impl/KlibPackageExtension
instanceKlass kotlin/metadata/internal/extensions/KmPackageExtension
instanceKlass kotlin/metadata/KmPackage
instanceKlass kotlin/metadata/KmDeclarationContainer
instanceKlass kotlin/metadata/internal/metadata/deserialization/VersionRequirementTable$Companion
instanceKlass kotlin/metadata/internal/metadata/deserialization/VersionRequirementTable
instanceKlass kotlin/metadata/internal/protobuf/AbstractMessageLite$Builder
instanceKlass kotlin/metadata/internal/metadata/deserialization/TypeTable
instanceKlass kotlin/metadata/internal/ReadContext
instanceKlass kotlin/reflect/jvm/internal/pcollections/MapEntry
instanceKlass kotlin/reflect/jvm/internal/ReflectProperties$Val$1
instanceKlass kotlin/reflect/jvm/internal/ReflectProperties$Val
instanceKlass kotlin/reflect/jvm/internal/ReflectProperties
instanceKlass  @bci java/util/regex/CharPredicates ASCII_DIGIT ()Ljava/util/regex/Pattern$BmpCharPredicate; 0 <appendix> argL0 ; # java/util/regex/CharPredicates$$Lambda+0x00000001000bd170
instanceKlass kotlin/reflect/jvm/internal/KDeclarationContainerImpl$Companion
instanceKlass kotlin/reflect/jvm/internal/KTypeParameterOwnerImpl
instanceKlass kotlin/reflect/jvm/internal/KClassifierImpl
instanceKlass kotlin/reflect/jvm/internal/pcollections/ConsPStack
instanceKlass kotlin/reflect/jvm/internal/pcollections/IntTree
instanceKlass kotlin/reflect/jvm/internal/pcollections/IntTreePMap
instanceKlass kotlin/reflect/jvm/internal/pcollections/HashPMap
instanceKlass kotlin/reflect/jvm/internal/KClassCacheKt
instanceKlass kotlin/reflect/jvm/internal/KDeclarationContainerImpl
instanceKlass kotlin/jvm/internal/ClassBasedDeclarationContainer
instanceKlass kotlin/reflect/KMutableProperty0
instanceKlass kotlin/reflect/KMutableProperty1
instanceKlass kotlin/reflect/KMutableProperty2
instanceKlass kotlin/reflect/KMutableProperty
instanceKlass kotlin/reflect/KType
instanceKlass kotlin/reflect/KProperty2
instanceKlass kotlin/reflect/KProperty1
instanceKlass kotlin/reflect/KProperty0
instanceKlass kotlin/reflect/KProperty
instanceKlass kotlin/reflect/KTypeParameter
instanceKlass kotlin/reflect/KClass
instanceKlass kotlin/jvm/internal/ReflectionFactory
instanceKlass kotlin/reflect/KClassifier
instanceKlass kotlin/jvm/internal/Reflection
instanceKlass kotlin/metadata/internal/extensions/KmExtensionType
instanceKlass kotlinx/metadata/klib/impl/KlibModuleFragmentExtension$Companion
instanceKlass kotlinx/metadata/klib/impl/KlibModuleFragmentExtension
instanceKlass kotlin/metadata/internal/extensions/KmModuleFragmentExtension
instanceKlass kotlin/metadata/internal/extensions/KmExtension
instanceKlass java/util/ServiceLoader$ProviderImpl
instanceKlass java/util/ServiceLoader$Provider
instanceKlass java/util/ServiceLoader$1
instanceKlass kotlinx/metadata/klib/impl/KlibMetadataExtensions
instanceKlass sun/net/www/MessageHeader
instanceKlass sun/net/www/protocol/jar/JarFileFactory
instanceKlass sun/net/www/protocol/jar/URLJarFile$URLJarFileCloseController
instanceKlass java/net/URLConnection
instanceKlass  @bci sun/nio/fs/ExtendedOptions$InternalOption registerInternal (Ljava/lang/Object;Ljava/lang/Object;)V 16 <appendix> member <vmtarget> ; # sun/nio/fs/ExtendedOptions$InternalOption$$Lambda+0x00000001000b9da0
instanceKlass sun/nio/fs/ExtendedOptions$Wrapper
instanceKlass sun/nio/fs/ExtendedOptions$InternalOption
instanceKlass sun/nio/fs/ExtendedOptions
instanceKlass java/io/IoOverNioOsSpecific
instanceKlass jdk/internal/loader/URLClassPath$1
instanceKlass java/lang/CompoundEnumeration
instanceKlass jdk/internal/loader/BuiltinClassLoader$1
instanceKlass java/util/Collections$EmptyEnumeration
instanceKlass jdk/internal/jimage/ImageLocation
instanceKlass jdk/internal/jimage/decompressor/Decompressor
instanceKlass jdk/internal/jimage/ImageStringsReader
instanceKlass jdk/internal/jimage/ImageStrings
instanceKlass jdk/internal/jimage/ImageHeader
instanceKlass jdk/internal/jimage/NativeImageBuffer$1
instanceKlass jdk/internal/jimage/NativeImageBuffer
instanceKlass jdk/internal/jimage/BasicImageReader$1
instanceKlass jdk/internal/jimage/BasicImageReader
instanceKlass jdk/internal/jimage/ImageReader
instanceKlass jdk/internal/jimage/ImageReaderFactory$1
instanceKlass jdk/internal/jimage/ImageReaderFactory
instanceKlass jdk/internal/module/SystemModuleFinders$SystemImage
instanceKlass jdk/internal/module/SystemModuleFinders$SystemModuleReader
instanceKlass java/lang/module/ModuleReader
instanceKlass jdk/internal/loader/BuiltinClassLoader$5
instanceKlass jdk/internal/loader/BuiltinClassLoader$2
instanceKlass jdk/internal/module/Resources
instanceKlass java/util/ServiceLoader$3
instanceKlass java/util/ServiceLoader$2
instanceKlass java/util/ServiceLoader$LazyClassPathLookupIterator
instanceKlass java/util/Spliterators$1Adapter
instanceKlass java/util/function/Consumer
instanceKlass java/util/EnumMap$1
instanceKlass java/util/stream/StreamOpFlag$MaskBuilder
instanceKlass java/util/stream/PipelineHelper
instanceKlass java/util/stream/Stream
instanceKlass java/util/stream/BaseStream
instanceKlass java/util/stream/StreamSupport
instanceKlass java/util/Spliterators$ArraySpliterator
instanceKlass java/util/Spliterator$OfDouble
instanceKlass java/util/Spliterator$OfLong
instanceKlass java/util/Spliterator$OfInt
instanceKlass java/util/Spliterator$OfPrimitive
instanceKlass java/util/Spliterators$EmptySpliterator
instanceKlass java/util/Spliterators
instanceKlass java/util/ServiceLoader$ModuleServicesLookupIterator
instanceKlass java/util/ServiceLoader
instanceKlass  @bci kotlin/metadata/internal/extensions/MetadataExtensions$Companion <clinit> ()V 10 <appendix> argL0 ; # kotlin/metadata/internal/extensions/MetadataExtensions$Companion$$Lambda+0x00000001001612c8
instanceKlass kotlin/metadata/internal/extensions/MetadataExtensions$Companion
instanceKlass kotlin/metadata/internal/extensions/MetadataExtensions
instanceKlass kotlin/metadata/internal/common/KmModuleFragment
instanceKlass kotlin/metadata/internal/ReadersKt
instanceKlass kotlin/metadata/internal/metadata/deserialization/NameResolverImpl
instanceKlass kotlin/metadata/internal/metadata/deserialization/NameResolver
instanceKlass kotlin/metadata/internal/protobuf/SmallSortedMap$Entry
instanceKlass kotlin/metadata/internal/protobuf/FieldSet$1
instanceKlass kotlin/metadata/internal/protobuf/GeneratedMessageLite$1
instanceKlass kotlin/metadata/internal/protobuf/UnmodifiableLazyStringList$2
instanceKlass kotlin/metadata/internal/protobuf/Utf8
instanceKlass kotlinx/metadata/klib/KlibHeader
instanceKlass kotlinx/metadata/klib/impl/KlibReadUtilsKt
instanceKlass kotlin/metadata/internal/protobuf/WireFormat
instanceKlass kotlin/metadata/internal/protobuf/CodedOutputStream
instanceKlass kotlin/metadata/internal/protobuf/CodedInputStream
instanceKlass kotlin/metadata/internal/library/metadata/KlibMetadataProtoBuf$HeaderOrBuilder
instanceKlass kotlin/metadata/internal/metadata/SerializationPluginMetadataExtensions
instanceKlass kotlin/metadata/internal/protobuf/ExtensionRegistryLite$ObjectIntPair
instanceKlass kotlin/metadata/internal/metadata/ProtoBuf$QualifiedNameTableOrBuilder
instanceKlass kotlin/metadata/internal/protobuf/LazyStringList
instanceKlass kotlin/metadata/internal/protobuf/ProtocolStringList
instanceKlass kotlin/metadata/internal/metadata/ProtoBuf$StringTableOrBuilder
instanceKlass kotlin/metadata/internal/metadata/ProtoBuf$PackageFragmentOrBuilder
instanceKlass kotlin/metadata/internal/metadata/ProtoBuf$TypeParameter$Variance$1
instanceKlass kotlin/metadata/internal/metadata/ProtoBuf$TypeParameterOrBuilder
instanceKlass kotlin/metadata/internal/metadata/ProtoBuf$EnumEntryOrBuilder
instanceKlass kotlin/metadata/internal/metadata/ProtoBuf$Annotation$Argument$Value$Type$1
instanceKlass kotlin/metadata/internal/protobuf/Internal$EnumLiteMap
instanceKlass kotlin/metadata/internal/metadata/ProtoBuf$Annotation$Argument$ValueOrBuilder
instanceKlass kotlin/metadata/internal/metadata/ProtoBuf$ValueParameterOrBuilder
instanceKlass kotlin/metadata/internal/metadata/ProtoBuf$PropertyOrBuilder
instanceKlass kotlin/metadata/internal/metadata/ProtoBuf$ContractOrBuilder
instanceKlass kotlin/metadata/internal/metadata/ProtoBuf$FunctionOrBuilder
instanceKlass kotlin/metadata/internal/metadata/ProtoBuf$ConstructorOrBuilder
instanceKlass kotlin/metadata/internal/metadata/ProtoBuf$AnnotationOrBuilder
instanceKlass kotlin/metadata/internal/metadata/ProtoBuf$TypeOrBuilder
instanceKlass kotlin/metadata/internal/metadata/ProtoBuf$ClassOrBuilder
instanceKlass kotlin/metadata/internal/protobuf/Internal$EnumLite
instanceKlass kotlin/metadata/internal/protobuf/GeneratedMessageLite$ExtensionDescriptor
instanceKlass kotlin/metadata/internal/protobuf/GeneratedMessageLite$GeneratedExtension
instanceKlass kotlin/metadata/internal/metadata/ProtoBuf$VersionRequirementTableOrBuilder
instanceKlass kotlin/metadata/internal/metadata/ProtoBuf$TypeTableOrBuilder
instanceKlass kotlin/metadata/internal/protobuf/ByteString$ByteIterator
instanceKlass kotlin/metadata/internal/protobuf/ByteString
instanceKlass kotlin/metadata/internal/protobuf/SmallSortedMap$EmptySet$2
instanceKlass kotlin/metadata/internal/protobuf/SmallSortedMap$EmptySet$1
instanceKlass kotlin/metadata/internal/protobuf/SmallSortedMap$EmptySet
instanceKlass kotlin/metadata/internal/protobuf/LazyFieldLite
instanceKlass kotlin/metadata/internal/protobuf/FieldSet
instanceKlass kotlin/metadata/internal/protobuf/AbstractParser
instanceKlass kotlin/metadata/internal/protobuf/MessageLite$Builder
instanceKlass kotlin/metadata/internal/protobuf/Parser
instanceKlass kotlin/metadata/internal/protobuf/FieldSet$FieldDescriptorLite
instanceKlass kotlin/metadata/internal/protobuf/AbstractMessageLite
instanceKlass kotlin/metadata/internal/metadata/ProtoBuf$PackageOrBuilder
instanceKlass kotlin/metadata/internal/protobuf/GeneratedMessageLite$ExtendableMessageOrBuilder
instanceKlass kotlin/metadata/internal/protobuf/MessageLite
instanceKlass kotlin/metadata/internal/protobuf/MessageLiteOrBuilder
instanceKlass kotlin/metadata/internal/library/metadata/KlibMetadataProtoBuf
instanceKlass kotlin/metadata/internal/metadata/ExtensionRegistryLiteKt
instanceKlass  @bci kotlin/metadata/internal/library/metadata/KlibMetadataSerializerProtocol <init> ()V 1 <appendix> argL0 ; # kotlin/metadata/internal/library/metadata/KlibMetadataSerializerProtocol$$Lambda+0x0000000100148b58
instanceKlass kotlin/metadata/internal/protobuf/ExtensionRegistryLite
instanceKlass kotlin/metadata/internal/serialization/SerializerExtensionProtocol
instanceKlass kotlin/metadata/internal/library/metadata/KlibMetadataDeserializationUtilsKt
instanceKlass kotlinx/metadata/klib/KlibModuleFragmentReadStrategy$Companion$DEFAULT$1
instanceKlass kotlinx/metadata/klib/KlibModuleFragmentReadStrategy$Companion
instanceKlass kotlinx/metadata/klib/KlibModuleFragmentReadStrategy
instanceKlass kotlin/metadata/internal/metadata/deserialization/MetadataVersion$Companion
instanceKlass kotlin/metadata/internal/metadata/deserialization/BinaryVersion$Companion
instanceKlass kotlin/metadata/internal/metadata/deserialization/BinaryVersion
instanceKlass kotlinx/metadata/klib/KlibMetadataVersion$Companion
instanceKlass kotlinx/metadata/klib/KlibMetadataVersion
instanceKlass org/jetbrains/kotlin/commonizer/metadata/utils/SerializedMetadataLibraryProvider
instanceKlass kotlinx/metadata/klib/KlibModuleMetadata$MetadataLibraryProvider
instanceKlass kotlinx/metadata/klib/KlibModuleMetadata$Companion
instanceKlass kotlinx/metadata/klib/KlibModuleMetadata
instanceKlass java/lang/foreign/MemorySegment
instanceKlass jdk/internal/foreign/MemorySessionImpl
instanceKlass java/lang/foreign/MemorySegment$Scope
instanceKlass kotlin/jvm/internal/DefaultConstructorMarker
instanceKlass org/jetbrains/kotlin/metadata/ProtoBuf$1
instanceKlass org/jetbrains/kotlin/commonizer/metadata/CirTypeResolver$Companion
instanceKlass org/jetbrains/kotlin/commonizer/metadata/CirTypeResolver
instanceKlass org/jetbrains/kotlin/commonizer/metadata/CirTypeParameterResolver
instanceKlass org/jetbrains/kotlin/commonizer/mergedtree/CompositeClassifiers
instanceKlass org/jetbrains/kotlin/commonizer/mergedtree/CirProvidedClassifiers$EMPTY
instanceKlass kotlin/collections/IntIterator
instanceKlass org/jetbrains/kotlin/commonizer/mergedtree/CirFictitiousFunctionClassifiers
instanceKlass org/jetbrains/kotlin/commonizer/mergedtree/CirProvidedClassifiers$Companion
instanceKlass  @bci org/jetbrains/kotlin/commonizer/mergedtree/CirProvidedClassifiersByModules <init> (ZLjava/util/Map;)V 146 <appendix> argL0 ; # org/jetbrains/kotlin/commonizer/mergedtree/CirProvidedClassifiersByModules$$Lambda+0x00000001001430c0
instanceKlass org/jetbrains/kotlin/commonizer/cir/CirProvided$TypeAliasType
instanceKlass org/jetbrains/kotlin/metadata/ProtoBuf$VersionRequirement$VersionKind$1
instanceKlass org/jetbrains/kotlin/metadata/ProtoBuf$VersionRequirement$Level$1
instanceKlass org/jetbrains/kotlin/metadata/ProtoBuf$VersionRequirementOrBuilder
instanceKlass org/jetbrains/kotlin/commonizer/cir/CirProvided$TypeParameterType
instanceKlass org/jetbrains/kotlin/commonizer/cir/CirProvided$TypeParameter
instanceKlass  @bci org/jetbrains/kotlin/commonizer/mergedtree/CirProvidedClassifiersByModulesKt readClass (Lorg/jetbrains/kotlin/commonizer/mergedtree/ClassProtosToRead$ClassEntry;Lorg/jetbrains/kotlin/commonizer/mergedtree/ClassProtosToRead;ILkotlin/jvm/functions/Function2;)V 1007 <adapter> ; # java/lang/invoke/LambdaForm$MH+0x0000000100144c00
# instanceKlass java/lang/invoke/LambdaForm$DMH+0x0000000100144800
instanceKlass  @bci org/jetbrains/kotlin/commonizer/mergedtree/CirProvidedClassifiersByModulesKt readClass (Lorg/jetbrains/kotlin/commonizer/mergedtree/ClassProtosToRead$ClassEntry;Lorg/jetbrains/kotlin/commonizer/mergedtree/ClassProtosToRead;ILkotlin/jvm/functions/Function2;)V 1007 <appendix> form vmentry <vmtarget> ; # java/lang/invoke/LambdaForm$DMH+0x0000000100144400
instanceKlass  @bci org/jetbrains/kotlin/commonizer/mergedtree/CirProvidedClassifiersByModulesKt readClass (Lorg/jetbrains/kotlin/commonizer/mergedtree/ClassProtosToRead$ClassEntry;Lorg/jetbrains/kotlin/commonizer/mergedtree/ClassProtosToRead;ILkotlin/jvm/functions/Function2;)V 1007 <appendix> member <vmtarget> ; # org/jetbrains/kotlin/commonizer/mergedtree/CirProvidedClassifiersByModulesKt$$Lambda+0x00000001001409c8
instanceKlass  @cpi org/jetbrains/kotlin/commonizer/mergedtree/CirProvidedClassifiersByModulesKt 529 form vmentry <vmtarget> ; # java/lang/invoke/LambdaForm$DMH+0x0000000100144000
instanceKlass org/jetbrains/kotlin/commonizer/cir/CirProvided$RegularClass
instanceKlass org/jetbrains/kotlin/descriptors/Visibility
instanceKlass org/jetbrains/kotlin/resolve/ReturnValueStatus$Companion
instanceKlass org/jetbrains/kotlin/descriptors/Modality$Companion
instanceKlass org/jetbrains/kotlin/serialization/deserialization/ProtoEnumFlags$WhenMappings
instanceKlass org/jetbrains/kotlin/metadata/ProtoBuf$MemberKind$1
instanceKlass org/jetbrains/kotlin/metadata/ProtoBuf$ReturnValueStatus$1
instanceKlass org/jetbrains/kotlin/metadata/ProtoBuf$Class$Kind$1
instanceKlass org/jetbrains/kotlin/metadata/ProtoBuf$Modality$1
instanceKlass org/jetbrains/kotlin/metadata/ProtoBuf$Visibility$1
instanceKlass org/jetbrains/kotlin/metadata/deserialization/Flags$FlagField
instanceKlass org/jetbrains/kotlin/metadata/deserialization/Flags
instanceKlass org/jetbrains/kotlin/serialization/deserialization/ProtoEnumFlags
instanceKlass  @bci org/jetbrains/kotlin/commonizer/mergedtree/CirProvidedClassifiersByModulesKt readModule (Lorg/jetbrains/kotlin/library/SerializedMetadata;Lkotlin/jvm/functions/Function2;)V 934 <appendix> member <vmtarget> ; # org/jetbrains/kotlin/commonizer/mergedtree/CirProvidedClassifiersByModulesKt$$Lambda+0x000000010013c158
instanceKlass org/jetbrains/kotlin/commonizer/cir/CirProvided$StarTypeProjection
instanceKlass org/jetbrains/kotlin/commonizer/cir/CirProvided$RegularTypeProjection
instanceKlass org/jetbrains/kotlin/commonizer/cir/CirProvided$TypeProjection
instanceKlass org/jetbrains/kotlin/commonizer/mergedtree/CirProvidedClassifiersByModulesKt$WhenMappings
instanceKlass  @bci org/jetbrains/kotlin/commonizer/mergedtree/TypeReadContext <init> (Lorg/jetbrains/kotlin/metadata/deserialization/NameResolver;Lorg/jetbrains/kotlin/metadata/deserialization/TypeTable;Ljava/util/Map;)V 60 <appendix> member <vmtarget> ; # org/jetbrains/kotlin/commonizer/mergedtree/TypeReadContext$$Lambda+0x000000010013b178
instanceKlass  @bci org/jetbrains/kotlin/commonizer/mergedtree/TypeReadContext <init> (Lorg/jetbrains/kotlin/metadata/deserialization/NameResolver;Lorg/jetbrains/kotlin/metadata/deserialization/TypeTable;Ljava/util/Map;)V 39 <appendix> member <vmtarget> ; # org/jetbrains/kotlin/commonizer/mergedtree/TypeReadContext$$Lambda+0x000000010013af20
instanceKlass org/jetbrains/kotlin/commonizer/mergedtree/TypeReadContext
instanceKlass org/jetbrains/kotlin/metadata/deserialization/ProtoTypeTableUtilKt
instanceKlass org/jetbrains/kotlin/metadata/deserialization/TypeTable
instanceKlass org/jetbrains/kotlin/metadata/ProtoBuf$TypeAliasOrBuilder
instanceKlass org/jetbrains/kotlin/metadata/ProtoBuf$Effect$EffectConditionKind$1
instanceKlass org/jetbrains/kotlin/metadata/ProtoBuf$Effect$InvocationKind$1
instanceKlass org/jetbrains/kotlin/metadata/ProtoBuf$Expression$ConstantValue$1
instanceKlass org/jetbrains/kotlin/metadata/ProtoBuf$ExpressionOrBuilder
instanceKlass org/jetbrains/kotlin/metadata/ProtoBuf$Effect$EffectType$1
instanceKlass org/jetbrains/kotlin/metadata/ProtoBuf$EffectOrBuilder
instanceKlass org/jetbrains/kotlin/metadata/ProtoBuf$Annotation$ArgumentOrBuilder
instanceKlass org/jetbrains/kotlin/protobuf/AbstractMessageLite$Builder
instanceKlass org/jetbrains/kotlin/metadata/ProtoBuf$Type$Argument$Projection$1
instanceKlass org/jetbrains/kotlin/metadata/ProtoBuf$Type$ArgumentOrBuilder
instanceKlass org/jetbrains/kotlin/commonizer/mergedtree/ClassProtosToRead$ClassEntry
instanceKlass org/jetbrains/kotlin/com/intellij/util/ObjectUtils$Sentinel
instanceKlass org/jetbrains/kotlin/com/intellij/util/ObjectUtils
instanceKlass org/jetbrains/kotlin/com/intellij/openapi/util/RecursionManager$2
instanceKlass org/jetbrains/kotlin/com/intellij/util/containers/RefHashMap$HardKey
instanceKlass org/jetbrains/kotlin/com/intellij/util/containers/CanonicalHashingStrategy
instanceKlass org/jetbrains/kotlin/com/intellij/util/containers/HashingStrategy
instanceKlass org/jetbrains/kotlin/com/intellij/util/containers/RefHashMap$Key
instanceKlass org/jetbrains/kotlin/com/intellij/util/containers/SoftKeySoftValueHashMap
instanceKlass org/jetbrains/kotlin/com/intellij/util/containers/ReferenceQueueable
instanceKlass org/jetbrains/kotlin/it/unimi/dsi/fastutil/Hash$Strategy
instanceKlass org/jetbrains/kotlin/com/intellij/util/containers/CollectionFactory
instanceKlass java/util/concurrent/atomic/AtomicBoolean
instanceKlass  @bci org/jetbrains/kotlin/com/intellij/openapi/util/RecursionManager <clinit> ()V 8 <appendix> argL0 ; # org/jetbrains/kotlin/com/intellij/openapi/util/RecursionManager$$Lambda+0x0000000100130240
instanceKlass org/jetbrains/kotlin/com/intellij/openapi/util/RecursionManager$CalculationStack
instanceKlass  @bci java/util/logging/Level$KnownLevel add (Ljava/util/logging/Level;)V 49 <appendix> argL0 ; # java/util/logging/Level$KnownLevel$$Lambda+0x00000001000aca68
instanceKlass  @bci java/util/logging/Level$KnownLevel add (Ljava/util/logging/Level;)V 19 <appendix> argL0 ; # java/util/logging/Level$KnownLevel$$Lambda+0x00000001000ac7f8
instanceKlass java/util/logging/Level
instanceKlass  @bci org/jetbrains/kotlin/com/intellij/openapi/diagnostic/Logger <clinit> ()V 11 <appendix> argL0 ; # org/jetbrains/kotlin/com/intellij/openapi/diagnostic/Logger$$Lambda+0x000000010012f800
instanceKlass org/jetbrains/kotlin/com/intellij/openapi/diagnostic/Attachment
instanceKlass org/jetbrains/kotlin/com/intellij/openapi/diagnostic/Logger$DefaultFactory
instanceKlass org/jetbrains/kotlin/com/intellij/openapi/diagnostic/Logger$Factory
instanceKlass org/jetbrains/kotlin/com/intellij/openapi/diagnostic/Logger
instanceKlass org/jetbrains/kotlin/com/intellij/openapi/util/RecursionGuard$StackStamp
instanceKlass org/jetbrains/kotlin/com/intellij/openapi/util/RecursionGuard
instanceKlass org/jetbrains/kotlin/com/intellij/openapi/util/RecursionManager
instanceKlass java/util/LinkedList$ListItr
instanceKlass kotlin/Triple
instanceKlass java/util/LinkedList$Node
instanceKlass org/jetbrains/kotlin/metadata/deserialization/NameResolverImpl$WhenMappings
instanceKlass java/util/Collections$UnmodifiableCollection$1
instanceKlass org/jetbrains/kotlin/metadata/deserialization/NameResolverImpl
instanceKlass org/jetbrains/kotlin/metadata/deserialization/NameResolver
instanceKlass org/jetbrains/kotlin/protobuf/SmallSortedMap$Entry
instanceKlass org/jetbrains/kotlin/protobuf/FieldSet$1
instanceKlass org/jetbrains/kotlin/protobuf/GeneratedMessageLite$1
instanceKlass org/jetbrains/kotlin/metadata/ProtoBuf$QualifiedNameTable$QualifiedName$Kind$1
instanceKlass org/jetbrains/kotlin/metadata/ProtoBuf$QualifiedNameTable$QualifiedNameOrBuilder
instanceKlass org/jetbrains/kotlin/com/intellij/util/containers/FactoryMap
instanceKlass  @bci org/jetbrains/kotlin/commonizer/mergedtree/ClassProtosToRead <init> ()V 10 <appendix> member <vmtarget> ; # org/jetbrains/kotlin/commonizer/mergedtree/ClassProtosToRead$$Lambda+0x000000010012b630
instanceKlass org/jetbrains/kotlin/com/intellij/util/Function
instanceKlass  @bci org/jetbrains/kotlin/commonizer/mergedtree/ClassProtosToRead <init> ()V 5 <appendix> argL0 ; # org/jetbrains/kotlin/commonizer/mergedtree/ClassProtosToRead$$Lambda+0x000000010012b1b0
instanceKlass org/jetbrains/kotlin/commonizer/mergedtree/ClassProtosToRead
instanceKlass org/jetbrains/kotlin/library/SerializedMetadata
instanceKlass java/nio/file/Files$AcceptAllFilter
instanceKlass org/jetbrains/kotlin/protobuf/Utf8
instanceKlass org/jetbrains/kotlin/protobuf/UnmodifiableLazyStringList$2
instanceKlass org/jetbrains/kotlin/protobuf/WireFormat
instanceKlass org/jetbrains/kotlin/protobuf/CodedOutputStream
instanceKlass org/jetbrains/kotlin/protobuf/CodedInputStream
instanceKlass org/jetbrains/kotlin/library/metadata/KlibMetadataProtoBuf$HeaderOrBuilder
instanceKlass org/jetbrains/kotlin/metadata/SerializationPluginMetadataExtensions
instanceKlass org/jetbrains/kotlin/protobuf/ExtensionRegistryLite$ObjectIntPair
instanceKlass org/jetbrains/kotlin/metadata/ProtoBuf$QualifiedNameTableOrBuilder
instanceKlass org/jetbrains/kotlin/protobuf/LazyStringList
instanceKlass org/jetbrains/kotlin/protobuf/ProtocolStringList
instanceKlass org/jetbrains/kotlin/metadata/ProtoBuf$StringTableOrBuilder
instanceKlass org/jetbrains/kotlin/metadata/ProtoBuf$PackageFragmentOrBuilder
instanceKlass org/jetbrains/kotlin/metadata/ProtoBuf$TypeParameter$Variance$1
instanceKlass org/jetbrains/kotlin/metadata/ProtoBuf$TypeParameterOrBuilder
instanceKlass org/jetbrains/kotlin/metadata/ProtoBuf$EnumEntryOrBuilder
instanceKlass org/jetbrains/kotlin/metadata/ProtoBuf$Annotation$Argument$Value$Type$1
instanceKlass org/jetbrains/kotlin/protobuf/Internal$EnumLiteMap
instanceKlass org/jetbrains/kotlin/metadata/ProtoBuf$Annotation$Argument$ValueOrBuilder
instanceKlass org/jetbrains/kotlin/metadata/ProtoBuf$ValueParameterOrBuilder
instanceKlass org/jetbrains/kotlin/metadata/ProtoBuf$PropertyOrBuilder
instanceKlass org/jetbrains/kotlin/metadata/ProtoBuf$ContractOrBuilder
instanceKlass org/jetbrains/kotlin/metadata/ProtoBuf$FunctionOrBuilder
instanceKlass org/jetbrains/kotlin/metadata/ProtoBuf$ConstructorOrBuilder
instanceKlass org/jetbrains/kotlin/metadata/ProtoBuf$AnnotationOrBuilder
instanceKlass org/jetbrains/kotlin/metadata/ProtoBuf$TypeOrBuilder
instanceKlass org/jetbrains/kotlin/metadata/ProtoBuf$ClassOrBuilder
instanceKlass org/jetbrains/kotlin/protobuf/Internal$EnumLite
instanceKlass org/jetbrains/kotlin/protobuf/GeneratedMessageLite$ExtensionDescriptor
instanceKlass org/jetbrains/kotlin/protobuf/GeneratedMessageLite$GeneratedExtension
instanceKlass java/lang/Long$LongCache
instanceKlass org/jetbrains/kotlin/metadata/ProtoBuf$VersionRequirementTableOrBuilder
instanceKlass org/jetbrains/kotlin/metadata/ProtoBuf$TypeTableOrBuilder
instanceKlass org/jetbrains/kotlin/protobuf/ByteString$ByteIterator
instanceKlass org/jetbrains/kotlin/protobuf/ByteString
instanceKlass org/jetbrains/kotlin/protobuf/SmallSortedMap$EmptySet$2
instanceKlass org/jetbrains/kotlin/protobuf/SmallSortedMap$EmptySet$1
instanceKlass org/jetbrains/kotlin/protobuf/SmallSortedMap$EmptySet
instanceKlass org/jetbrains/kotlin/protobuf/LazyFieldLite
instanceKlass org/jetbrains/kotlin/protobuf/FieldSet
instanceKlass org/jetbrains/kotlin/protobuf/AbstractParser
instanceKlass org/jetbrains/kotlin/protobuf/MessageLite$Builder
instanceKlass org/jetbrains/kotlin/protobuf/Parser
instanceKlass org/jetbrains/kotlin/protobuf/FieldSet$FieldDescriptorLite
instanceKlass org/jetbrains/kotlin/protobuf/AbstractMessageLite
instanceKlass org/jetbrains/kotlin/metadata/ProtoBuf$PackageOrBuilder
instanceKlass org/jetbrains/kotlin/protobuf/GeneratedMessageLite$ExtendableMessageOrBuilder
instanceKlass org/jetbrains/kotlin/protobuf/MessageLite
instanceKlass org/jetbrains/kotlin/protobuf/MessageLiteOrBuilder
instanceKlass org/jetbrains/kotlin/library/metadata/KlibMetadataProtoBuf
instanceKlass org/jetbrains/kotlin/metadata/ExtensionRegistryLiteKt
instanceKlass  @bci org/jetbrains/kotlin/library/metadata/KlibMetadataSerializerProtocol <init> ()V 1 <appendix> argL0 ; # org/jetbrains/kotlin/library/metadata/KlibMetadataSerializerProtocol$$Lambda+0x0000000100113868
instanceKlass org/jetbrains/kotlin/protobuf/ExtensionRegistryLite
instanceKlass org/jetbrains/kotlin/serialization/SerializerExtensionProtocol
instanceKlass org/jetbrains/kotlin/library/metadata/KlibMetadataDeserializationUtilsKt
instanceKlass org/jetbrains/kotlin/library/impl/KlibMetadataComponentImpl
instanceKlass org/jetbrains/kotlin/library/components/KlibMetadataComponent$Kind
instanceKlass org/jetbrains/kotlin/library/KlibComponent$Kind
instanceKlass org/jetbrains/kotlin/library/components/KlibMetadataComponent
instanceKlass org/jetbrains/kotlin/library/KlibComponent
instanceKlass org/jetbrains/kotlin/commonizer/cir/CirProvided$TypeAlias
instanceKlass org/jetbrains/kotlin/commonizer/cir/AnyTypeAlias
instanceKlass org/jetbrains/kotlin/commonizer/cir/CirProvided$ClassType
instanceKlass org/jetbrains/kotlin/commonizer/cir/CirProvided$ClassOrTypeAliasType
instanceKlass org/jetbrains/kotlin/commonizer/cir/AnyClassOrTypeAliasType
instanceKlass org/jetbrains/kotlin/commonizer/cir/CirProvided$Type
instanceKlass org/jetbrains/kotlin/commonizer/cir/AnyType
instanceKlass org/jetbrains/kotlin/commonizer/cir/ArtificialSupertypes
instanceKlass kotlin/collections/AbstractList$IteratorImpl
instanceKlass org/jetbrains/kotlin/name/NativeForwardDeclarationKind$Companion
instanceKlass kotlin/_Assertions
instanceKlass org/jetbrains/kotlin/name/ClassId$Companion
instanceKlass org/jetbrains/kotlin/name/ClassId
instanceKlass org/jetbrains/kotlin/name/NativeStandardInteropNames
instanceKlass org/jetbrains/kotlin/name/NativeStandardInteropNames$ForwardDeclarations
instanceKlass org/jetbrains/kotlin/builtins/StandardNames
instanceKlass kotlin/Deprecated
instanceKlass org/jetbrains/kotlin/name/Name
instanceKlass org/jetbrains/kotlin/name/FqNameUnsafe$Companion
instanceKlass org/jetbrains/kotlin/name/FqNameUnsafe
instanceKlass org/jetbrains/kotlin/name/FqName$Companion
instanceKlass org/jetbrains/kotlin/name/FqName
instanceKlass org/jetbrains/kotlin/commonizer/utils/NamesKt
instanceKlass org/jetbrains/kotlin/commonizer/cir/CirProvided$ExportedForwardDeclarationClass
instanceKlass org/jetbrains/kotlin/commonizer/cir/CirProvided$Class
instanceKlass org/jetbrains/kotlin/commonizer/cir/AnyClass
instanceKlass org/jetbrains/kotlin/commonizer/cir/CirHasVisibility
instanceKlass org/jetbrains/kotlin/commonizer/cir/CirProvided$Classifier
instanceKlass org/jetbrains/kotlin/commonizer/cir/AnyClassifier
instanceKlass org/jetbrains/kotlin/commonizer/mergedtree/CirProvidedClassifiersByModulesKt
instanceKlass org/jetbrains/kotlin/commonizer/mergedtree/CirProvidedClassifiersByModules$Companion
instanceKlass org/jetbrains/kotlin/commonizer/mergedtree/CirProvidedClassifiersByModules
instanceKlass org/jetbrains/kotlin/commonizer/mergedtree/CirProvidedClassifiers
instanceKlass  @bci org/jetbrains/kotlin/commonizer/konan/DefaultModulesProvider$DuplicateLibraryHandler$Companion warning (Lorg/jetbrains/kotlin/util/Logger;)Lorg/jetbrains/kotlin/commonizer/konan/DefaultModulesProvider$DuplicateLibraryHandler; 7 <appendix> member <vmtarget> ; # org/jetbrains/kotlin/commonizer/konan/DefaultModulesProvider$DuplicateLibraryHandler$Companion$$Lambda+0x000000010010b940
instanceKlass org/jetbrains/kotlin/library/impl/BuiltInsPlatform$Companion
instanceKlass org/jetbrains/kotlin/commonizer/CommonizerParametersKt
instanceKlass org/jetbrains/kotlin/commonizer/tree/deserializer/RootCirTreeDeserializer
instanceKlass org/jetbrains/kotlin/commonizer/tree/deserializer/CirTreeClassConstructorDeserializer
instanceKlass org/jetbrains/kotlin/commonizer/tree/deserializer/CirTreeClassDeserializer
instanceKlass org/jetbrains/kotlin/commonizer/tree/deserializer/CirTreeTypeAliasDeserializer
instanceKlass org/jetbrains/kotlin/commonizer/tree/deserializer/CirTreeFunctionDeserializer
instanceKlass org/jetbrains/kotlin/commonizer/tree/deserializer/CirTreePropertyDeserializer
instanceKlass org/jetbrains/kotlin/commonizer/tree/deserializer/CirTreePackageDeserializer
instanceKlass org/jetbrains/kotlin/commonizer/tree/deserializer/CirTreeModuleDeserializer
instanceKlass org/jetbrains/kotlin/commonizer/tree/DeserializeCirTreeKt
instanceKlass  @bci org/jetbrains/kotlin/commonizer/CommonizerQueue enqueue (Lorg/jetbrains/kotlin/commonizer/SharedCommonizerTarget;)V 16 <appendix> member <vmtarget> ; # org/jetbrains/kotlin/commonizer/CommonizerQueue$$Lambda+0x00000001001099c0
instanceKlass kotlin/comparisons/ComparisonsKt__ComparisonsKt
instanceKlass java/util/TimSort
instanceKlass java/util/Arrays$LegacyMergeSort
instanceKlass org/jetbrains/kotlin/commonizer/InputTargetsSelectorKt$selectInputTargets$$inlined$sortedBy$1
instanceKlass org/jetbrains/kotlin/commonizer/utils/SetExtensionsKt
instanceKlass org/jetbrains/kotlin/commonizer/InputTargetsSelectorKt
instanceKlass org/jetbrains/kotlin/storage/LockBasedStorageManager$LockBasedLazyValue
instanceKlass  @bci org/jetbrains/kotlin/commonizer/CommonizerQueue <init> (Lorg/jetbrains/kotlin/storage/StorageManager;Ljava/util/Set;Lorg/jetbrains/kotlin/commonizer/TargetDependent;Lorg/jetbrains/kotlin/commonizer/CommonizerQueue$Commonizer;Lorg/jetbrains/kotlin/commonizer/CommonizerQueue$Serializer;)V 193 <appendix> member <vmtarget> ; # org/jetbrains/kotlin/commonizer/CommonizerQueue$$Lambda+0x0000000100108000
instanceKlass  @bci org/jetbrains/kotlin/commonizer/CommonizerQueueKt CommonizerQueue$lambda$0 (Lorg/jetbrains/kotlin/commonizer/CommonizerParameters;Lorg/jetbrains/kotlin/commonizer/CommonizerTarget;)Lorg/jetbrains/kotlin/commonizer/CommonizerQueue$Deserializer; 8 <appendix> member <vmtarget> ; # org/jetbrains/kotlin/commonizer/CommonizerQueueKt$$Lambda+0x0000000100100c98
instanceKlass org/jetbrains/kotlin/commonizer/tree/CirTreeRoot
instanceKlass  @bci org/jetbrains/kotlin/commonizer/CommonizerQueueKt CommonizerQueue (Lorg/jetbrains/kotlin/commonizer/CommonizerParameters;)Lorg/jetbrains/kotlin/commonizer/CommonizerQueue; 38 <appendix> member <vmtarget> ; # org/jetbrains/kotlin/commonizer/CommonizerQueueKt$$Lambda+0x0000000100100800
instanceKlass  @cpi org/jetbrains/kotlin/commonizer/CommonizerQueueKt 74 form vmentry <vmtarget> ; # java/lang/invoke/LambdaForm$DMH+0x0000000100100400
instanceKlass org/jetbrains/kotlin/commonizer/CommonizerQueue$Serializer
instanceKlass  @bci org/jetbrains/kotlin/commonizer/CommonizerQueueKt CommonizerQueue (Lorg/jetbrains/kotlin/commonizer/CommonizerParameters;)Lorg/jetbrains/kotlin/commonizer/CommonizerQueue; 32 <appendix> member <vmtarget> ; # org/jetbrains/kotlin/commonizer/CommonizerQueueKt$$Lambda+0x0000000100101b78
instanceKlass org/jetbrains/kotlin/commonizer/mergedtree/CirRootNode
instanceKlass org/jetbrains/kotlin/commonizer/mergedtree/CirNode
instanceKlass org/jetbrains/kotlin/commonizer/CommonizerQueue$Commonizer
instanceKlass  @bci org/jetbrains/kotlin/commonizer/TargetDependentKt mapTargets (Lorg/jetbrains/kotlin/commonizer/TargetDependent;Lkotlin/jvm/functions/Function1;)Lorg/jetbrains/kotlin/commonizer/TargetDependent; 22 <appendix> member <vmtarget> ; # org/jetbrains/kotlin/commonizer/TargetDependentKt$$Lambda+0x0000000100101258
instanceKlass  @bci org/jetbrains/kotlin/commonizer/CommonizerQueueKt CommonizerQueue (Lorg/jetbrains/kotlin/commonizer/CommonizerParameters;)Lorg/jetbrains/kotlin/commonizer/CommonizerQueue; 23 <appendix> member <vmtarget> ; # org/jetbrains/kotlin/commonizer/CommonizerQueueKt$$Lambda+0x0000000100101000
instanceKlass org/jetbrains/kotlin/commonizer/CommonizerQueue$Deserializer
instanceKlass org/jetbrains/kotlin/commonizer/CommonizerQueue
instanceKlass org/jetbrains/kotlin/commonizer/CommonizerQueueKt
instanceKlass kotlin/collections/EmptyIterator
instanceKlass kotlin/collections/EmptySet
instanceKlass kotlin/coroutines/jvm/internal/SpillingKt
instanceKlass kotlin/Result$Failure
instanceKlass kotlin/ResultKt
instanceKlass kotlin/Result$Companion
instanceKlass kotlin/Result
instanceKlass kotlin/coroutines/EmptyCoroutineContext
instanceKlass kotlin/coroutines/CoroutineContext
instanceKlass kotlin/coroutines/jvm/internal/DebugProbesKt
instanceKlass kotlin/coroutines/intrinsics/IntrinsicsKt__IntrinsicsJvmKt
instanceKlass kotlin/sequences/SequenceScope
instanceKlass kotlin/coroutines/jvm/internal/BaseContinuationImpl
instanceKlass kotlin/coroutines/jvm/internal/CoroutineStackFrame
instanceKlass kotlin/coroutines/Continuation
instanceKlass kotlin/coroutines/jvm/internal/SuspendFunction
instanceKlass  @bci org/jetbrains/kotlin/commonizer/TargetDependentKt filterNonNull (Lorg/jetbrains/kotlin/commonizer/TargetDependent;)Lorg/jetbrains/kotlin/commonizer/TargetDependent; 118 <appendix> member <vmtarget> ; # org/jetbrains/kotlin/commonizer/TargetDependentKt$$Lambda+0x0000000100105b48
instanceKlass org/jetbrains/kotlin/it/unimi/dsi/fastutil/objects/Object2ObjectOpenHashMap$MapEntry
instanceKlass org/jetbrains/kotlin/it/unimi/dsi/fastutil/objects/Object2ObjectMap$Entry
instanceKlass org/jetbrains/kotlin/it/unimi/dsi/fastutil/objects/Object2ObjectOpenHashMap$MapIterator
instanceKlass org/jetbrains/kotlin/commonizer/ModulesProvider$ModuleInfo
instanceKlass org/jetbrains/kotlin/commonizer/ModulesProvider$CInteropModuleAttributes
instanceKlass  @bci org/jetbrains/kotlin/commonizer/konan/DefaultModulesProvider$DuplicateLibraryHandler$Companion <clinit> ()V 10 <appendix> argL0 ; # org/jetbrains/kotlin/commonizer/konan/DefaultModulesProvider$DuplicateLibraryHandler$Companion$$Lambda+0x0000000100104238
instanceKlass org/jetbrains/kotlin/commonizer/konan/DefaultModulesProvider$DuplicateLibraryHandler$Companion
instanceKlass org/jetbrains/kotlin/commonizer/konan/DefaultModulesProvider$DuplicateLibraryHandler
instanceKlass org/jetbrains/kotlin/commonizer/konan/DefaultModulesProvider$Companion
instanceKlass org/jetbrains/kotlin/commonizer/konan/DefaultModulesProvider
instanceKlass org/jetbrains/kotlin/commonizer/FactoryBasedTargetDependent$Null
instanceKlass org/jetbrains/kotlin/commonizer/CommonModuleNamesKt
instanceKlass org/jetbrains/kotlin/commonizer/cir/CirName$Companion
instanceKlass org/jetbrains/kotlin/commonizer/cir/CirName
instanceKlass org/jetbrains/kotlin/commonizer/cir/CirPackageName$Companion
instanceKlass org/jetbrains/kotlin/commonizer/cir/CirPackageName
instanceKlass  @bci java/util/stream/Collectors castingIdentity ()Ljava/util/function/Function; 0 <appendix> argL0 ; # java/util/stream/Collectors$$Lambda+0x00000001000a8750
instanceKlass java/util/stream/Collectors
instanceKlass java/util/Collections$UnmodifiableCollection
# instanceKlass java/lang/invoke/LambdaForm$MH+0x0000000100100000
instanceKlass jdk/internal/reflect/MethodHandleAccessorFactory$LazyStaticHolder
instanceKlass sun/reflect/annotation/AnnotationParser
instanceKlass java/lang/Class$3
instanceKlass java/util/stream/Collector
instanceKlass  @bci org/jetbrains/kotlin/it/unimi/dsi/fastutil/objects/ObjectOpenHashSet <clinit> ()V 10 <appendix> argL0 ; # org/jetbrains/kotlin/it/unimi/dsi/fastutil/objects/ObjectOpenHashSet$$Lambda+0x00000001000fe630
instanceKlass java/util/function/BinaryOperator
instanceKlass  @bci org/jetbrains/kotlin/it/unimi/dsi/fastutil/objects/ObjectOpenHashSet <clinit> ()V 5 <appendix> argL0 ; # org/jetbrains/kotlin/it/unimi/dsi/fastutil/objects/ObjectOpenHashSet$$Lambda+0x00000001000fe3d0
instanceKlass java/util/function/BiConsumer
instanceKlass  @bci org/jetbrains/kotlin/it/unimi/dsi/fastutil/objects/ObjectOpenHashSet <clinit> ()V 0 <appendix> argL0 ; # org/jetbrains/kotlin/it/unimi/dsi/fastutil/objects/ObjectOpenHashSet$$Lambda+0x00000001000fe180
instanceKlass org/jetbrains/kotlin/it/unimi/dsi/fastutil/objects/ObjectSpliterator
instanceKlass org/jetbrains/kotlin/it/unimi/dsi/fastutil/objects/ObjectIterator
instanceKlass java/util/Spliterator
instanceKlass org/jetbrains/kotlin/com/intellij/util/containers/Interner
instanceKlass org/jetbrains/kotlin/commonizer/utils/Interner
instanceKlass org/jetbrains/kotlin/commonizer/cir/CirEntityId$Companion
instanceKlass org/jetbrains/kotlin/commonizer/cir/CirEntityId
instanceKlass org/jetbrains/kotlin/commonizer/FacadeKt
instanceKlass org/jetbrains/kotlin/storage/EmptySimpleLock
instanceKlass org/jetbrains/kotlin/storage/LockBasedStorageManager$ExceptionHandlingStrategy$1
instanceKlass org/jetbrains/kotlin/storage/LockBasedStorageManager$ExceptionHandlingStrategy
instanceKlass org/jetbrains/kotlin/storage/MemoizedFunctionToNullable
instanceKlass org/jetbrains/kotlin/storage/CacheWithNullableValues
instanceKlass org/jetbrains/kotlin/storage/CacheWithNotNullValues
instanceKlass org/jetbrains/kotlin/storage/MemoizedFunctionToNotNull
instanceKlass org/jetbrains/kotlin/storage/NullableLazyValue
instanceKlass org/jetbrains/kotlin/storage/NotNullLazyValue
instanceKlass org/jetbrains/kotlin/storage/SimpleLock
instanceKlass org/jetbrains/kotlin/storage/LockBasedStorageManager
instanceKlass org/jetbrains/kotlin/storage/StorageManager
instanceKlass org/jetbrains/kotlin/commonizer/CommonizerParameters
instanceKlass  @bci org/jetbrains/kotlin/commonizer/konan/LibraryCommonizer createDependenciesProvider ()Lorg/jetbrains/kotlin/commonizer/TargetDependent; 24 <appendix> member <vmtarget> ; # org/jetbrains/kotlin/commonizer/konan/LibraryCommonizer$$Lambda+0x00000001000f99b0
instanceKlass org/jetbrains/kotlin/commonizer/ModulesProvider
instanceKlass  @bci org/jetbrains/kotlin/commonizer/konan/LibraryCommonizer createManifestProvider (Lorg/jetbrains/kotlin/commonizer/TargetDependent;)Lorg/jetbrains/kotlin/commonizer/TargetDependent; 8 <appendix> member <vmtarget> ; # org/jetbrains/kotlin/commonizer/konan/LibraryCommonizer$$Lambda+0x00000001000f9528
instanceKlass org/jetbrains/kotlin/commonizer/FactoryBasedTargetDependent$Uninitialized
instanceKlass org/jetbrains/kotlin/commonizer/FactoryBasedTargetDependent
instanceKlass  @bci org/jetbrains/kotlin/commonizer/TargetDependent map (Lkotlin/jvm/functions/Function2;)Lorg/jetbrains/kotlin/commonizer/TargetDependent; 17 <appendix> member <vmtarget> ; # org/jetbrains/kotlin/commonizer/TargetDependent$$Lambda+0x00000001000f8d90
instanceKlass  @bci org/jetbrains/kotlin/commonizer/konan/LibraryCommonizer commonizeAndSaveResults (Lorg/jetbrains/kotlin/commonizer/TargetDependent;)V 7 <appendix> member <vmtarget> ; # org/jetbrains/kotlin/commonizer/konan/LibraryCommonizer$$Lambda+0x00000001000f8b38
instanceKlass org/jetbrains/kotlin/commonizer/TargetProvider
instanceKlass org/jetbrains/kotlin/commonizer/utils/ProgressLoggerKt
instanceKlass kotlin/time/DurationJvmKt
instanceKlass kotlin/time/Duration$Companion
instanceKlass kotlin/time/Duration
instanceKlass kotlin/time/DurationUnitKt__DurationUnitJvmKt
instanceKlass kotlin/time/DurationKt
instanceKlass kotlin/time/LongSaturatedMathKt
instanceKlass kotlin/collections/MapWithDefault
instanceKlass org/jetbrains/kotlin/commonizer/TargetDependent$Companion
instanceKlass org/jetbrains/kotlin/commonizer/MapBasedTargetDependent
instanceKlass org/jetbrains/kotlin/commonizer/TargetDependent
instanceKlass org/jetbrains/kotlin/commonizer/TargetDependentKt
instanceKlass org/jetbrains/kotlin/it/unimi/dsi/fastutil/HashCommon
instanceKlass org/jetbrains/kotlin/it/unimi/dsi/fastutil/objects/Object2ObjectMap$FastEntrySet
instanceKlass org/jetbrains/kotlin/it/unimi/dsi/fastutil/objects/ObjectSet
instanceKlass org/jetbrains/kotlin/it/unimi/dsi/fastutil/objects/ObjectCollection
instanceKlass org/jetbrains/kotlin/it/unimi/dsi/fastutil/objects/ObjectIterable
instanceKlass org/jetbrains/kotlin/it/unimi/dsi/fastutil/objects/AbstractObject2ObjectFunction
instanceKlass org/jetbrains/kotlin/it/unimi/dsi/fastutil/objects/Object2ObjectMap
instanceKlass org/jetbrains/kotlin/it/unimi/dsi/fastutil/objects/Object2ObjectFunction
instanceKlass org/jetbrains/kotlin/it/unimi/dsi/fastutil/Function
instanceKlass org/jetbrains/kotlin/it/unimi/dsi/fastutil/Hash
instanceKlass org/jetbrains/kotlin/commonizer/konan/NativeLibraryKt
instanceKlass org/jetbrains/kotlin/commonizer/konan/NativeLibrariesToCommonize$Companion
instanceKlass org/jetbrains/kotlin/commonizer/konan/NativeLibrariesToCommonize
instanceKlass org/jetbrains/kotlin/commonizer/konan/NativeManifestDataProvider
instanceKlass kotlin/time/TimeSource$Monotonic$ValueTimeMark
instanceKlass kotlin/time/MonotonicTimeSource
instanceKlass kotlin/time/ComparableTimeMark
instanceKlass kotlin/time/TimeMark
instanceKlass kotlin/time/TimeSource$Monotonic
instanceKlass kotlin/time/TimeSource$WithComparableMarks
instanceKlass kotlin/time/TimeSource
instanceKlass  @bci org/jetbrains/kotlin/commonizer/repository/StdlibRepository <init> (Lorg/jetbrains/kotlin/commonizer/KonanDistribution;Lorg/jetbrains/kotlin/commonizer/NativeLibraryLoader;)V 28 <appendix> member <vmtarget> ; # org/jetbrains/kotlin/commonizer/repository/StdlibRepository$$Lambda+0x00000001000f2660
instanceKlass org/jetbrains/kotlin/commonizer/repository/StdlibRepository
instanceKlass org/jetbrains/kotlin/commonizer/konan/LibraryCommonizer
instanceKlass org/jetbrains/kotlin/library/metadata/UtilsKt
instanceKlass kotlin/jvm/internal/Ref$ObjectRef
instanceKlass org/jetbrains/kotlin/util/UtilKt
instanceKlass org/jetbrains/kotlin/commonizer/konan/NativeSensitiveManifestData$Companion
instanceKlass org/jetbrains/kotlin/commonizer/konan/NativeSensitiveManifestData
instanceKlass org/jetbrains/kotlin/commonizer/konan/NativeLibrary
instanceKlass org/jetbrains/kotlin/library/loader/KlibLoaderResultKt
instanceKlass  @bci org/jetbrains/kotlin/commonizer/DefaultNativeLibraryLoader invoke (Ljava/io/File;)Lorg/jetbrains/kotlin/commonizer/konan/NativeLibrary; 26 <appendix> member <vmtarget> ; # org/jetbrains/kotlin/commonizer/DefaultNativeLibraryLoader$$Lambda+0x00000001000f0fd0
instanceKlass kotlin/jvm/functions/Function2
instanceKlass org/jetbrains/kotlin/library/loader/KlibLoaderResult
instanceKlass org/jetbrains/kotlin/library/KotlinLibraryKt
instanceKlass org/jetbrains/kotlin/library/loader/KlibLoaderImpl$LibraryStatus$SuccessfullyLoaded
instanceKlass org/jetbrains/kotlin/library/loader/KlibLoaderImpl$LibraryStatus
instanceKlass org/jetbrains/kotlin/library/KlibAttributes
instanceKlass org/jetbrains/kotlin/library/KotlinLibraryVersioning
instanceKlass org/jetbrains/kotlin/library/KotlinIrSignatureVersion$Companion
instanceKlass org/jetbrains/kotlin/library/KotlinIrSignatureVersion
instanceKlass org/jetbrains/kotlin/library/KotlinIrSignatureVersionKt
instanceKlass org/jetbrains/kotlin/metadata/deserialization/MetadataVersion$Companion
instanceKlass org/jetbrains/kotlin/metadata/deserialization/BinaryVersion$Companion
instanceKlass org/jetbrains/kotlin/metadata/deserialization/BinaryVersion
instanceKlass org/jetbrains/kotlin/library/KotlinAbiVersion$Companion
instanceKlass org/jetbrains/kotlin/library/KotlinAbiVersion
instanceKlass org/jetbrains/kotlin/library/KotlinAbiVersionKt
instanceKlass org/jetbrains/kotlin/library/KotlinLibraryVersioningKt
instanceKlass org/jetbrains/kotlin/library/impl/KlibComponentsCache$Companion
instanceKlass org/jetbrains/kotlin/library/impl/KlibComponentsCache
instanceKlass java/util/Properties$LineReader
instanceKlass java/nio/channels/NetworkChannel
instanceKlass sun/nio/ch/SelChImpl
instanceKlass sun/nio/ch/Streams
instanceKlass java/nio/channels/Channels
instanceKlass sun/nio/ch/FileChannelImpl$Closer
instanceKlass java/util/Collections$EmptyIterator
instanceKlass org/jetbrains/kotlin/konan/properties/PropertiesKt
instanceKlass sun/nio/fs/WindowsPath$1
instanceKlass org/jetbrains/kotlin/library/KlibLayoutReader
instanceKlass org/jetbrains/kotlin/library/KlibFormat$ZipArchive
instanceKlass org/jetbrains/kotlin/library/KlibFormat$Directory
instanceKlass org/jetbrains/kotlin/library/KlibFormat$Companion
instanceKlass org/jetbrains/kotlin/library/KlibFormat
instanceKlass org/jetbrains/kotlin/library/KlibComponentLayout
instanceKlass org/jetbrains/kotlin/library/KlibLayoutReaderFactory
instanceKlass org/jetbrains/kotlin/konan/file/File$Companion
instanceKlass org/jetbrains/kotlin/konan/file/File
instanceKlass org/jetbrains/kotlin/library/impl/KlibImpl
instanceKlass org/jetbrains/kotlin/library/KotlinLibrary
instanceKlass org/jetbrains/kotlin/library/Klib
instanceKlass org/jetbrains/kotlin/library/BaseKotlinLibrary
instanceKlass sun/nio/fs/WindowsLinkSupport
instanceKlass java/nio/file/Paths
instanceKlass kotlin/collections/builders/ListBuilder$Itr
instanceKlass kotlin/jvm/internal/markers/KMutableListIterator
instanceKlass kotlin/jvm/internal/markers/KMutableIterator
instanceKlass org/jetbrains/kotlin/konan/file/ZipFileSystemInPlaceAccessor
instanceKlass org/jetbrains/kotlin/konan/file/ZipFileSystemAccessor
instanceKlass org/jetbrains/kotlin/library/loader/KlibLoaderImpl
instanceKlass org/jetbrains/kotlin/library/loader/DefaultKlibLibraryProvider
instanceKlass org/jetbrains/kotlin/library/loader/KlibLibraryProvider
instanceKlass kotlin/collections/builders/ListBuilderKt
instanceKlass kotlin/collections/builders/ListBuilder$Companion
instanceKlass kotlin/jvm/internal/markers/KMutableList
instanceKlass kotlin/jvm/internal/markers/KMutableCollection
instanceKlass kotlin/jvm/internal/markers/KMutableIterable
instanceKlass org/jetbrains/kotlin/library/loader/KlibLoader$1
instanceKlass  @bci org/jetbrains/kotlin/commonizer/DefaultNativeLibraryLoader invoke (Ljava/io/File;)Lorg/jetbrains/kotlin/commonizer/konan/NativeLibrary; 12 <appendix> member <vmtarget> ; # org/jetbrains/kotlin/commonizer/DefaultNativeLibraryLoader$$Lambda+0x00000001000e8000
instanceKlass org/jetbrains/kotlin/library/loader/KlibLoaderSpec
instanceKlass org/jetbrains/kotlin/library/loader/KlibLoader
instanceKlass  @bci java/io/IoOverNioFileSystem list0 (Ljava/io/File;)[Ljava/lang/String; 163 <appendix> argL0 ; # java/io/IoOverNioFileSystem$$Lambda+0x00000001000a1650
instanceKlass java/util/function/IntFunction
instanceKlass sun/nio/fs/BasicFileAttributesHolder
instanceKlass sun/nio/fs/WindowsDirectoryStream$WindowsDirectoryIterator
instanceKlass sun/nio/fs/WindowsDirectoryStream
instanceKlass java/nio/file/DirectoryStream
instanceKlass java/io/IoOverNioFileSystem$AcceptAllFilter
instanceKlass java/nio/file/DirectoryStream$Filter
instanceKlass kotlin/io/FilesKt__FilePathComponentsKt
instanceKlass org/jetbrains/kotlin/commonizer/KonanDistributionKt
instanceKlass org/jetbrains/kotlin/commonizer/konan/ModuleSerializer
instanceKlass org/jetbrains/kotlin/commonizer/ResultsConsumer
instanceKlass org/jetbrains/kotlin/commonizer/ResultsConsumerKt
instanceKlass  @bci org/jetbrains/kotlin/commonizer/cli/NativeDistributionCommonize execute (Ljava/lang/String;)V 1480 <appendix> member <vmtarget> ; # org/jetbrains/kotlin/commonizer/cli/NativeDistributionCommonize$$Lambda+0x00000001000e5a38
instanceKlass kotlin/Unit
instanceKlass org/jetbrains/kotlin/commonizer/ResultsConsumerBuilder
instanceKlass kotlin/Pair
instanceKlass kotlin/TuplesKt
instanceKlass org/jetbrains/kotlin/commonizer/MapBasedCommonizerSettings
instanceKlass org/jetbrains/kotlin/commonizer/CommonizerSettings
instanceKlass org/jetbrains/kotlin/commonizer/MapBasedCommonizerSettings$Setting
instanceKlass org/jetbrains/kotlin/commonizer/stats/StatsCollectorKt$WhenMappings
instanceKlass org/jetbrains/kotlin/commonizer/stats/StatsCollectorKt
instanceKlass  @bci org/jetbrains/kotlin/commonizer/repository/KonanDistributionRepository <init> (Lorg/jetbrains/kotlin/commonizer/KonanDistribution;Ljava/util/Set;Lorg/jetbrains/kotlin/commonizer/NativeLibraryLoader;)V 122 <appendix> member <vmtarget> ; # org/jetbrains/kotlin/commonizer/repository/KonanDistributionRepository$$Lambda+0x00000001000e4190
instanceKlass org/jetbrains/kotlin/commonizer/repository/KonanDistributionRepository
instanceKlass org/jetbrains/kotlin/commonizer/repository/Repository
instanceKlass org/jetbrains/kotlin/commonizer/DefaultNativeLibraryLoader
instanceKlass org/jetbrains/kotlin/commonizer/NativeLibraryLoader
instanceKlass org/jetbrains/kotlin/util/Logger$Companion
instanceKlass org/jetbrains/kotlin/commonizer/cli/CliLoggerAdapter
instanceKlass org/jetbrains/kotlin/util/Logger
instanceKlass org/jetbrains/kotlin/commonizer/KonanDistribution
instanceKlass org/jetbrains/kotlin/commonizer/cli/NativeDistributionCommonize$Companion
instanceKlass org/jetbrains/kotlin/commonizer/cli/Task$Companion
instanceKlass org/jetbrains/kotlin/commonizer/cli/BooleanOptionTypeKt
instanceKlass java/util/LinkedHashMap$LinkedHashIterator
instanceKlass java/util/Collections$1
instanceKlass org/jetbrains/kotlin/commonizer/CommonizerTargetKt
instanceKlass kotlin/jvm/internal/Lambda
instanceKlass org/jetbrains/kotlin/konan/target/KonanTarget$Companion
instanceKlass org/jetbrains/kotlin/konan/target/KonanTarget
instanceKlass org/jetbrains/kotlin/konan/util/Named
instanceKlass org/jetbrains/kotlin/commonizer/CommonizerTarget
instanceKlass kotlin/collections/EmptyList
instanceKlass java/util/AbstractList$Itr
instanceKlass org/jetbrains/kotlin/commonizer/IdentityStringSyntaxNode
instanceKlass org/jetbrains/kotlin/commonizer/ParserOutput
instanceKlass org/jetbrains/kotlin/commonizer/ZeroOrMoreParser
instanceKlass org/jetbrains/kotlin/commonizer/IgnoreTokensParser
instanceKlass java/util/regex/ASCII
instanceKlass org/jetbrains/kotlin/commonizer/GeneratedToken
instanceKlass kotlin/internal/ProgressionUtilKt
instanceKlass kotlin/ranges/IntRange$Companion
instanceKlass kotlin/ranges/IntProgression$Companion
instanceKlass kotlin/ranges/IntProgression
instanceKlass kotlin/ranges/OpenEndRange
instanceKlass kotlin/ranges/ClosedRange
instanceKlass kotlin/text/MatchNamedGroupCollection
instanceKlass kotlin/text/MatchGroupCollection
instanceKlass kotlin/text/MatcherMatchResult
instanceKlass kotlin/text/RegexKt
instanceKlass java/util/regex/IntHashSet
instanceKlass java/util/regex/Matcher
instanceKlass java/util/regex/MatchResult
instanceKlass  @bci kotlin/text/Regex findAll (Ljava/lang/CharSequence;I)Lkotlin/sequences/Sequence; 64 <adapter> ; # java/lang/invoke/LambdaForm$MH+0x00000001000d8800
# instanceKlass java/lang/invoke/LambdaForm$DMH+0x00000001000d8400
instanceKlass  @bci kotlin/text/Regex findAll (Ljava/lang/CharSequence;I)Lkotlin/sequences/Sequence; 64 <appendix> form vmentry <vmtarget> ; # java/lang/invoke/LambdaForm$DMH+0x00000001000d8000
instanceKlass  @bci kotlin/text/Regex findAll (Ljava/lang/CharSequence;I)Lkotlin/sequences/Sequence; 64 <appendix> member <vmtarget> ; # kotlin/text/Regex$$Lambda+0x00000001000d6ef8
instanceKlass kotlin/text/MatchResult
instanceKlass org/jetbrains/kotlin/commonizer/CompositeIdentityStringTokenizer
instanceKlass org/jetbrains/kotlin/commonizer/AnyOfParser
instanceKlass org/jetbrains/kotlin/commonizer/LeafTargetParser
instanceKlass org/jetbrains/kotlin/commonizer/SharedTargetParser
instanceKlass org/jetbrains/kotlin/commonizer/Parser
instanceKlass  @bci java/util/regex/CharPredicates ASCII_WORD ()Ljava/util/regex/Pattern$BmpCharPredicate; 0 <appendix> argL0 ; # java/util/regex/CharPredicates$$Lambda+0x000000010009c1d0
instanceKlass  @bci org/jetbrains/kotlin/commonizer/ParseCommonizerTargetKt <clinit> ()V 62 <appendix> argL0 ; # org/jetbrains/kotlin/commonizer/ParseCommonizerTargetKt$$Lambda+0x00000001000d5688
instanceKlass  @bci java/util/regex/Pattern Single (I)Ljava/util/regex/Pattern$BmpCharPredicate; 1 <appendix> member <vmtarget> ; # java/util/regex/Pattern$$Lambda+0x000000010009ba70
instanceKlass  @bci java/util/regex/CharPredicates ASCII_SPACE ()Ljava/util/regex/Pattern$BmpCharPredicate; 0 <appendix> argL0 ; # java/util/regex/CharPredicates$$Lambda+0x000000010009a978
instanceKlass java/util/regex/Pattern$BmpCharPredicate
instanceKlass java/util/regex/Pattern$CharPredicate
instanceKlass java/util/regex/CharPredicates
instanceKlass  @bci org/jetbrains/kotlin/commonizer/ParseCommonizerTargetKt <clinit> ()V 37 <appendix> argL0 ; # org/jetbrains/kotlin/commonizer/ParseCommonizerTargetKt$$Lambda+0x00000001000d5438
instanceKlass  @bci org/jetbrains/kotlin/commonizer/ParseCommonizerTargetKt <clinit> ()V 13 <appendix> argL0 ; # org/jetbrains/kotlin/commonizer/ParseCommonizerTargetKt$$Lambda+0x00000001000d51e8
instanceKlass org/jetbrains/kotlin/commonizer/IdentityStringToken
instanceKlass java/util/regex/Pattern$TreeInfo
instanceKlass java/util/regex/Pattern$Node
instanceKlass java/util/regex/Pattern
instanceKlass kotlin/text/FlagEnum
instanceKlass kotlin/text/Regex$Companion
instanceKlass kotlin/text/Regex
instanceKlass org/jetbrains/kotlin/commonizer/RegexIdentityStringTokenizer
instanceKlass org/jetbrains/kotlin/commonizer/IdentityStringTokenizer
instanceKlass org/jetbrains/kotlin/commonizer/ParseCommonizerTargetKt
instanceKlass org/jetbrains/kotlin/commonizer/cli/Option
instanceKlass java/nio/file/attribute/PosixFileAttributes
instanceKlass java/nio/file/attribute/DosFileAttributeView
instanceKlass org/jetbrains/kotlin/commonizer/cli/CommonizerCLI$parseTask$option$1
instanceKlass kotlin/ranges/RangesKt__RangesKt
instanceKlass org/jetbrains/kotlin/commonizer/cli/TaskType$Companion
instanceKlass org/jetbrains/kotlin/commonizer/cli/Task
instanceKlass kotlin/jvm/internal/CallableReference$NoReceiver
instanceKlass kotlin/reflect/KDeclarationContainer
instanceKlass kotlin/jvm/internal/CallableReference
instanceKlass kotlin/jvm/internal/KotlinGenericDeclaration
instanceKlass kotlin/reflect/KFunction
instanceKlass kotlin/reflect/KCallable
instanceKlass kotlin/reflect/KAnnotatedElement
instanceKlass kotlin/jvm/internal/FunctionBase
instanceKlass org/jetbrains/kotlin/commonizer/CommonizerSettings$Key
instanceKlass org/jetbrains/kotlin/commonizer/cli/SettingOptionTypesKt
instanceKlass  @bci org/jetbrains/kotlin/commonizer/cli/StatsTypeOptionTypeKt <clinit> ()V 24 <appendix> argL0 ; # org/jetbrains/kotlin/commonizer/cli/StatsTypeOptionTypeKt$$Lambda+0x00000001000cd890
instanceKlass kotlin/collections/AbstractList$Companion
instanceKlass kotlin/collections/AbstractCollection
instanceKlass kotlin/enums/EnumEntries
instanceKlass kotlin/enums/EnumEntriesKt
instanceKlass org/jetbrains/kotlin/commonizer/cli/StatsTypeOptionTypeKt
instanceKlass kotlin/collections/MapsKt__MapWithDefaultKt
instanceKlass kotlin/collections/SetsKt__SetsJVMKt
instanceKlass org/jetbrains/kotlin/commonizer/cli/BooleanOptionType$Companion
instanceKlass org/jetbrains/kotlin/commonizer/cli/OptionType
instanceKlass kotlin/collections/CollectionsKt__CollectionsJVMKt
instanceKlass java/io/FileInputStream$1
instanceKlass kotlin/io/CloseableKt
instanceKlass kotlin/text/CharsKt__CharJVMKt
instanceKlass sun/nio/ch/IOStatus
instanceKlass sun/nio/ch/Util$BufferCache
instanceKlass sun/nio/ch/Util
instanceKlass sun/nio/ch/NativeThread
instanceKlass kotlin/sequences/GeneratorSequence$iterator$1
instanceKlass kotlin/jvm/internal/markers/KMappedMarker
instanceKlass java/lang/invoke/VarHandle$AccessDescriptor
instanceKlass java/lang/invoke/VarForm
instanceKlass java/lang/invoke/VarHandleGuards
instanceKlass java/lang/invoke/VarHandles
instanceKlass java/util/concurrent/atomic/AtomicReference
instanceKlass kotlin/sequences/ConstrainedOnceSequence
instanceKlass  @bci kotlin/sequences/SequencesKt__SequencesKt generateSequence (Lkotlin/jvm/functions/Function0;)Lkotlin/sequences/Sequence; 12 <appendix> member <vmtarget> ; # kotlin/sequences/SequencesKt__SequencesKt$$Lambda+0x00000001000c79d8
instanceKlass kotlin/jvm/functions/Function1
instanceKlass kotlin/sequences/GeneratorSequence
instanceKlass kotlin/sequences/Sequence
instanceKlass kotlin/sequences/SequencesKt__SequenceBuilderKt
instanceKlass  @bci org/jetbrains/kotlin/cli/common/arguments/PreprocessCommandLineArgumentsKt expand (Ljava/io/File;Lorg/jetbrains/kotlin/cli/common/arguments/ArgumentParseErrors;)Ljava/util/List; 85 <appendix> member <vmtarget> ; # org/jetbrains/kotlin/cli/common/arguments/PreprocessCommandLineArgumentsKt$$Lambda+0x00000001000c6378
instanceKlass java/io/ExternalChannelHolder
instanceKlass sun/nio/ch/NativeThreadSet
instanceKlass sun/nio/ch/IOUtil
instanceKlass sun/nio/ch/NativeDispatcher
instanceKlass java/nio/channels/spi/AbstractInterruptibleChannel
instanceKlass java/nio/channels/InterruptibleChannel
instanceKlass java/nio/channels/ScatteringByteChannel
instanceKlass java/nio/channels/GatheringByteChannel
instanceKlass java/nio/channels/SeekableByteChannel
instanceKlass java/nio/channels/ByteChannel
instanceKlass java/nio/channels/WritableByteChannel
instanceKlass java/nio/channels/ReadableByteChannel
instanceKlass java/nio/channels/Channel
instanceKlass sun/nio/fs/WindowsChannelFactory$2
instanceKlass sun/nio/fs/WindowsChannelFactory$Flags
instanceKlass sun/nio/fs/WindowsChannelFactory$1
instanceKlass sun/nio/fs/WindowsChannelFactory
instanceKlass sun/nio/fs/WindowsSecurityDescriptor
instanceKlass java/nio/file/attribute/FileAttribute
instanceKlass com/jetbrains/internal/IoOverNio$ParentForFileChannelImplHolder
instanceKlass java/net/URI$Parser
instanceKlass java/nio/file/FileSystems$DefaultFileSystemHolder$1
instanceKlass java/nio/file/FileSystems$DefaultFileSystemHolder
instanceKlass java/nio/file/FileSystems
instanceKlass java/io/Reader
instanceKlass kotlin/text/Charsets
instanceKlass kotlin/text/StringsKt__AppendableKt
instanceKlass java/util/Arrays$ArrayItr
instanceKlass org/jetbrains/kotlin/cli/common/arguments/PreprocessCommandLineArgumentsKt
instanceKlass kotlin/collections/ArraysUtilJVM
instanceKlass kotlin/collections/ArraysKt__ArraysJVMKt
instanceKlass kotlin/UNINITIALIZED_VALUE
instanceKlass kotlin/SynchronizedLazyImpl
instanceKlass kotlin/Lazy
instanceKlass kotlin/LazyKt__LazyJVMKt
instanceKlass  @bci org/jetbrains/kotlin/commonizer/mergedtree/CirTypeDistanceKt generateUnderlyingTypeSequence (Lorg/jetbrains/kotlin/commonizer/cir/CirClassifier;)Lkotlin/sequences/Sequence; 26 <appendix> form vmentry <vmtarget> ; # java/lang/invoke/LambdaForm$MH+0x00000001000c0000
instanceKlass jdk/internal/org/objectweb/asm/FieldVisitor
instanceKlass java/util/ArrayList$Itr
instanceKlass java/lang/invoke/InvokerBytecodeGenerator$ClassData
instanceKlass jdk/internal/org/objectweb/asm/Frame
instanceKlass java/lang/invoke/LambdaFormBuffer
instanceKlass java/lang/invoke/LambdaFormEditor$TransformKey
instanceKlass java/lang/invoke/LambdaFormEditor
instanceKlass java/lang/invoke/DelegatingMethodHandle$Holder
instanceKlass java/lang/invoke/DirectMethodHandle$2
instanceKlass java/lang/invoke/ClassSpecializer$Factory
instanceKlass java/lang/invoke/ClassSpecializer$SpeciesData
instanceKlass java/lang/invoke/ClassSpecializer$1
instanceKlass java/lang/invoke/ClassSpecializer
instanceKlass sun/invoke/empty/Empty
instanceKlass sun/invoke/util/VerifyType
instanceKlass  @bci org/jetbrains/kotlin/commonizer/cli/CommonizerCLI preprocessCommandLineArguments ([Ljava/lang/String;)Ljava/util/List; 0 <appendix> argL0 ; # org/jetbrains/kotlin/commonizer/cli/CommonizerCLI$$Lambda+0x0000000100001938
instanceKlass java/lang/invoke/MethodHandles$Lookup$ClassDefiner
instanceKlass java/lang/invoke/MethodHandles$Lookup$ClassFile
instanceKlass jdk/internal/org/objectweb/asm/AnnotationVisitor
instanceKlass jdk/internal/org/objectweb/asm/Attribute
instanceKlass jdk/internal/org/objectweb/asm/Handler
instanceKlass jdk/internal/org/objectweb/asm/Label
instanceKlass jdk/internal/org/objectweb/asm/MethodVisitor
instanceKlass java/lang/invoke/LambdaProxyClassArchive
instanceKlass jdk/internal/org/objectweb/asm/ByteVector
instanceKlass jdk/internal/org/objectweb/asm/Symbol
instanceKlass jdk/internal/org/objectweb/asm/SymbolTable
instanceKlass jdk/internal/org/objectweb/asm/ClassVisitor
instanceKlass java/lang/invoke/InfoFromMemberName
instanceKlass java/lang/invoke/MethodHandleInfo
instanceKlass jdk/internal/org/objectweb/asm/ConstantDynamic
instanceKlass sun/invoke/util/BytecodeDescriptor
instanceKlass jdk/internal/org/objectweb/asm/Handle
instanceKlass sun/security/action/GetBooleanAction
instanceKlass jdk/internal/org/objectweb/asm/Type
instanceKlass java/lang/invoke/AbstractValidatingLambdaMetafactory
instanceKlass java/lang/invoke/MethodHandleImpl$1
instanceKlass jdk/internal/access/JavaLangInvokeAccess
instanceKlass java/lang/invoke/Invokers$Holder
instanceKlass java/lang/invoke/BootstrapMethodInvoker
instanceKlass org/jetbrains/kotlin/cli/common/arguments/ArgumentParseErrors
instanceKlass kotlin/jvm/functions/Function0
instanceKlass kotlin/Function
instanceKlass java/lang/invoke/InvokerBytecodeGenerator$1
instanceKlass java/lang/invoke/InvokerBytecodeGenerator
instanceKlass java/lang/invoke/LambdaForm$Holder
instanceKlass java/lang/invoke/LambdaForm$Name
instanceKlass java/lang/invoke/Invokers
instanceKlass java/lang/invoke/MethodHandleImpl
instanceKlass sun/invoke/util/ValueConversions
instanceKlass java/lang/invoke/DirectMethodHandle$Holder
instanceKlass java/lang/invoke/LambdaForm$NamedFunction
instanceKlass sun/invoke/util/Wrapper$Format
instanceKlass java/lang/invoke/MethodTypeForm
instanceKlass jdk/internal/util/StrongReferenceKey
instanceKlass jdk/internal/util/ReferenceKey
instanceKlass jdk/internal/util/ReferencedKeyMap
instanceKlass java/lang/invoke/MethodType$1
instanceKlass java/lang/invoke/LambdaMetafactory
instanceKlass kotlin/jvm/internal/Intrinsics
instanceKlass java/lang/PublicMethods$Key
instanceKlass java/lang/PublicMethods$MethodList
instanceKlass java/lang/Void
instanceKlass java/util/TreeMap$PrivateEntryIterator
instanceKlass java/util/TreeMap$Entry
instanceKlass java/util/NavigableMap
instanceKlass java/util/SortedMap
instanceKlass java/util/NavigableSet
instanceKlass java/util/SortedSet
instanceKlass java/util/SequencedSet
instanceKlass jdk/internal/misc/PreviewFeatures
instanceKlass jdk/internal/misc/MainMethodFinder
instanceKlass org/jetbrains/kotlin/commonizer/cli/CommonizerCLI
instanceKlass java/security/SecureClassLoader$DebugHolder
instanceKlass java/security/Permission
instanceKlass java/security/Guard
instanceKlass java/security/PermissionCollection
instanceKlass java/security/SecureClassLoader$1
instanceKlass java/util/zip/Checksum$1
instanceKlass java/util/zip/CRC32
instanceKlass java/util/zip/Checksum
instanceKlass sun/nio/ByteBuffered
instanceKlass java/lang/Package$VersionInfo
instanceKlass java/lang/NamedPackage
instanceKlass java/lang/reflect/Array
instanceKlass java/util/jar/Attributes$Name
instanceKlass java/util/SequencedMap
instanceKlass java/util/jar/Attributes
instanceKlass jdk/internal/loader/Resource
instanceKlass sun/security/action/GetIntegerAction
instanceKlass sun/security/util/Debug
instanceKlass sun/security/util/SignatureFileVerifier
instanceKlass java/util/zip/ZipFile$InflaterCleanupAction
instanceKlass java/util/zip/Inflater$InflaterZStreamRef
instanceKlass java/util/zip/Inflater
instanceKlass java/util/zip/ZipEntry
instanceKlass java/util/zip/ZipFile$2
instanceKlass java/nio/Bits$1
instanceKlass jdk/internal/misc/VM$BufferPool
instanceKlass java/nio/Bits
instanceKlass sun/nio/ch/DirectBuffer
instanceKlass jdk/internal/perf/PerfCounter$CoreCounters
instanceKlass jdk/internal/perf/Perf
instanceKlass jdk/internal/perf/Perf$GetPerfAction
instanceKlass jdk/internal/perf/PerfCounter
instanceKlass sun/util/locale/LocaleUtils
instanceKlass sun/util/locale/BaseLocale
instanceKlass java/util/Locale
instanceKlass java/nio/file/attribute/FileTime
instanceKlass java/util/zip/ZipUtils
instanceKlass java/util/zip/ZipFile$Source$End
instanceKlass java/util/zip/ZipFile$Source$RandomAccessFileAccessor
instanceKlass java/util/zip/ZipFile$Source$FileAccessor
instanceKlass com/jetbrains/internal/IoOverNio$RecursionGuard
instanceKlass java/io/RandomAccessFile$2
instanceKlass jdk/internal/access/JavaIORandomAccessFileAccess
instanceKlass java/io/RandomAccessFile
instanceKlass java/io/DataInput
instanceKlass java/io/DataOutput
instanceKlass sun/nio/fs/WindowsNativeDispatcher$CompletionStatus
instanceKlass sun/nio/fs/WindowsNativeDispatcher$AclInformation
instanceKlass sun/nio/fs/WindowsNativeDispatcher$Account
instanceKlass sun/nio/fs/WindowsNativeDispatcher$DiskFreeSpace
instanceKlass sun/nio/fs/WindowsNativeDispatcher$VolumeInformation
instanceKlass sun/nio/fs/WindowsNativeDispatcher$FirstStream
instanceKlass sun/nio/fs/WindowsNativeDispatcher$FirstFile
instanceKlass java/util/concurrent/ConcurrentHashMap$Traverser
instanceKlass java/util/Enumeration
instanceKlass jdk/internal/loader/NativeLibraries$3
instanceKlass jdk/internal/loader/NativeLibrary
instanceKlass java/util/ArrayDeque$DeqIterator
instanceKlass jdk/internal/loader/NativeLibraries$NativeLibraryContext$1
instanceKlass jdk/internal/loader/NativeLibraries$NativeLibraryContext
instanceKlass jdk/internal/loader/NativeLibraries$2
instanceKlass jdk/internal/loader/NativeLibraries$1
instanceKlass jdk/internal/loader/NativeLibraries$LibraryPaths
instanceKlass sun/nio/fs/WindowsNativeDispatcher
instanceKlass sun/nio/fs/NativeBuffer$Deallocator
instanceKlass sun/nio/fs/NativeBuffer
instanceKlass sun/nio/fs/NativeBuffers
instanceKlass sun/nio/fs/WindowsFileAttributes
instanceKlass java/nio/file/attribute/DosFileAttributes
instanceKlass sun/nio/fs/AbstractBasicFileAttributeView
instanceKlass sun/nio/fs/DynamicFileAttributeView
instanceKlass sun/nio/fs/WindowsFileAttributeViews
instanceKlass sun/nio/fs/Util
instanceKlass java/nio/file/attribute/BasicFileAttributeView
instanceKlass java/nio/file/attribute/FileAttributeView
instanceKlass java/nio/file/attribute/AttributeView
instanceKlass java/nio/file/Files
instanceKlass java/nio/file/CopyOption
instanceKlass java/nio/file/attribute/BasicFileAttributes
instanceKlass sun/nio/fs/WindowsPath
instanceKlass java/nio/file/Path
instanceKlass java/nio/file/Watchable
instanceKlass java/util/zip/ZipFile$Source$Key
instanceKlass sun/nio/fs/WindowsPathParser$Result
instanceKlass sun/nio/fs/WindowsPathParser
instanceKlass java/nio/file/FileSystem
instanceKlass java/nio/file/OpenOption
instanceKlass java/nio/file/spi/FileSystemProvider
instanceKlass sun/nio/fs/DefaultFileSystemProvider
instanceKlass java/util/zip/ZipFile$Source
instanceKlass java/util/zip/ZipCoder
instanceKlass java/util/zip/ZipFile$CleanableResource
instanceKlass java/lang/Runtime$Version
instanceKlass java/util/jar/JavaUtilJarAccessImpl
instanceKlass jdk/internal/access/JavaUtilJarAccess
instanceKlass jdk/internal/loader/FileURLMapper
instanceKlass jdk/internal/loader/URLClassPath$JarLoader$1
instanceKlass java/util/zip/ZipFile$1
instanceKlass jdk/internal/access/JavaUtilZipFileAccess
instanceKlass java/util/zip/ZipFile
instanceKlass java/util/zip/ZipConstants
instanceKlass jdk/internal/loader/URLClassPath$Loader
instanceKlass jdk/internal/loader/URLClassPath$3
instanceKlass java/security/PrivilegedExceptionAction
instanceKlass sun/net/util/URLUtil
instanceKlass com/jetbrains/internal/IoOverNio$ThreadLocalCloseable
instanceKlass java/lang/ThreadLocal$ThreadLocalMap
instanceKlass sun/launcher/LauncherHelper
instanceKlass java/lang/invoke/StringConcatFactory
instanceKlass java/lang/ModuleLayer$Controller
instanceKlass java/util/concurrent/CopyOnWriteArrayList
instanceKlass jdk/internal/module/ServicesCatalog$ServiceProvider
instanceKlass jdk/internal/loader/AbstractClassLoaderValue$Memoizer
instanceKlass java/util/ImmutableCollections$ListItr
instanceKlass java/util/ListIterator
instanceKlass java/lang/ModuleLayer
instanceKlass jdk/internal/module/ModuleLoaderMap$Modules
instanceKlass jdk/internal/module/ModuleLoaderMap$Mapper
instanceKlass jdk/internal/module/ModuleLoaderMap
instanceKlass java/util/AbstractMap$1$1
instanceKlass java/lang/module/ResolvedModule
instanceKlass java/lang/module/Configuration
instanceKlass jdk/internal/loader/BuiltinClassLoader$LoadedModule
instanceKlass jdk/internal/loader/AbstractClassLoaderValue
instanceKlass jdk/internal/module/ServicesCatalog
instanceKlass java/util/Deque
instanceKlass java/util/Queue
instanceKlass sun/net/util/IPAddressUtil$MASKS
instanceKlass sun/net/util/IPAddressUtil
instanceKlass java/net/URLStreamHandler
instanceKlass sun/net/www/ParseUtil
instanceKlass java/net/URL$3
instanceKlass jdk/internal/access/JavaNetURLAccess
instanceKlass java/net/URL$DefaultFactory
instanceKlass java/net/URLStreamHandlerFactory
instanceKlass jdk/internal/loader/URLClassPath
instanceKlass java/lang/ClassLoader$ParallelLoaders
instanceKlass java/security/cert/Certificate
instanceKlass jdk/internal/loader/ArchivedClassLoaders
instanceKlass java/util/concurrent/ConcurrentHashMap$CollectionView
instanceKlass jdk/internal/loader/ClassLoaderHelper
instanceKlass jdk/internal/loader/NativeLibraries
instanceKlass java/lang/Module$EnableNativeAccess
instanceKlass jdk/internal/loader/BootLoader
instanceKlass java/util/Optional
instanceKlass jdk/internal/module/SystemModuleFinders$SystemModuleFinder
instanceKlass java/lang/module/ModuleFinder
instanceKlass jdk/internal/module/SystemModuleFinders$3
instanceKlass jdk/internal/module/ModuleHashes$HashSupplier
instanceKlass jdk/internal/module/SystemModuleFinders$2
instanceKlass java/util/function/Supplier
instanceKlass java/lang/StringConcatHelper
instanceKlass java/lang/module/ModuleReference
instanceKlass jdk/internal/module/ModuleResolution
instanceKlass java/util/Collections$UnmodifiableMap
instanceKlass jdk/internal/module/ModuleHashes$Builder
instanceKlass jdk/internal/module/ModuleHashes
instanceKlass jdk/internal/module/ModuleTarget
instanceKlass java/util/ImmutableCollections$Set12$1
instanceKlass java/lang/reflect/AccessFlag$18
instanceKlass java/lang/reflect/AccessFlag$17
instanceKlass java/lang/reflect/AccessFlag$16
instanceKlass java/lang/reflect/AccessFlag$15
instanceKlass java/lang/reflect/AccessFlag$14
instanceKlass java/lang/reflect/AccessFlag$13
instanceKlass java/lang/reflect/AccessFlag$12
instanceKlass java/lang/reflect/AccessFlag$11
instanceKlass java/lang/reflect/AccessFlag$10
instanceKlass java/lang/reflect/AccessFlag$9
instanceKlass java/lang/reflect/AccessFlag$8
instanceKlass java/lang/reflect/AccessFlag$7
instanceKlass java/lang/reflect/AccessFlag$6
instanceKlass java/lang/reflect/AccessFlag$5
instanceKlass java/lang/reflect/AccessFlag$4
instanceKlass java/lang/reflect/AccessFlag$3
instanceKlass java/lang/reflect/AccessFlag$2
instanceKlass java/lang/reflect/AccessFlag$1
instanceKlass java/lang/module/ModuleDescriptor$Version
instanceKlass java/lang/module/ModuleDescriptor$Provides
instanceKlass java/lang/module/ModuleDescriptor$Opens
instanceKlass java/util/ImmutableCollections$SetN$SetNIterator
instanceKlass java/lang/module/ModuleDescriptor$Exports
instanceKlass java/lang/module/ModuleDescriptor$Requires
instanceKlass jdk/internal/module/Builder
instanceKlass jdk/internal/module/SystemModules$default
instanceKlass jdk/internal/module/SystemModules
instanceKlass jdk/internal/module/SystemModulesMap
instanceKlass java/net/URI$1
instanceKlass jdk/internal/access/JavaNetUriAccess
instanceKlass java/net/URI
instanceKlass jdk/internal/module/SystemModuleFinders
instanceKlass jdk/internal/module/ArchivedModuleGraph
instanceKlass jdk/internal/module/ArchivedBootLayer
instanceKlass jdk/internal/module/ModuleBootstrap$Counters
instanceKlass jdk/internal/module/ModulePatcher
instanceKlass java/io/DefaultFileSystem
instanceKlass java/io/FileSystem
instanceKlass java/lang/ThreadLocal
instanceKlass com/jetbrains/internal/IoOverNio
instanceKlass java/io/File
instanceKlass java/lang/module/ModuleDescriptor$1
instanceKlass jdk/internal/access/JavaLangModuleAccess
instanceKlass sun/invoke/util/VerifyAccess
instanceKlass java/util/KeyValueHolder
instanceKlass java/util/ImmutableCollections$MapN$MapNIterator
instanceKlass java/lang/StrictMath
instanceKlass java/lang/invoke/MethodHandles$Lookup
instanceKlass java/lang/invoke/MemberName$Factory
instanceKlass java/lang/invoke/MethodHandles
instanceKlass java/lang/module/ModuleDescriptor
instanceKlass jdk/internal/module/ModuleBootstrap
instanceKlass java/lang/Character$CharacterCache
instanceKlass java/util/HexFormat
instanceKlass jdk/internal/util/ClassFileDumper
instanceKlass java/lang/invoke/MethodHandleStatics
instanceKlass java/util/Collections
instanceKlass jdk/internal/misc/Blocker
instanceKlass sun/io/Win32ErrorMode
instanceKlass jdk/internal/misc/OSEnvironment
instanceKlass java/lang/Integer$IntegerCache
instanceKlass jdk/internal/misc/Signal$NativeHandler
instanceKlass java/util/Hashtable$Entry
instanceKlass jdk/internal/misc/Signal
instanceKlass java/lang/Terminator$1
instanceKlass jdk/internal/misc/Signal$Handler
instanceKlass java/lang/Terminator
instanceKlass java/nio/charset/CoderResult
instanceKlass java/lang/Readable
instanceKlass java/nio/ByteOrder
instanceKlass java/nio/Buffer$2
instanceKlass jdk/internal/access/JavaNioAccess
instanceKlass java/nio/Buffer$1
instanceKlass jdk/internal/misc/ScopedMemoryAccess
instanceKlass sun/nio/cs/GBK$EncodeHolder
instanceKlass java/nio/charset/CharsetEncoder
instanceKlass sun/nio/cs/ArrayEncoder
instanceKlass java/io/Writer
instanceKlass java/io/PrintStream$1
instanceKlass jdk/internal/access/JavaIOPrintStreamAccess
instanceKlass java/util/concurrent/ForkJoinPool$ManagedBlocker
instanceKlass java/util/concurrent/locks/AbstractQueuedSynchronizer$Node
instanceKlass jdk/internal/misc/InternalLock
instanceKlass java/io/OutputStream
instanceKlass java/io/Flushable
instanceKlass java/lang/Thread$ThreadIdentifiers
instanceKlass java/security/Principal
instanceKlass java/security/ProtectionDomain$Key
instanceKlass java/security/ProtectionDomain$JavaSecurityAccessImpl
instanceKlass jdk/internal/access/JavaSecurityAccess
instanceKlass sun/security/action/GetPropertyAction
instanceKlass java/util/concurrent/locks/AbstractQueuedSynchronizer$ConditionObject
instanceKlass java/util/concurrent/locks/Condition
instanceKlass jdk/internal/ref/CleanerImpl
instanceKlass java/lang/ref/Cleaner$1
instanceKlass java/lang/ref/Cleaner
instanceKlass jdk/internal/ref/CleanerFactory$1
instanceKlass java/util/concurrent/ThreadFactory
instanceKlass jdk/internal/ref/CleanerFactory
instanceKlass java/lang/ref/Cleaner$Cleanable
instanceKlass java/io/FileDescriptor$1
instanceKlass jdk/internal/access/JavaIOFileDescriptorAccess
instanceKlass java/io/FileDescriptor
instanceKlass jdk/internal/util/StaticProperty
instanceKlass java/util/HashMap$HashIterator
instanceKlass java/util/concurrent/locks/LockSupport
instanceKlass java/util/concurrent/ConcurrentHashMap$Node
instanceKlass java/util/concurrent/ConcurrentHashMap$CounterCell
instanceKlass java/util/concurrent/locks/ReentrantLock
instanceKlass java/util/concurrent/locks/Lock
instanceKlass java/lang/CharacterData
instanceKlass java/lang/Runtime
instanceKlass java/lang/VersionProps
instanceKlass java/util/HashMap$Node
instanceKlass java/util/Map$Entry
instanceKlass java/lang/StringCoding
instanceKlass java/nio/charset/CodingErrorAction
instanceKlass java/lang/StringUTF16
instanceKlass sun/nio/cs/DoubleByte
instanceKlass sun/nio/cs/GBK$DecodeHolder
instanceKlass java/nio/charset/CharsetDecoder
instanceKlass sun/nio/cs/ArrayDecoder
instanceKlass sun/nio/cs/DelegatableDecoder
instanceKlass jdk/internal/reflect/MethodHandleAccessorFactory
instanceKlass java/lang/reflect/Modifier
instanceKlass java/lang/Class$1
instanceKlass java/lang/Class$Atomic
instanceKlass java/lang/Class$ReflectionData
instanceKlass java/nio/charset/StandardCharsets
instanceKlass sun/nio/cs/HistoricallyNamedCharset
instanceKlass jdk/internal/util/ArraysSupport
instanceKlass java/util/Arrays
instanceKlass jdk/internal/util/Preconditions$3
instanceKlass jdk/internal/util/Preconditions$2
instanceKlass jdk/internal/util/Preconditions$4
instanceKlass java/util/function/BiFunction
instanceKlass jdk/internal/util/Preconditions$1
instanceKlass java/util/function/Function
instanceKlass jdk/internal/util/Preconditions
instanceKlass java/nio/charset/spi/CharsetProvider
instanceKlass java/nio/charset/Charset
instanceKlass jdk/internal/util/SystemProps$Raw
instanceKlass jdk/internal/util/SystemProps
instanceKlass java/lang/System$2
instanceKlass jdk/internal/access/JavaLangAccess
instanceKlass java/lang/ref/NativeReferenceQueue$Lock
instanceKlass java/lang/ref/ReferenceQueue
instanceKlass java/lang/ref/Reference$1
instanceKlass jdk/internal/access/JavaLangRefAccess
instanceKlass jdk/internal/reflect/ReflectionFactory
instanceKlass java/lang/Math
instanceKlass java/lang/StringLatin1
instanceKlass jdk/internal/reflect/Reflection
instanceKlass jdk/internal/reflect/ReflectionFactory$GetReflectionFactoryAction
instanceKlass java/security/PrivilegedAction
instanceKlass jdk/internal/access/SharedSecrets
instanceKlass java/lang/reflect/ReflectAccess
instanceKlass jdk/internal/access/JavaLangReflectAccess
instanceKlass java/util/ImmutableCollections
instanceKlass java/util/Objects
instanceKlass java/util/Set
instanceKlass jdk/internal/misc/CDS
instanceKlass java/lang/Module$ArchivedData
instanceKlass jdk/internal/misc/VM
instanceKlass java/lang/String$CaseInsensitiveComparator
instanceKlass java/util/Comparator
instanceKlass java/io/ObjectStreamField
instanceKlass jdk/internal/vm/FillerObject
instanceKlass jdk/internal/vm/vector/VectorSupport$VectorPayload
instanceKlass jdk/internal/vm/vector/VectorSupport
instanceKlass java/lang/reflect/RecordComponent
instanceKlass java/util/Iterator
instanceKlass java/lang/Number
instanceKlass java/lang/Character
instanceKlass java/lang/Boolean
instanceKlass java/util/concurrent/locks/AbstractOwnableSynchronizer
instanceKlass java/lang/LiveStackFrame
instanceKlass java/lang/StackFrameInfo
instanceKlass java/lang/StackWalker$StackFrame
instanceKlass java/lang/StackStreamFactory$AbstractStackWalker
instanceKlass java/lang/StackWalker
instanceKlass java/nio/Buffer
instanceKlass java/lang/StackTraceElement
instanceKlass java/util/AbstractCollection
instanceKlass java/util/RandomAccess
instanceKlass java/util/List
instanceKlass java/util/SequencedCollection
instanceKlass java/util/Collection
instanceKlass java/lang/Iterable
instanceKlass java/util/AbstractMap
instanceKlass java/util/concurrent/ConcurrentMap
instanceKlass java/security/CodeSource
instanceKlass jdk/internal/loader/ClassLoaders
instanceKlass java/util/jar/Manifest
instanceKlass java/lang/Enum
instanceKlass java/net/URL
instanceKlass java/io/InputStream
instanceKlass java/io/Closeable
instanceKlass java/lang/AutoCloseable
instanceKlass jdk/internal/module/Modules
instanceKlass jdk/internal/misc/Unsafe
instanceKlass jdk/internal/misc/UnsafeConstants
instanceKlass java/lang/AbstractStringBuilder
instanceKlass java/lang/Appendable
instanceKlass java/lang/AssertionStatusDirectives
instanceKlass jdk/internal/foreign/abi/ABIDescriptor
instanceKlass jdk/internal/foreign/abi/NativeEntryPoint
instanceKlass java/lang/invoke/CallSite
instanceKlass java/lang/invoke/MethodType
instanceKlass java/lang/invoke/TypeDescriptor$OfMethod
instanceKlass java/lang/invoke/LambdaForm
instanceKlass java/lang/invoke/MethodHandleNatives
instanceKlass java/lang/invoke/ResolvedMethodName
instanceKlass java/lang/invoke/MemberName
instanceKlass java/lang/invoke/VarHandle
instanceKlass java/lang/invoke/MethodHandle
instanceKlass jdk/internal/reflect/CallerSensitive
instanceKlass java/lang/annotation/Annotation
instanceKlass jdk/internal/reflect/FieldAccessor
instanceKlass jdk/internal/reflect/ConstantPool
instanceKlass jdk/internal/reflect/ConstructorAccessor
instanceKlass jdk/internal/reflect/MethodAccessor
instanceKlass jdk/internal/reflect/MagicAccessorImpl
instanceKlass jdk/internal/vm/StackChunk
instanceKlass jdk/internal/vm/Continuation
instanceKlass jdk/internal/vm/ContinuationScope
instanceKlass java/lang/reflect/Parameter
instanceKlass java/lang/reflect/Member
instanceKlass java/lang/reflect/AccessibleObject
instanceKlass java/lang/Module
instanceKlass java/util/Dictionary
instanceKlass java/util/Map
instanceKlass java/lang/ThreadGroup
instanceKlass java/lang/Thread$UncaughtExceptionHandler
instanceKlass java/lang/Thread$Constants
instanceKlass java/lang/Thread$FieldHolder
instanceKlass java/lang/Thread
instanceKlass java/lang/Runnable
instanceKlass java/lang/ref/Reference
instanceKlass java/lang/Record
instanceKlass java/security/AccessController
instanceKlass java/security/AccessControlContext
instanceKlass java/security/ProtectionDomain
instanceKlass java/lang/SecurityManager
instanceKlass java/lang/Throwable
instanceKlass java/lang/System
instanceKlass java/lang/ClassLoader
instanceKlass java/lang/Cloneable
instanceKlass java/lang/Class
instanceKlass java/lang/invoke/TypeDescriptor$OfField
instanceKlass java/lang/invoke/TypeDescriptor
instanceKlass java/lang/reflect/Type
instanceKlass java/lang/reflect/GenericDeclaration
instanceKlass java/lang/reflect/AnnotatedElement
instanceKlass java/lang/String
instanceKlass java/lang/constant/ConstantDesc
instanceKlass java/lang/constant/Constable
instanceKlass java/lang/CharSequence
instanceKlass java/lang/Comparable
instanceKlass java/io/Serializable
ciInstanceKlass java/lang/Object 1 1 124 100 1 10 12 1 1 10 7 12 1 1 1 10 100 12 1 1 1 10 12 1 1 8 1 10 12 1 1 10 100 12 1 1 1 10 12 1 10 12 1 1 10 7 12 1 1 1 10 12 1 10 12 1 100 1 10 100 12 1 1 1 10 12 1 1 10 12 1 100 1 8 1 10 12 1 3 8 1 100 1 5 0 1 1 1 1 1 1 1 1 1 1 1 1 1 1 1 1 100 1 1 1 1 1 1 1 1 1 1 100 1 1 1 1 1 1 1 1 1 1 3 1 1
ciInstanceKlass java/io/Serializable 1 0 7 100 1 100 1 1 1
ciInstanceKlass java/lang/Comparable 1 0 12 100 1 100 1 1 1 1 1 1 1 1
ciInstanceKlass java/lang/CharSequence 1 1 131 11 100 12 1 1 1 18 12 1 1 100 1 10 100 12 1 1 1 18 10 100 12 1 1 1 11 12 1 1 11 100 1 11 12 1 1 10 100 12 1 1 1 11 12 1 1 100 1 10 12 1 1 10 100 12 1 1 1 100 1 10 10 12 1 1 100 1 1 1 1 1 1 1 1 1 1 1 1 1 1 1 1 1 1 1 1 1 1 1 1 1 1 1 1 1 1 1 1 1 16 1 15 11 12 16 15 11 12 15 10 100 12 1 1 1 1 1 100 1 100 1 1 100 1 1 100 1 100 1 1
ciInstanceKlass java/lang/constant/Constable 1 0 11 100 1 100 1 1 1 1 1 1 1
ciInstanceKlass java/lang/constant/ConstantDesc 1 0 37 100 1 100 1 1 1 1 100 1 1 1 1 100 1 100 1 100 1 100 1 100 1 100 1 100 1 100 1 100 1 1 100 1 100 1 1
ciInstanceKlass java/lang/String 1 1 1451 10 7 12 1 1 1 8 1 9 7 12 1 1 1 9 12 1 1 9 12 1 1 9 12 1 1 10 12 1 10 12 1 1 10 12 1 1 9 12 1 10 7 12 1 1 1 10 12 1 1 10 12 1 10 7 12 1 1 1 10 12 1 1 10 12 1 1 10 12 1 10 12 1 1 10 12 1 10 7 12 1 1 1 7 1 9 7 12 1 1 1 10 7 12 1 1 1 10 12 1 1 10 12 1 1 10 7 12 1 1 1 10 12 1 1 9 7 12 1 1 10 12 9 7 12 1 1 10 12 1 1 3 10 12 1 1 7 1 11 12 1 1 11 12 1 11 12 1 1 10 100 12 1 1 1 10 12 1 1 9 100 12 1 1 1 10 12 1 1 10 12 1 11 12 1 1 10 12 1 10 12 10 12 1 1 10 100 12 1 1 1 10 7 12 1 1 1 10 12 1 1 100 1 100 1 10 12 1 10 12 1 10 12 1 1 10 12 1 1 100 1 10 12 1 1 100 1 10 12 1 1 10 12 1 1 10 12 1 10 10 12 1 100 1 100 1 100 1 10 12 1 10 12 1 1 10 12 1 1 10 12 1 10 12 1 1 10 12 1 1 10 7 12 1 1 7 1 11 10 7 12 1 1 11 12 1 11 12 1 10 12 1 1 10 12 1 10 12 10 12 1 1 10 10 100 12 1 1 1 10 100 12 1 1 10 12 1 1 10 100 12 1 1 10 12 1 10 12 1 1 10 12 1 1 10 12 1 10 12 1 10 12 1 1 100 1 10 12 1 1 10 12 10 12 1 10 12 1 1 10 12 1 1 10 7 12 1 1 1 10 12 1 10 12 1 1 10 12 1 10 12 1 3 3 10 12 1 1 10 12 1 10 12 1 1 10 12 1 1 10 12 1 1 10 12 1 10 12 1 1 10 12 1 1 10 12 1 10 12 1 10 12 1 10 12 1 1 10 12 1 10 12 1 10 12 1 10 12 1 10 12 1 10 12 1 10 100 1 10 8 1 10 12 1 1 10 12 1 8 1 10 12 1 1 10 12 10 12 1 8 1 10 10 12 1 1 10 12 1 1 10 12 1 1 10 100 1 10 10 12 1 10 12 1 10 12 1 10 10 12 1 10 12 1 10 12 1 10 12 1 10 12 1 10 12 1 10 12 1 1 10 12 1 1 10 12 1 1 10 10 12 1 1 10 10 12 1 100 1 10 10 12 1 1 10 12 1 1 10 7 1 10 12 1 10 12 1 10 7 12 1 1 1 10 12 1 10 12 1 1 10 12 1 11 7 1 11 12 10 12 1 10 12 1 1 10 12 1 1 10 10 12 1 10 12 1 9 12 1 1 11 100 12 1 1 1 10 12 10 10 12 1 10 12 1 1 10 10 12 1 10 12 1 10 12 1 1 10 12 1 1 10 10 12 1 1 10 12 1 10 10 12 1 10 12 10 10 12 10 10 12 1 10 12 1 10 10 12 10 7 12 1 1 1 10 12 10 10 12 10 12 1 10 12 10 12 10 10 12 1 10 12 1 1 10 12 1 1 10 10 12 1 10 7 12 1 1 1 10 12 1 1 10 10 7 12 1 1 1 11 10 12 1 10 12 1 1 10 12 1 1 10 100 12 1 1 1 10 12 1 10 12 1 10 12 1 10 12 1 10 12 1 10 12 1 100 1 100 1 8 1 10 10 10 12 1 10 12 1 1 8 1 10 12 1 3 3 10 12 1 10 12 1 1 10 12 100 1 10 10 12 1 1 10 12 1 10 12 1 10 12 1 1 10 12 1 1 11 100 12 1 1 1 100 1 10 12 1 10 12 1 1 8 1 10 12 1 1 10 12 1 11 100 12 1 1 1 11 100 12 1 1 11 12 1 10 12 1 10 12 1 1 10 10 7 12 1 1 1 10 12 1 10 12 1 10 10 12 10 12 1 1 10 10 12 1 10 10 12 1 10 10 12 1 10 10 12 1 10 12 1 1 10 10 12 1 8 1 10 12 1 1 18 12 1 1 11 100 12 1 1 1 7 1 3 18 12 1 18 12 1 8 1 10 100 12 1 1 1 11 12 1 1 10 12 10 10 12 1 10 11 12 1 1 10 12 1 1 11 12 1 18 3 11 10 12 1 11 11 10 12 1 10 12 1 1 8 1 10 12 1 10 12 1 10 12 1 1 10 10 12 1 11 100 12 1 100 1 100 1 10 12 100 1 10 10 100 12 1 1 1 100 1 10 7 1 10 10 12 1 10 10 12 1 8 1 10 10 12 1 8 1 8 1 10 12 1 10 12 1 10 10 12 10 100 12 1 1 10 100 12 1 1 10 100 12 1 1 8 1 10 12 1 10 12 1 10 9 12 1 10 12 9 7 12 1 1 1 10 12 1 10 12 1 10 12 1 10 12 10 12 1 10 12 1 8 1 10 100 12 1 1 1 10 12 10 12 1 1 10 12 10 10 12 10 12 7 1 9 12 1 1 7 1 10 100 1 100 1 100 1 100 1 1 1 1 1 1 5 0 1 1 1 1 1 3 1 3 1 1 1 1 1 1 1 1 1 1 1 1 1 1 1 100 1 1 1 1 1 1 1 1 1 1 1 1 1 1 1 1 1 1 1 1 1 1 1 1 1 1 1 1 1 1 1 100 1 1 1 1 1 1 1 1 1 1 1 1 100 1 1 1 1 1 1 1 1 1 1 1 1 1 1 1 1 1 1 1 1 1 1 1 1 1 1 1 1 1 1 1 1 1 1 1 1 1 1 1 1 1 1 1 1 1 1 1 1 1 1 1 1 1 1 1 1 1 1 1 1 1 1 1 1 1 1 1 1 1 1 1 1 1 1 1 1 1 1 1 1 1 1 1 1 1 1 1 1 1 1 1 1 1 1 1 1 1 1 1 1 1 1 1 1 1 1 1 1 1 1 1 1 1 1 1 1 1 1 1 1 1 1 1 1 1 1 1 1 1 1 1 1 1 1 1 1 1 1 1 1 1 1 1 1 1 1 1 1 1 1 1 1 1 1 1 1 1 1 1 1 1 1 1 1 1 1 1 1 1 1 1 1 1 1 100 1 1 1 1 1 1 1 1 1 1 1 1 1 1 1 1 1 1 1 1 1 1 1 100 1 1 1 1 1 1 1 1 1 1 1 1 1 1 1 100 1 1 1 1 1 1 1 1 1 1 1 1 1 1 1 16 15 10 12 16 15 10 12 15 10 12 15 10 12 15 10 100 12 1 1 1 1 1 1 1 100 1 100 1 1 1
staticfield java/lang/String COMPACT_STRINGS Z 1
staticfield java/lang/String serialPersistentFields [Ljava/io/ObjectStreamField; 0 [Ljava/io/ObjectStreamField;
staticfield java/lang/String CASE_INSENSITIVE_ORDER Ljava/util/Comparator; java/lang/String$CaseInsensitiveComparator
ciInstanceKlass java/lang/reflect/AnnotatedElement 1 1 164 11 7 12 1 1 1 11 12 1 1 100 1 10 100 12 1 1 1 10 12 1 1 10 12 1 1 10 12 1 10 100 12 1 1 1 11 12 1 1 11 100 12 1 1 10 100 12 1 1 1 10 12 1 10 100 12 1 1 1 18 12 1 1 11 100 12 1 1 18 12 1 18 12 1 1 10 100 12 1 1 1 11 100 12 1 1 1 100 1 10 100 12 1 1 1 1 1 1 1 1 1 1 1 1 1 1 1 1 1 1 1 1 1 1 1 1 1 100 1 1 1 1 1 1 1 1 1 1 1 16 15 16 1 16 1 15 11 12 16 16 1 15 10 100 12 1 1 1 16 1 15 10 100 12 1 1 1 1 100 1 100 1 1
ciInstanceKlass java/lang/reflect/GenericDeclaration 1 0 30 100 1 100 1 100 1 1 1 1 1 1 1 1 100 1 8 1 1 12 10 1 1 1 8 1 1 1 8 1
ciInstanceKlass java/lang/reflect/Type 1 1 17 11 100 12 1 1 1 100 1 1 1 1 1 1 1 1 1
ciInstanceKlass java/lang/invoke/TypeDescriptor 1 0 17 100 1 100 1 1 1 1 1 1 100 1 100 1 1 1 1
ciInstanceKlass java/lang/invoke/TypeDescriptor$OfField 1 0 21 100 1 100 1 100 1 1 1 1 1 1 1 1 1 1 1 1 1 1 1
ciInstanceKlass java/lang/Class 1 1 1687 10 7 12 1 1 1 9 7 12 1 1 1 9 12 1 1 10 12 1 1 8 1 10 12 1 8 1 8 1 10 12 1 1 10 7 12 1 1 1 10 12 1 7 1 10 10 12 1 10 12 1 1 10 12 1 1 10 12 1 1 10 100 12 1 1 10 12 1 10 12 1 10 12 1 8 1 10 12 1 8 1 10 12 1 8 1 8 1 10 12 1 1 10 100 12 1 1 1 18 12 1 1 11 100 12 1 1 1 8 1 8 1 8 1 10 100 12 1 1 1 11 12 1 1 8 1 10 12 1 10 11 100 12 1 1 1 11 100 12 1 1 1 11 8 1 18 8 1 10 12 1 10 7 12 1 1 10 12 1 1 10 7 12 1 1 1 10 12 1 1 10 12 1 1 10 7 12 1 1 1 10 12 9 100 12 1 1 1 10 100 12 1 1 1 10 12 1 10 7 12 1 1 1 10 12 1 1 18 12 1 1 10 7 12 1 1 1 10 7 12 1 10 12 1 1 10 7 1 100 1 10 12 1 1 9 12 1 1 100 1 8 1 10 12 1 10 12 1 1 10 12 1 1 10 7 12 1 1 1 7 1 10 12 1 100 1 100 1 10 10 12 1 1 10 12 1 1 100 1 10 100 12 1 1 1 10 12 1 1 10 12 1 1 9 12 1 1 10 12 1 10 12 1 1 9 12 1 1 9 12 1 1 10 12 1 1 10 100 1 10 12 1 10 12 1 10 12 1 1 10 9 12 1 10 12 1 8 1 10 12 1 1 10 12 1 1 10 12 1 10 12 1 1 10 12 1 1 10 12 1 1 9 7 12 1 1 1 10 100 12 1 1 10 12 10 12 1 10 12 1 10 12 1 10 12 1 9 100 12 1 1 1 9 12 1 10 12 1 10 100 12 1 1 1 10 12 1 1 10 100 12 1 1 10 12 1 10 12 1 1 10 100 12 1 1 1 10 12 1 10 12 1 1 10 12 1 10 12 1 10 12 1 1 10 7 1 10 10 10 12 1 1 10 12 1 1 10 12 10 10 12 1 1 100 1 8 1 10 10 12 1 1 10 12 1 100 1 11 12 1 10 100 12 1 1 10 12 1 10 12 1 10 100 12 1 1 10 10 12 1 1 8 1 10 12 1 10 12 1 1 8 1 10 12 1 9 12 1 10 12 1 10 12 1 10 12 1 10 12 100 1 9 12 1 10 12 1 9 12 1 10 12 1 10 12 1 10 12 1 10 10 12 1 10 12 1 10 7 12 1 1 10 12 1 10 12 1 10 12 1 1 10 12 1 10 12 1 10 12 1 100 1 10 12 1 10 12 1 1 10 12 1 1 10 12 1 1 10 12 1 1 10 12 1 1 10 12 1 1 100 1 10 10 12 1 1 10 12 1 1 10 12 1 1 10 10 12 1 10 12 1 1 10 12 1 1 10 12 1 1 10 12 1 1 7 1 10 10 12 11 100 12 1 1 10 12 1 10 12 1 10 100 12 1 1 1 10 12 1 1 10 10 12 1 1 100 1 10 10 12 1 1 10 100 12 1 1 1 100 1 100 1 10 12 1 1 10 12 1 10 10 12 1 1 10 12 1 10 12 1 10 12 1 10 100 12 1 1 1 11 100 12 1 1 10 12 1 10 12 1 9 12 1 10 12 1 1 10 12 1 9 100 12 1 1 1 9 12 1 10 100 12 1 1 1 10 12 1 10 12 1 10 100 12 1 1 1 10 12 1 10 12 10 12 1 1 100 1 10 8 1 10 12 1 11 11 12 1 1 11 100 12 1 1 11 12 1 8 1 10 12 1 10 12 1 1 9 12 1 9 12 1 1 10 7 12 1 1 9 12 1 10 12 1 1 10 10 12 1 10 7 12 1 1 1 10 100 12 1 1 10 100 12 1 1 9 12 1 1 10 12 1 9 12 1 10 12 1 10 12 1 1 9 12 1 1 9 12 1 10 12 1 10 12 1 1 9 12 1 100 1 10 10 12 1 1 100 1 10 12 1 1 100 11 100 1 9 12 1 1 9 12 1 100 1 10 12 1 9 12 1 1 9 12 1 10 12 1 10 12 1 1 9 12 1 100 1 10 10 12 1 1 10 10 12 1 10 12 10 10 12 1 9 12 1 10 12 1 1 10 7 12 1 1 1 10 12 1 1 10 12 1 8 10 100 8 1 18 8 1 8 1 10 12 1 9 12 1 9 12 1 1 10 12 1 7 1 100 1 10 12 1 9 12 1 1 7 1 10 10 12 1 10 7 1 9 12 1 8 1 10 12 1 7 1 10 12 1 10 12 1 1 100 1 100 1 9 12 1 100 1 8 1 10 10 100 12 1 1 1 10 12 11 100 12 1 1 1 10 12 1 10 12 1 1 10 8 1 8 1 10 12 1 1 9 100 12 1 1 11 12 100 1 11 100 12 1 1 9 12 1 10 100 12 1 1 1 10 100 12 1 1 10 12 1 1 9 12 1 9 10 12 1 1 10 12 1 1 10 12 1 1 10 12 1 1 10 12 1 1 11 12 1 100 1 11 12 1 10 100 12 1 1 1 10 12 1 11 12 1 10 100 12 1 1 1 10 12 1 10 100 12 1 1 1 11 12 1 11 12 1 1 10 12 1 10 12 1 1 9 12 1 1 9 100 12 1 1 10 12 1 10 100 12 1 1 1 10 12 1 1 10 12 1 10 12 1 10 12 1 10 100 12 1 1 1 10 12 1 8 1 10 12 1 10 12 1 10 12 1 100 1 10 12 10 100 12 1 1 1 11 100 12 1 1 1 10 12 1 1 10 12 1 18 12 1 1 11 12 1 1 18 11 12 1 18 12 1 11 12 1 10 12 1 1 10 12 1 10 12 1 10 12 1 10 12 1 10 12 10 12 1 8 1 10 12 1 7 1 9 12 1 1 100 1 100 1 100 1 100 1 1 1 3 1 3 1 3 1 1 1 1 1 1 1 5 0 1 1 1 1 1 1 1 1 1 1 1 1 1 1 1 1 1 1 1 1 1 1 1 1 100 1 1 1 1 1 1 1 100 1 1 1 1 1 100 1 1 1 1 1 1 1 1 1 1 1 1 1 1 1 1 1 1 1 1 1 1 1 1 1 1 1 1 1 1 1 1 1 1 1 1 1 1 1 1 1 1 100 1 1 1 1 1 1 1 1 1 1 1 1 1 1 1 1 1 1 1 1 1 1 1 1 1 1 1 1 1 1 1 100 1 1 1 1 1 1 1 1 1 1 1 1 1 1 1 1 1 1 1 1 3 1 1 1 1 1 1 1 1 1 1 1 1 1 1 1 1 1 1 1 1 1 1 1 1 1 1 1 1 1 1 1 1 1 1 1 100 1 100 1 1 1 1 1 1 1 100 1 1 1 1 1 1 1 1 1 1 1 1 1 1 1 1 1 1 1 1 1 1 1 1 1 1 1 1 1 1 1 1 1 1 1 1 1 1 1 1 1 1 1 1 1 1 1 1 1 1 1 1 1 1 1 1 1 1 1 1 1 1 1 1 1 1 1 1 1 1 1 1 1 1 1 1 1 1 1 1 1 1 1 1 1 1 1 1 1 1 1 1 1 1 1 1 1 1 1 1 1 1 1 1 1 1 1 1 1 1 1 1 1 1 1 1 1 1 1 1 1 1 1 1 16 15 10 12 16 15 11 12 16 1 16 15 16 15 10 12 16 16 15 10 12 16 15 16 1 15 10 12 16 15 10 100 12 1 1 1 1 1 1 1 1 1 1 1 1 1 100 1 1 100 1 100 1 1 100 1 100 1 1 100 1 100 1 1
staticfield java/lang/Class EMPTY_CLASS_ARRAY [Ljava/lang/Class; 0 [Ljava/lang/Class;
staticfield java/lang/Class serialPersistentFields [Ljava/io/ObjectStreamField; 0 [Ljava/io/ObjectStreamField;
ciInstanceKlass java/lang/Cloneable 1 0 7 100 1 100 1 1 1
instanceKlass jdk/internal/reflect/DelegatingClassLoader
instanceKlass java/security/SecureClassLoader
ciInstanceKlass java/lang/ClassLoader 1 1 1108 9 7 12 1 1 1 10 7 12 1 1 1 9 12 1 1 10 7 12 1 1 1 7 1 10 12 1 1 10 12 1 1 9 12 1 1 10 12 1 1 100 1 10 12 1 10 12 1 1 10 7 12 1 1 1 100 1 8 1 10 12 1 10 7 12 1 1 1 10 100 12 1 10 7 1 10 7 1 7 1 7 1 10 12 1 10 12 1 9 12 1 1 10 10 7 12 1 1 1 9 12 1 1 9 12 1 9 12 1 1 9 12 1 9 12 1 1 9 12 1 1 7 1 10 12 1 9 12 1 1 10 12 1 1 10 7 12 1 1 1 9 12 1 9 12 1 1 9 12 1 10 12 1 1 9 12 10 12 1 1 7 1 10 8 1 10 12 1 1 10 12 1 10 7 1 7 1 10 12 1 1 10 100 12 1 1 1 8 1 10 12 1 10 12 1 10 12 1 1 10 12 1 1 10 12 1 1 10 12 1 1 10 12 1 1 10 12 1 100 1 10 12 1 10 100 12 1 1 1 10 12 1 1 10 12 1 10 12 1 10 12 1 10 12 1 10 12 1 1 10 10 12 1 10 12 1 10 100 12 1 1 10 12 1 1 10 12 1 1 10 12 1 100 1 10 12 1 100 1 10 12 1 10 100 12 1 1 1 10 10 12 1 1 10 12 1 1 100 1 8 1 10 8 1 10 12 1 10 12 1 100 1 8 1 10 12 1 1 10 12 1 1 10 10 12 1 1 10 12 1 1 10 12 1 1 10 7 1 10 12 1 1 10 12 1 1 10 12 1 1 10 12 1 1 10 12 1 1 10 12 1 1 10 12 1 10 7 12 1 1 1 10 12 1 10 12 1 10 12 1 1 10 12 1 10 12 1 10 12 1 10 12 1 1 10 12 1 10 12 1 1 8 1 9 12 1 10 12 1 1 8 1 8 1 10 7 12 1 1 100 1 10 10 12 10 12 1 10 12 1 10 12 1 10 12 1 1 10 7 12 1 1 10 12 1 10 7 1 7 1 10 12 1 1 10 12 1 10 7 1 10 12 1 100 1 18 12 1 10 100 12 1 1 1 10 100 12 1 1 1 10 7 12 1 1 10 12 1 10 12 1 100 1 10 12 1 8 1 10 10 12 1 1 10 12 1 10 12 1 1 100 1 10 12 1 10 12 1 1 10 7 12 1 1 10 12 1 8 1 100 1 10 10 12 1 9 12 1 10 7 12 1 1 10 12 1 100 1 8 1 10 12 1 10 8 1 8 1 10 12 1 1 10 12 1 1 10 12 1 1 10 100 12 1 1 100 1 100 1 10 12 1 1 100 1 100 1 10 100 12 1 1 10 12 1 10 12 1 1 10 12 1 10 12 1 1 10 12 1 1 9 100 12 1 1 1 10 12 1 1 10 12 1 10 12 1 10 12 1 1 10 12 1 8 1 7 1 18 12 1 1 10 12 1 1 10 12 1 10 12 1 10 12 1 8 1 10 12 1 10 12 1 18 12 1 11 100 12 1 1 1 100 1 10 12 1 1 10 12 1 10 11 12 1 1 10 18 10 12 1 1 11 100 12 1 18 12 1 11 12 1 1 10 12 10 12 1 1 10 12 1 1 100 1 8 1 10 10 12 1 8 1 8 1 10 100 12 1 1 10 12 1 100 1 10 10 12 1 8 1 8 1 8 1 10 12 1 10 12 1 1 10 12 1 10 100 12 1 1 1 11 100 12 1 1 100 1 10 11 10 12 1 10 12 1 10 12 1 1 9 100 12 1 1 9 12 1 1 9 12 9 12 1 9 12 1 9 12 1 8 10 12 1 1 10 7 12 1 1 1 10 12 1 1 10 12 1 1 10 12 1 10 10 12 1 11 12 1 1 10 100 12 1 1 1 100 1 10 12 1 10 12 1 10 12 1 1 1 1 1 1 1 1 1 1 1 1 1 1 1 1 1 1 1 1 1 1 1 1 1 1 1 1 100 1 1 1 1 1 1 1 1 1 1 1 1 1 1 1 1 1 1 1 1 1 100 1 1 1 1 1 1 1 1 1 1 100 1 1 1 1 1 1 1 1 1 1 1 1 1 1 1 1 1 1 1 1 1 1 1 1 1 1 1 1 1 1 1 1 1 1 1 1 1 1 1 1 1 100 1 1 1 1 1 1 1 1 1 1 1 1 1 1 1 1 1 1 1 100 1 1 1 1 1 1 1 1 1 1 1 1 1 1 1 1 1 1 1 1 1 1 1 1 1 1 1 1 1 1 1 1 1 1 1 1 1 1 1 1 1 1 1 1 1 1 1 1 1 1 100 1 1 1 1 1 1 1 1 1 1 1 1 1 1 1 1 1 1 1 1 1 1 1 1 1 1 1 1 1 1 1 1 1 1 1 1 1 1 1 1 1 1 1 1 1 1 16 1 15 10 12 16 1 16 15 10 12 16 1 16 1 15 10 12 16 15 10 12 16 15 10 12 16 15 10 100 12 1 1 1 1 1 100 1 100 1 1
staticfield java/lang/ClassLoader nocerts [Ljava/security/cert/Certificate; 0 [Ljava/security/cert/Certificate;
staticfield java/lang/ClassLoader $assertionsDisabled Z 1
ciInstanceKlass java/lang/System 1 1 856 10 100 12 1 1 1 9 7 12 1 1 1 10 12 1 10 12 1 1 10 12 1 1 10 12 1 9 12 1 1 10 7 12 1 1 1 11 100 12 1 1 1 10 100 12 1 1 1 10 12 1 1 10 12 1 1 100 1 8 1 10 12 1 10 100 12 1 1 1 10 100 12 1 1 1 18 12 1 1 10 100 12 1 1 1 100 1 10 12 1 1 10 100 12 1 1 1 10 12 1 10 7 12 1 1 1 9 100 12 1 1 1 10 7 12 1 1 1 11 7 12 1 1 1 10 12 1 1 10 100 12 1 1 1 100 1 10 10 12 1 1 8 1 10 12 1 8 1 10 12 1 9 12 1 1 8 1 10 7 12 1 1 1 10 12 1 1 100 1 8 1 10 9 12 1 1 8 1 10 12 1 1 10 100 12 1 1 1 8 1 10 12 1 100 1 10 12 1 8 1 10 12 1 10 12 1 1 100 1 10 12 10 12 1 9 12 1 1 9 12 1 1 10 7 12 1 1 1 10 7 12 1 1 1 10 12 1 1 10 12 1 10 12 1 10 7 12 1 1 1 10 12 1 100 1 100 1 8 1 10 12 1 10 12 1 1 7 1 10 12 1 100 1 8 1 10 10 12 1 100 1 8 1 10 8 1 10 100 12 1 1 8 1 10 12 100 1 8 1 10 10 12 1 1 10 100 12 1 1 1 100 1 18 12 1 100 1 9 100 12 1 1 1 10 12 1 100 1 10 12 1 1 10 12 1 1 10 7 12 1 1 1 10 12 1 1 10 12 1 10 12 1 10 12 1 1 10 12 1 7 1 10 12 1 9 7 12 1 1 1 10 7 12 1 1 1 10 12 1 10 12 1 10 7 12 1 1 1 100 1 8 1 10 9 12 1 9 12 1 10 12 1 10 100 12 1 1 10 12 1 10 12 1 1 8 1 10 12 1 1 8 1 11 12 1 10 12 11 12 1 1 11 7 12 1 1 1 11 7 12 1 1 11 12 1 1 7 1 11 12 1 10 12 1 8 1 10 12 1 1 8 1 8 1 8 1 8 1 11 12 1 10 12 1 10 12 1 10 12 1 8 1 10 12 1 1 8 1 9 12 1 8 1 10 7 12 1 1 8 1 7 1 9 7 12 1 1 1 10 12 1 7 1 9 12 10 9 12 7 1 10 12 9 12 1 1 8 1 10 12 1 1 8 1 10 7 12 1 1 10 12 1 10 12 1 1 11 7 12 1 1 10 12 10 7 12 1 1 1 9 12 1 1 100 1 8 1 10 12 1 1 10 7 12 1 1 1 7 1 10 12 1 1 10 12 1 8 1 8 1 10 8 1 8 1 8 1 8 1 10 10 7 12 1 1 10 12 1 10 12 1 1 10 12 1 1 10 12 1 10 100 12 1 1 1 10 100 1 8 1 10 10 10 12 1 1 10 12 1 1 8 1 10 12 1 8 1 8 1 10 12 1 10 7 12 1 1 1 10 12 1 1 8 1 10 12 1 8 1 10 100 12 1 1 7 1 10 10 12 1 10 12 1 9 12 1 1 3 1 3 1 1 1 1 1 1 1 1 1 1 1 1 100 1 1 100 1 1 1 1 1 1 1 1 1 1 1 100 1 100 1 1 1 1 1 1 1 1 1 1 1 1 1 1 1 1 1 1 1 1 1 1 1 1 1 1 1 1 1 1 1 1 1 1 1 1 1 1 1 1 1 1 1 1 1 1 1 1 1 1 1 1 1 1 1 1 1 1 100 1 1 1 1 1 1 1 1 1 1 1 1 1 1 1 1 1 1 1 1 1 1 1 1 1 1 1 1 1 1 1 1 1 1 1 1 1 1 100 1 1 16 15 10 12 1 1 16 15 10 12 16 1 15 10 100 12 1 1 1 1 1 1 1 1 100 1 100 1 1 1 100 1 100 1 1
staticfield java/lang/System in Ljava/io/InputStream; java/io/BufferedInputStream
staticfield java/lang/System out Ljava/io/PrintStream; java/io/PrintStream
staticfield java/lang/System err Ljava/io/PrintStream; java/io/PrintStream
instanceKlass java/lang/Exception
instanceKlass java/lang/Error
ciInstanceKlass java/lang/Throwable 1 1 428 10 7 12 1 1 1 9 7 12 1 1 1 9 12 1 1 9 12 1 9 12 1 1 9 12 1 10 12 1 1 9 12 1 1 10 12 1 1 10 12 1 100 1 100 1 10 8 1 10 12 1 1 8 1 10 100 12 1 1 10 10 12 1 100 1 8 1 10 10 12 1 1 10 7 12 1 1 10 12 1 8 1 9 100 12 1 1 1 10 12 1 1 100 1 10 12 10 12 1 10 100 12 1 1 1 100 1 10 12 10 12 1 10 12 1 100 1 10 10 7 12 1 1 1 11 100 12 1 1 1 10 12 1 1 10 12 1 1 8 1 10 12 1 10 12 1 1 8 1 8 1 10 12 1 1 10 12 1 8 1 8 1 9 12 1 1 10 12 1 1 100 1 10 11 12 1 8 1 8 1 10 7 12 1 1 8 1 10 12 1 8 1 100 1 10 12 1 9 12 1 1 10 12 1 10 100 12 1 9 12 1 1 10 12 1 1 100 1 8 1 10 12 1 10 100 12 1 1 10 12 1 1 100 1 10 100 12 1 1 1 10 12 1 11 100 12 1 1 1 11 100 12 1 1 11 12 1 8 1 10 12 1 1 8 1 10 10 9 100 12 1 1 1 8 1 10 12 1 1 11 10 100 1 8 1 10 11 12 1 1 8 1 9 12 1 10 100 12 1 1 11 9 12 1 1 11 12 1 1 100 9 12 1 1 11 100 12 1 1 100 1 10 12 1 10 12 1 1 100 1 1 1 1 5 0 1 1 1 1 1 1 1 1 1 1 1 1 1 1 1 1 1 1 1 1 1 1 1 1 1 1 1 1 1 1 1 1 1 1 1 1 1 1 1 1 1 1 1 1 1 1 1 1 1 1 1 1 1 1 1 1 1 100 1 100 1 1 1 1 1 1 1 1 1 1 1 1 1 1 1 1 1 1 1 1 1 1 1 1 1 1 1 100 1 100 1 1
staticfield java/lang/Throwable UNASSIGNED_STACK [Ljava/lang/StackTraceElement; 0 [Ljava/lang/StackTraceElement;
staticfield java/lang/Throwable SUPPRESSED_SENTINEL Ljava/util/List; java/util/Collections$EmptyList
staticfield java/lang/Throwable EMPTY_THROWABLE_ARRAY [Ljava/lang/Throwable; 0 [Ljava/lang/Throwable;
staticfield java/lang/Throwable $assertionsDisabled Z 1
instanceKlass kotlin/reflect/jvm/internal/KotlinReflectionInternalError
instanceKlass kotlin/jvm/KotlinReflectionNotSupportedError
instanceKlass kotlin/NotImplementedError
instanceKlass java/lang/AssertionError
instanceKlass java/lang/VirtualMachineError
instanceKlass java/lang/LinkageError
ciInstanceKlass java/lang/Error 1 1 40 10 7 12 1 1 1 10 12 1 10 12 1 10 12 1 10 12 1 100 1 1 1 1 5 0 1 1 1 1 1 1 1 1 1 1 1 1 1 1
instanceKlass sun/nio/fs/WindowsException
instanceKlass java/lang/CloneNotSupportedException
instanceKlass org/jetbrains/kotlin/commonizer/NativeLibraryLoadingException
instanceKlass java/io/IOException
instanceKlass java/lang/ReflectiveOperationException
instanceKlass java/lang/RuntimeException
ciInstanceKlass java/lang/Exception 1 1 54 10 7 12 1 1 1 10 12 1 10 12 1 10 12 1 10 12 1 100 1 1 1 1 5 0 1 1 1 1 1 1 1 1 1 1 1 1 1 1 1 100 1 100 1 100 1 100 1 1 1 1 1 1
instanceKlass org/jetbrains/kotlin/utils/WrappedValues$WrappedProcessCanceledException
instanceKlass kotlin/metadata/internal/protobuf/UninitializedMessageException
instanceKlass org/jetbrains/kotlin/protobuf/UninitializedMessageException
instanceKlass org/jetbrains/kotlin/com/intellij/openapi/util/RecursionManager$CachingPreventedException
instanceKlass org/jetbrains/kotlin/com/intellij/util/IncorrectOperationException
instanceKlass java/util/ConcurrentModificationException
instanceKlass java/util/NoSuchElementException
instanceKlass java/lang/IndexOutOfBoundsException
instanceKlass kotlin/NoWhenBranchMatchedException
instanceKlass java/lang/UnsupportedOperationException
instanceKlass kotlin/UninitializedPropertyAccessException
instanceKlass java/lang/IllegalStateException
instanceKlass kotlin/KotlinNothingValueException
instanceKlass java/lang/IllegalArgumentException
instanceKlass java/lang/ArithmeticException
instanceKlass java/lang/NullPointerException
instanceKlass java/lang/IllegalMonitorStateException
instanceKlass java/lang/ArrayStoreException
instanceKlass java/lang/ClassCastException
ciInstanceKlass java/lang/RuntimeException 1 1 40 10 100 12 1 1 1 10 12 1 10 12 1 10 12 1 10 12 1 100 1 1 1 1 5 0 1 1 1 1 1 1 1 1 1 1 1 1 1 1
ciInstanceKlass java/lang/SecurityManager 0 0 576 10 100 12 1 1 1 9 100 12 1 1 1 10 100 12 1 1 1 100 1 8 1 10 12 1 10 12 1 1 10 100 12 1 1 1 10 100 1 10 100 1 10 9 100 12 1 1 1 10 100 12 1 1 1 10 12 1 1 10 100 12 1 1 100 1 8 1 10 9 12 1 1 9 12 1 8 1 9 12 1 100 1 10 8 1 10 12 1 1 10 12 1 10 12 1 1 100 1 10 10 12 1 1 100 1 8 1 10 12 1 8 1 8 1 8 1 8 1 8 1 8 1 10 12 1 8 1 8 1 8 1 8 1 8 1 10 100 12 1 1 1 10 12 1 1 8 1 100 1 8 1 10 8 1 8 1 8 1 8 1 8 1 10 100 12 1 1 8 1 100 1 8 1 8 1 10 8 1 10 12 1 100 1 8 1 10 10 12 1 1 10 12 1 10 12 1 10 12 1 10 100 12 1 1 1 10 12 1 10 100 12 1 1 11 100 12 1 1 1 18 12 1 1 11 100 12 1 1 1 18 12 1 1 11 12 1 1 18 18 11 12 1 18 12 1 11 12 1 1 9 12 1 1 9 12 1 9 12 1 9 12 1 100 1 10 100 12 1 1 10 12 1 10 12 1 18 12 1 18 10 100 12 1 1 1 18 12 1 10 12 1 18 18 8 1 10 12 1 9 12 1 1 11 100 12 1 1 1 8 1 100 1 10 12 1 10 12 1 1 10 12 1 1 9 12 1 1 10 12 1 10 12 1 1 8 1 100 1 10 9 12 1 8 1 10 12 1 8 1 100 1 10 10 100 12 1 1 10 100 1 9 100 12 1 1 1 11 12 1 1 10 12 1 11 12 1 10 12 1 100 1 10 10 12 1 1 10 12 1 1 1 1 1 1 1 1 1 1 1 100 1 1 1 1 1 1 1 1 1 1 1 1 1 1 1 1 1 1 1 1 1 1 1 1 1 1 1 1 1 1 1 1 1 1 1 1 1 1 1 1 1 1 1 1 1 1 1 1 1 1 1 1 1 1 1 1 3 1 1 1 1 1 1 1 1 1 1 100 1 1 1 1 1 1 1 1 1 1 1 1 1 1 1 1 1 1 1 1 1 1 1 1 1 1 1 1 1 1 1 1 1 1 1 1 1 1 16 15 10 100 12 1 1 1 16 1 16 15 10 12 16 1 15 10 12 16 15 11 100 1 16 1 16 1 15 10 12 16 15 10 12 16 15 10 12 1 16 1 15 11 12 1 15 10 12 16 15 10 16 1 15 10 100 12 1 1 1 1 1 1 100 1 100 1 1
ciInstanceKlass java/security/ProtectionDomain 1 1 348 10 7 12 1 1 1 9 7 12 1 1 1 7 1 10 9 12 1 1 9 12 1 1 9 12 1 1 10 7 12 1 1 7 1 9 12 1 9 12 1 1 7 1 9 12 1 1 9 12 1 10 100 12 1 1 10 100 12 1 1 1 10 12 1 1 10 12 1 9 12 1 9 100 12 1 1 10 12 1 1 10 100 1 10 12 1 1 8 1 100 1 8 1 10 12 1 10 11 10 100 12 1 1 1 10 12 1 1 8 1 11 8 1 10 12 1 8 1 8 1 10 12 1 1 10 12 1 10 12 1 1 10 12 1 8 1 10 12 1 8 1 8 1 10 100 12 1 1 1 9 100 12 1 1 1 10 12 1 1 9 100 12 1 1 1 10 100 12 1 1 1 100 1 18 12 1 1 10 100 12 1 1 1 10 100 1 10 12 1 10 12 1 1 11 100 12 1 1 11 12 1 100 1 11 100 12 1 1 1 10 12 1 10 11 12 1 1 11 12 1 1 10 12 1 10 7 12 1 1 10 100 12 1 1 11 12 1 10 12 10 12 1 8 1 8 1 10 7 12 1 1 1 7 1 10 10 7 12 1 1 1 1 1 1 1 1 1 1 100 1 1 100 1 1 1 1 1 1 1 1 1 1 1 1 1 1 1 1 1 1 1 1 1 1 1 1 1 1 1 1 1 1 1 1 1 1 1 1 1 1 1 1 1 1 1 1 100 1 1 1 1 1 1 100 1 1 16 15 10 12 16 15 10 100 12 1 1 1 1 1 1 1 100 1 100 1 1
staticfield java/security/ProtectionDomain filePermCompatInPD Z 0
ciInstanceKlass java/security/AccessControlContext 1 1 374 9 7 12 1 1 1 9 12 1 1 10 100 12 1 1 1 8 1 10 100 12 1 1 1 10 7 12 1 1 1 9 12 1 9 12 1 1 9 12 1 1 10 7 12 1 1 100 1 10 12 1 11 100 12 1 1 1 11 12 1 11 12 1 11 12 1 1 100 1 11 12 1 1 10 12 1 10 100 12 1 1 1 9 100 12 1 1 1 10 100 12 1 1 1 11 100 12 1 1 1 10 100 1 100 1 8 1 10 12 1 10 12 1 1 100 1 10 100 12 1 1 1 9 12 1 9 12 1 9 12 1 9 12 1 1 9 12 1 1 9 12 1 9 12 1 10 7 12 1 1 1 9 12 1 10 12 1 1 10 12 1 1 8 1 10 12 1 1 10 12 1 1 10 100 12 1 1 1 100 1 10 10 12 1 1 10 100 12 1 1 1 10 8 1 10 100 12 1 1 8 1 10 100 12 1 1 8 1 8 1 10 12 1 8 1 10 12 1 8 1 10 12 1 10 12 1 10 12 1 1 8 1 8 1 100 1 10 12 1 10 12 1 1 100 1 10 12 1 8 1 10 12 1 10 12 1 10 8 1 10 12 1 1 10 12 1 1 10 12 1 1 10 12 1 1 10 12 1 10 12 1 11 10 12 1 10 12 1 1 10 10 10 12 1 1 1 1 1 1 1 1 1 1 1 1 1 1 1 1 1 1 1 1 1 1 1 1 100 1 1 1 1 1 1 1 1 1 1 1 1 1 1 1 1 1 1 1 1 1 1 1 1 1 1 1 1 1 1 1 1 1 1 1 1 1 1 1 1 1 1 1 1 1 1 1 1 1 1 1 1 3 1 1
ciInstanceKlass java/security/AccessController 1 1 295 10 100 12 1 1 1 10 7 12 1 1 1 10 7 12 1 1 1 10 12 1 1 10 12 1 1 10 7 12 1 1 1 10 12 1 1 10 12 1 10 12 1 1 10 12 1 100 1 8 1 10 12 1 10 12 1 10 12 1 1 10 12 1 100 1 100 1 10 12 1 1 10 12 1 10 12 1 10 12 1 1 10 7 12 1 1 1 10 12 1 1 9 100 12 1 1 1 10 100 12 1 1 1 10 12 1 10 12 1 9 100 12 1 1 1 10 12 1 10 12 1 1 9 12 1 1 10 100 1 10 11 7 12 1 1 1 10 7 12 1 1 11 7 1 100 1 10 12 1 10 12 1 10 12 1 8 1 10 12 1 1 8 1 10 100 12 1 1 1 8 1 100 1 10 10 12 1 1 10 12 1 10 7 12 1 1 1 10 12 1 8 1 10 100 12 1 1 8 1 8 1 10 12 1 8 1 10 12 1 10 12 1 1 10 12 1 1 1 1 1 1 1 1 1 1 1 1 1 1 1 1 1 1 1 1 1 1 1 1 1 1 1 1 100 1 1 1 1 1 1 1 1 1 1 1 1 1 1 1 1 1 1 1 1 1 1 1 1 1 1 1 1 1 1 1 1 1 1 100 1 100 1 1 1 1 1 1 1 1 1 3 1 1 1
staticfield java/security/AccessController $assertionsDisabled Z 1
instanceKlass jdk/internal/loader/BuiltinClassLoader
ciInstanceKlass java/security/SecureClassLoader 1 1 102 10 7 12 1 1 1 7 1 10 12 1 9 7 12 1 1 1 10 12 1 10 12 1 10 12 1 1 10 12 1 1 10 12 1 7 1 10 7 1 10 12 1 7 1 10 12 1 11 7 12 1 1 1 7 1 11 12 1 10 12 1 1 1 1 1 1 1 1 1 1 1 1 1 1 1 1 1 1 1 1 1 1 1 1 1 1 1 1 1 1 1 1 1 1 1 1 100 1 1 1 1
instanceKlass java/lang/InstantiationException
instanceKlass java/lang/IllegalAccessException
instanceKlass java/lang/reflect/InvocationTargetException
instanceKlass java/lang/NoSuchFieldException
instanceKlass java/lang/NoSuchMethodException
instanceKlass java/lang/ClassNotFoundException
ciInstanceKlass java/lang/ReflectiveOperationException 0 0 34 10 100 12 1 1 1 10 12 1 10 12 1 10 12 1 100 1 1 1 1 5 0 1 1 1 1 1 1 1 1 1 1 1
ciInstanceKlass java/lang/ClassNotFoundException 0 0 96 100 1 10 100 12 1 1 1 10 12 1 10 12 1 1 10 100 12 1 1 1 8 1 10 100 12 1 1 1 10 100 12 1 1 10 100 12 1 1 1 10 100 12 1 1 1 10 12 1 1 100 1 10 12 1 9 12 1 1 1 1 1 5 0 1 1 1 1 1 1 1 1 1 1 1 1 1 1 1 1 1 1 100 1 1 1 1 1 1 1 1 1 1 1 1
instanceKlass java/util/stream/Collectors$CollectorImpl
instanceKlass java/nio/DirectByteBuffer$Deallocator
instanceKlass java/io/IoOverNioFileSystem$StreamInitializationBundle
instanceKlass java/security/SecureClassLoader$CodeSourceKey
instanceKlass jdk/internal/reflect/ReflectionFactory$Config
instanceKlass jdk/internal/foreign/abi/UpcallLinker$CallRegs
instanceKlass jdk/internal/foreign/abi/VMStorage
ciInstanceKlass java/lang/Record 1 1 22 10 7 12 1 1 1 100 1 1 1 1 1 1 1 1 1 1 1 1 1 1
instanceKlass java/lang/IncompatibleClassChangeError
instanceKlass java/lang/BootstrapMethodError
instanceKlass java/lang/NoClassDefFoundError
ciInstanceKlass java/lang/LinkageError 1 1 31 10 7 12 1 1 1 10 12 1 10 12 1 100 1 1 1 1 5 0 1 1 1 1 1 1 1 1 1 1 1
ciInstanceKlass java/lang/NoClassDefFoundError 0 0 26 10 100 12 1 1 1 10 12 1 100 1 1 1 1 5 0 1 1 1 1 1 1 1 1 1
ciInstanceKlass java/lang/ClassCastException 1 1 26 10 100 12 1 1 1 10 12 1 100 1 1 1 1 5 0 1 1 1 1 1 1 1 1 1
ciInstanceKlass java/lang/ArrayStoreException 1 1 26 10 100 12 1 1 1 10 12 1 100 1 1 1 1 5 0 1 1 1 1 1 1 1 1 1
instanceKlass java/lang/StackOverflowError
instanceKlass java/lang/OutOfMemoryError
instanceKlass java/lang/InternalError
ciInstanceKlass java/lang/VirtualMachineError 1 1 34 10 100 12 1 1 1 10 12 1 10 12 1 10 12 1 100 1 1 1 1 5 0 1 1 1 1 1 1 1 1 1 1 1
ciInstanceKlass java/lang/InternalError 0 0 34 10 100 12 1 1 1 10 12 1 10 12 1 10 12 1 100 1 1 1 1 5 0 1 1 1 1 1 1 1 1 1 1 1
ciInstanceKlass java/lang/OutOfMemoryError 1 1 26 10 100 12 1 1 1 10 12 1 100 1 1 1 1 5 0 1 1 1 1 1 1 1 1 1
ciInstanceKlass java/lang/StackOverflowError 1 1 26 10 100 12 1 1 1 10 12 1 100 1 1 1 1 5 0 1 1 1 1 1 1 1 1 1
ciInstanceKlass java/lang/IllegalMonitorStateException 1 1 26 10 100 12 1 1 1 10 12 1 100 1 1 1 1 5 0 1 1 1 1 1 1 1 1 1
instanceKlass java/lang/ref/PhantomReference
instanceKlass java/lang/ref/FinalReference
instanceKlass java/lang/ref/WeakReference
instanceKlass java/lang/ref/SoftReference
ciInstanceKlass java/lang/ref/Reference 1 1 190 9 7 12 1 1 1 9 7 12 1 1 10 12 1 1 10 12 1 1 9 12 1 1 10 12 1 1 9 12 1 1 9 12 1 1 7 1 10 12 1 10 7 12 1 1 10 12 1 10 12 1 1 10 12 1 7 1 8 1 10 12 1 1 7 1 10 12 1 1 10 12 1 1 10 12 1 9 12 1 10 12 1 1 10 12 1 10 12 1 9 12 1 100 1 100 1 10 12 9 12 1 9 12 1 100 1 10 10 12 1 10 10 7 12 1 1 7 1 10 10 7 12 1 1 1 1 1 1 1 1 1 1 1 1 1 1 1 1 1 1 1 100 1 1 1 100 1 1 1 1 1 1 1 1 1 1 1 1 1 1 1 1 1 1 1 1 1 1 1 1 1 1 1 1 1 1 1 1 1 1 1 100 1 100 1 100 1 1 1
staticfield java/lang/ref/Reference processPendingLock Ljava/lang/Object; java/lang/Object
staticfield java/lang/ref/Reference $assertionsDisabled Z 1
instanceKlass sun/util/locale/provider/LocaleResources$ResourceReference
instanceKlass sun/util/resources/Bundles$BundleReference
instanceKlass sun/util/locale/LocaleObjectCache$CacheEntry
instanceKlass org/jetbrains/kotlin/com/intellij/util/containers/SoftKeySoftValueHashMap$ValueReference
instanceKlass java/lang/invoke/LambdaFormEditor$Transform
ciInstanceKlass java/lang/ref/SoftReference 1 1 47 10 7 12 1 1 1 9 7 12 1 1 1 9 12 1 10 12 1 10 12 1 1 1 1 1 1 1 1 1 1 1 1 1 1 1 1 1 1 1 1 100 1 1 1 1 1
instanceKlass java/util/logging/Level$KnownLevel
instanceKlass jdk/internal/util/WeakReferenceKey
instanceKlass java/lang/ThreadLocal$ThreadLocalMap$Entry
instanceKlass java/util/WeakHashMap$Entry
ciInstanceKlass java/lang/ref/WeakReference 1 1 31 10 7 12 1 1 1 10 12 1 100 1 1 1 1 1 1 1 1 1 1 1 1 1 1 1 1 1 1 1 1
instanceKlass java/lang/ref/Finalizer
ciInstanceKlass java/lang/ref/FinalReference 1 1 50 10 100 12 1 1 1 10 100 12 1 1 1 10 12 1 1 100 1 8 1 10 12 1 1 1 1 1 1 1 1 1 1 1 1 1 1 1 1 1 1 1 1 1 1 1 1 1 100 1
instanceKlass jdk/internal/ref/Cleaner
instanceKlass jdk/internal/ref/PhantomCleanable
ciInstanceKlass java/lang/ref/PhantomReference 1 1 39 10 100 12 1 1 1 10 7 12 1 1 1 1 1 1 1 1 1 1 1 1 1 1 1 1 1 1 1 1 1 1 1 1 1 1 1 1 1
ciInstanceKlass java/lang/ref/Finalizer 1 1 155 9 7 12 1 1 1 10 100 12 1 1 1 9 12 1 1 9 12 1 1 9 12 1 9 12 1 9 12 1 1 10 12 1 100 1 8 1 10 12 1 10 12 1 1 9 12 1 100 1 10 12 1 100 1 11 100 12 1 1 10 12 1 100 1 10 12 1 100 1 10 12 1 10 100 12 1 1 1 10 100 12 1 1 1 100 1 10 10 12 1 7 1 10 12 1 7 1 10 12 1 1 10 12 1 1 10 12 1 10 7 12 1 1 1 7 1 10 7 1 10 10 12 1 1 1 1 1 1 1 1 1 1 1 1 1 1 1 1 1 1 1 1 1 1 1 1 1 1 1 1 1 1 1 1
staticfield java/lang/ref/Finalizer lock Ljava/lang/Object; java/lang/Object
staticfield java/lang/ref/Finalizer ENABLED Z 1
staticfield java/lang/ref/Finalizer $assertionsDisabled Z 1
ciInstanceKlass java/lang/Runnable 1 0 11 100 1 100 1 1 1 1 1 1 1
instanceKlass java/util/concurrent/ForkJoinWorkerThread
instanceKlass java/lang/ref/Finalizer$FinalizerThread
instanceKlass java/lang/ref/Reference$ReferenceHandler
instanceKlass jdk/internal/misc/InnocuousThread
instanceKlass java/lang/BaseVirtualThread
ciInstanceKlass java/lang/Thread 1 1 870 10 7 12 1 1 1 9 12 1 1 10 100 12 1 1 10 12 1 10 100 12 1 1 100 1 8 1 10 12 1 1 9 12 1 9 12 1 1 9 12 1 1 100 1 10 12 1 1 10 12 1 10 100 12 1 1 1 10 12 9 12 1 1 10 12 1 100 1 10 12 1 100 1 8 1 10 9 100 12 1 1 1 10 12 1 1 10 12 1 1 10 12 1 1 10 12 1 10 12 1 1 3 8 1 100 1 5 0 10 7 12 1 1 1 9 12 1 10 12 1 1 10 7 12 1 1 1 10 7 12 1 1 1 10 12 1 1 10 12 1 1 9 12 1 1 10 100 1 8 1 10 7 1 10 12 1 9 12 1 1 10 100 12 1 1 1 10 10 12 1 1 9 100 12 1 1 1 10 12 1 1 10 12 1 1 10 7 12 1 1 10 12 1 10 12 1 10 7 12 1 1 9 12 1 10 7 12 1 1 1 10 12 1 1 9 12 1 1 9 12 1 1 10 7 12 1 1 1 9 12 1 1 10 100 12 1 1 10 100 12 1 1 1 10 12 1 10 12 1 10 100 12 1 1 9 12 1 8 1 9 100 12 1 1 9 12 1 1 5 0 100 1 10 100 1 10 100 1 10 100 1 10 8 1 10 12 1 1 10 100 12 1 10 12 1 10 12 1 100 1 8 1 10 10 12 1 10 12 1 1 10 100 12 1 1 1 10 100 12 1 1 1 10 12 1 7 1 9 12 1 1 100 1 10 10 12 1 9 12 1 1 10 12 1 1 10 12 1 1 10 12 1 10 12 1 9 12 1 1 10 10 12 1 1 10 12 1 1 11 7 12 1 1 10 100 12 1 1 9 12 1 9 12 1 1 9 12 1 1 10 100 12 1 1 10 12 1 1 9 100 12 1 1 1 10 100 12 1 1 10 12 1 10 12 1 100 1 10 10 12 9 12 1 1 10 12 1 11 100 12 1 1 10 12 1 10 12 1 10 12 1 9 12 1 10 10 12 1 10 12 1 1 9 12 1 9 12 10 12 1 8 1 10 12 1 10 12 1 10 12 1 10 12 1 10 12 1 1 10 12 1 10 12 1 1 10 12 1 10 12 1 10 12 1 10 12 1 10 12 1 1 9 7 12 1 1 1 8 1 10 9 12 1 10 12 1 100 1 8 1 10 10 12 1 8 1 10 12 1 1 9 12 10 12 8 1 10 10 12 1 10 12 1 8 1 10 12 1 10 8 1 10 100 12 1 1 10 12 1 1 100 1 8 1 10 9 12 1 9 12 1 1 10 12 1 1 10 10 12 1 10 12 1 100 10 7 12 1 1 1 9 12 1 10 12 1 1 10 12 1 1 10 100 12 1 1 1 11 100 12 1 1 1 9 100 12 1 1 1 10 100 12 1 1 1 100 1 10 12 1 100 1 10 12 1 10 12 1 1 10 12 1 1 8 1 9 12 1 10 12 1 10 12 1 1 11 100 12 1 1 1 10 12 1 1 1 1 3 1 3 1 3 1 3 1 1 1 1 1 1 1 1 1 1 1 1 1 1 1 1 1 1 1 1 1 100 1 1 1 1 1 1 1 1 1 1 1 1 1 1 1 1 1 1 1 1 1 1 100 1 1 1 1 1 1 1 1 1 1 1 1 1 1 1 1 100 1 100 1 1 1 1 1 1 1 1 1 1 1 1 1 1 1 1 1 1 1 1 1 1 1 1 1 1 1 1 1 1 1 1 1 1 1 1 1 1 1 1 1 1 1 1 1 1 1 1 1 1 1 1 1 1 1 1 1 1 1 1 1 1 1 1 1 1 1 1 1 1 1 1 1 1 1 1 100 100 1 1 1 1 1 1 1 1 1 1 1 1 1 1 1 1 1 1 1 1 1 1 1 1 1 1 100 1 100 1 100 1 100 1 100 1 1 100 1 1 1 1 1 1 1 1 1 1 1 1 1 1 1
staticfield java/lang/Thread NEW_THREAD_BINDINGS Ljava/lang/Object; java/lang/Class
staticfield java/lang/Thread EMPTY_STACK_TRACE [Ljava/lang/StackTraceElement; 0 [Ljava/lang/StackTraceElement;
ciInstanceKlass java/lang/Thread$FieldHolder 1 1 48 10 7 12 1 1 1 9 7 12 1 1 1 9 12 1 1 9 12 1 1 9 12 1 1 9 12 1 1 1 1 1 1 1 1 1 1 100 1 100 1 1 1 1 100 1 1 1
ciInstanceKlass java/lang/Thread$Constants 0 0 59 100 1 10 100 12 1 1 1 100 1 10 10 100 12 1 1 1 100 1 8 1 10 12 1 9 100 12 1 1 1 100 1 100 1 10 12 1 10 12 1 9 12 1 1 1 1 1 1 1 1 1 1 1 1 1 1 1 1
ciInstanceKlass java/lang/Thread$UncaughtExceptionHandler 1 0 16 100 1 100 1 1 1 1 1 1 1 1 100 1 1 1
ciInstanceKlass java/lang/ThreadGroup 1 1 411 10 7 12 1 1 1 9 7 12 1 1 1 8 1 9 12 1 1 100 1 9 12 1 1 9 12 1 1 10 7 12 1 1 1 10 12 1 1 10 12 1 10 12 1 10 12 1 10 12 1 1 10 12 1 1 10 12 1 10 12 1 1 10 12 1 10 12 1 10 100 12 1 1 1 10 12 1 1 18 12 1 1 11 100 12 1 1 1 10 7 12 1 1 1 10 100 12 1 10 12 1 1 10 12 1 1 10 12 1 1 10 100 12 1 1 1 10 12 1 11 12 1 1 11 100 12 1 1 11 12 1 1 10 12 1 1 10 12 1 10 12 1 11 12 1 11 12 1 1 100 1 10 10 12 1 100 1 10 18 12 1 1 11 100 12 1 1 1 11 12 1 1 9 12 1 1 10 12 1 1 8 1 10 100 12 1 1 1 10 100 12 1 1 1 10 12 1 1 11 12 10 12 1 1 10 12 1 1 11 100 1 9 12 1 100 1 10 8 1 10 12 1 1 10 12 1 1 8 1 10 12 1 10 100 12 1 1 1 10 12 1 1 10 7 1 8 1 10 8 1 10 12 1 10 12 1 8 1 9 12 1 1 9 12 1 10 100 12 1 1 1 100 9 12 1 1 100 1 9 12 1 10 12 10 12 1 1 100 10 12 9 12 1 10 12 1 100 1 10 11 12 1 1 100 1 10 10 12 1 10 12 1 1 1 1 1 1 1 1 1 1 1 1 1 1 1 1 1 1 3 1 1 1 1 1 1 1 1 1 1 1 1 100 1 1 1 1 1 1 1 1 1 1 1 1 1 1 1 1 1 1 1 1 1 1 1 1 1 1 1 1 1 1 1 1 1 1 1 1 1 1 1 1 1 1 1 16 15 10 12 16 16 15 10 12 16 15 10 100 12 1 1 1 1 1 100 1 100 1 1
staticfield java/lang/ThreadGroup $assertionsDisabled Z 1
instanceKlass java/lang/ThreadBuilders$BoundVirtualThread
instanceKlass java/lang/VirtualThread
ciInstanceKlass java/lang/BaseVirtualThread 0 0 36 10 100 12 1 1 1 100 1 1 1 1 1 1 1 1 1 1 1 1 1 1 1 1 1 1 1 1 100 1 100 1 1 100 1 1
ciInstanceKlass java/lang/VirtualThread 0 0 907 9 100 12 1 1 1 10 100 12 1 1 1 10 100 12 1 1 1 10 100 12 1 1 1 9 12 1 1 9 12 1 1 100 1 10 12 1 9 12 1 1 18 12 1 1 9 12 1 1 10 12 1 1 100 1 10 12 1 10 12 1 1 10 12 1 1 10 12 1 1 10 12 1 10 100 12 1 10 12 1 10 12 1 10 12 1 10 12 1 11 100 12 1 1 1 100 1 10 12 1 1 10 100 12 1 1 1 10 100 12 1 1 1 10 12 1 100 1 10 10 12 1 10 12 1 1 9 12 1 1 10 12 1 1 9 12 1 1 10 12 1 9 12 1 1 9 12 1 100 1 10 10 12 1 10 100 12 1 1 10 9 10 10 12 1 1 10 12 1 1 10 100 12 1 1 10 100 1 10 9 10 10 12 1 100 1 10 12 1 1 10 12 1 10 12 1 10 12 1 1 9 12 1 10 12 1 10 12 1 9 12 1 1 10 12 1 10 12 1 9 12 1 1 10 12 1 10 12 1 10 12 1 11 100 12 1 1 10 12 1 1 10 12 1 1 10 12 1 1 9 12 1 10 100 1 10 12 1 1 10 12 1 1 10 12 1 10 12 1 10 12 1 10 12 9 12 1 1 10 100 12 1 1 10 12 1 10 12 1 1 10 100 12 1 1 10 12 1 100 1 8 1 10 12 1 10 12 1 1 10 12 1 10 12 1 10 100 12 1 1 10 12 1 10 12 1 1 10 12 1 10 12 1 1 10 100 12 1 1 10 12 1 1 10 12 1 1 100 1 10 10 12 1 100 1 9 12 1 1 10 100 12 1 1 10 9 12 1 1 18 9 100 12 1 1 1 11 100 12 1 1 1 11 100 1 11 12 10 12 1 10 12 1 1 10 12 1 100 1 10 10 12 1 10 12 1 1 10 12 1 1 10 12 1 10 12 1 10 12 1 9 12 1 1 11 100 12 1 1 10 12 9 100 12 1 1 1 9 12 1 10 12 1 1 9 12 1 9 12 1 9 12 1 100 1 10 10 12 1 1 10 12 1 10 12 100 1 100 1 10 8 1 10 12 1 1 10 12 1 10 12 1 10 10 12 1 8 1 10 10 12 1 10 12 1 10 100 12 1 1 8 1 8 1 10 9 100 12 1 1 1 10 12 1 1 10 12 1 10 10 10 12 9 12 1 10 12 1 1 9 12 1 10 12 1 1 9 12 1 10 12 1 1 18 12 1 1 18 12 1 10 100 12 1 1 1 8 1 10 100 12 1 1 1 10 100 12 1 1 1 18 12 1 10 100 12 1 1 1 100 1 10 12 1 8 1 10 12 1 8 1 10 12 1 1 8 1 8 1 10 100 12 1 1 8 1 10 12 1 8 1 8 1 10 100 12 1 1 1 10 12 1 10 12 1 1 10 12 1 18 12 1 1 18 12 1 1 5 0 9 12 1 10 12 1 18 12 1 100 1 10 12 10 100 12 1 1 10 12 1 1 100 1 8 1 10 10 12 1 10 12 1 1 10 12 1 9 12 1 8 10 12 1 1 8 8 9 12 1 8 10 12 1 1 3 1 3 1 3 1 3 1 3 1 3 1 3 1 3 1 3 1 3 1 3 1 3 3 1 3 1 1 1 1 1 1 1 1 1 1 1 1 1 1 100 1 1 1 1 1 1 1 1 1 1 1 1 1 1 100 1 1 1 1 1 1 1 1 1 1 1 100 1 1 1 1 1 1 1 1 1 1 1 1 1 1 1 1 1 1 1 1 1 1 1 1 1 1 1 1 1 1 1 1 1 1 1 1 1 1 1 100 1 1 1 1 1 1 1 1 1 1 1 1 1 1 1 1 1 1 1 1 1 1 1 1 1 1 1 1 1 1 1 1 1 1 1 100 1 1 1 1 1 1 1 1 1 1 1 1 1 1 100 1 1 16 15 10 12 15 16 15 10 12 16 15 10 12 16 16 15 10 12 16 15 10 12 16 15 10 12 16 15 10 12 16 1 15 10 100 12 1 1 1 1 1 1 1 100 1 1 100 1 100 1 1
ciInstanceKlass java/lang/ThreadBuilders$BoundVirtualThread 0 0 132 10 100 12 1 1 1 9 100 12 1 1 1 10 100 12 1 1 1 9 12 1 1 10 12 1 1 10 12 1 1 9 12 1 1 10 100 12 1 1 1 10 12 1 1 100 1 8 1 10 12 1 10 12 1 1 10 12 1 1 10 12 1 1 10 100 12 1 1 1 8 1 10 12 1 8 1 10 12 1 1 10 100 12 1 1 9 100 12 1 1 1 10 12 1 1 10 10 12 1 1 1 1 1 1 1 1 1 1 1 1 1 1 1 1 1 1 1 1 1 1 1 1 1 1 1 1 100 1 1 1 1
ciInstanceKlass java/util/Map 1 1 263 11 7 12 1 1 1 11 12 1 1 10 100 12 1 1 11 12 1 1 11 7 12 1 1 1 11 100 12 1 1 1 11 12 1 1 7 1 11 12 1 11 12 1 100 1 100 1 10 12 1 1 11 100 12 1 1 1 11 100 12 1 1 1 11 12 1 11 12 1 10 12 1 1 11 12 1 11 100 12 1 9 7 12 1 1 1 100 1 10 12 7 1 7 1 10 12 1 7 1 10 7 1 11 12 1 11 12 1 1 11 12 1 1 7 1 11 12 1 1 1 1 1 1 1 1 1 1 1 1 1 1 1 1 1 1 1 1 1 1 1 1 1 1 1 1 1 1 1 1 1 1 1 1 1 1 1 1 1 1 1 1 1 1 1 1 1 1 1 1 1 1 1 1 1 1 1 1 1 1 1 1 1 1 1 1 1 1 1 1 1 1 1 1 1 1 1 1 1 1 1 1 1 1 1 1 1 1 1 1 1 1 1 1 1 1 1 1 1 1 1 1 1 1 1 1 1 1 1 1 1 1 1 1 1 1 1 1 1 1 1 1 1 1 100 1 1 1 1 1 1 1 1 1 1 1 1 1 1 1 1 1 1
instanceKlass java/util/Hashtable
ciInstanceKlass java/util/Dictionary 1 1 36 10 7 12 1 1 1 100 1 1 1 1 1 1 1 1 1 1 1 1 1 1 1 1 1 1 1 1 1 1 1 1 1 1 1 1
instanceKlass java/util/Properties
ciInstanceKlass java/util/Hashtable 1 1 516 100 1 10 7 12 1 1 1 9 7 12 1 1 1 100 1 100 1 10 8 1 10 12 1 1 10 12 1 10 12 1 1 10 12 1 10 7 12 1 1 1 8 1 10 12 1 9 12 1 1 7 1 9 12 1 1 4 10 7 12 1 1 1 9 12 1 4 10 12 1 11 100 12 1 1 1 10 12 1 1 10 12 1 1 9 12 1 10 12 1 1 100 1 10 9 12 1 1 10 7 12 1 1 1 9 12 1 1 10 12 1 10 12 1 3 9 12 1 9 12 1 3 10 12 1 10 12 1 10 12 1 1 11 12 1 1 11 100 12 1 1 1 11 100 12 1 1 1 11 12 1 100 1 11 12 1 11 12 1 10 12 1 1 10 12 1 1 10 12 1 9 12 1 1 9 12 9 12 1 1 10 100 1 100 1 10 12 1 10 8 1 10 10 12 1 8 1 10 8 1 10 100 12 1 1 1 100 1 10 12 1 10 12 1 100 1 10 12 1 10 12 1 1 100 1 10 100 1 10 10 12 1 1 11 12 1 1 11 12 1 100 1 10 10 10 100 12 1 1 11 100 12 1 1 1 100 1 10 11 100 12 1 1 11 100 12 1 10 12 1 10 12 1 1 10 100 12 1 1 10 12 1 1 10 12 1 1 10 12 1 1 10 100 12 1 1 1 8 10 100 12 1 1 100 1 8 1 10 4 4 10 12 1 1 10 12 1 8 1 4 10 12 10 100 12 1 1 1 100 1 11 100 12 1 1 1 10 100 12 1 1 1 10 12 1 10 12 1 1 10 100 1 100 1 1 1 1 1 1 5 0 1 1 1 1 1 3 1 3 1 3 1 1 1 1 1 1 1 1 1 1 1 1 1 1 1 1 1 1 1 1 1 1 1 1 1 100 1 1 1 1 1 1 1 1 1 1 1 1 1 1 1 1 1 1 1 1 1 1 1 1 1 1 1 1 1 100 1 1 1 1 1 1 1 1 1 1 1 1 1 1 100 1 1 1 1 1 1 1 1 1 1 1 1 1 1 1 1 1 1 1 1 1 1 1 1 1 1 1 1 1 1 1 1 1 1 1 1 1 1 1 1 1 1 1 1 100 1 1 1 100 1 1 1 1 1 100 1 1 1 1 1 1 1 1 1 1 1 1 1 1 1 1 1 1
ciInstanceKlass java/util/Properties 1 1 690 10 7 12 1 1 1 100 1 10 7 12 1 1 7 1 10 12 1 9 12 1 1 9 12 1 1 9 12 1 1 10 7 12 1 1 1 10 12 1 1 8 1 10 7 12 1 1 1 7 1 10 12 1 10 12 1 1 8 1 10 12 1 7 1 10 12 10 12 1 1 9 12 1 1 10 12 1 1 7 1 10 12 1 10 12 1 10 12 1 1 100 1 8 1 10 12 1 10 12 1 10 12 1 1 10 12 1 100 1 3 10 10 7 12 1 1 1 10 12 1 10 12 1 1 8 1 10 12 1 10 12 1 1 8 1 10 7 12 1 1 10 12 1 1 10 12 1 10 12 1 1 100 1 10 12 1 10 12 1 1 100 1 9 100 12 1 1 1 10 12 1 10 12 1 1 10 12 1 1 10 12 1 1 7 1 9 12 1 1 7 1 7 1 10 12 1 7 1 11 7 12 1 1 1 11 12 1 1 11 7 12 1 1 1 11 7 12 1 1 1 11 12 1 1 11 12 1 11 12 1 10 12 1 1 8 1 10 12 1 10 7 12 1 1 10 12 1 7 1 10 10 12 1 10 12 1 100 1 10 10 12 1 1 10 100 12 1 1 9 100 12 1 1 10 12 1 1 10 100 12 1 1 1 100 1 100 1 100 1 10 8 1 8 1 10 12 1 10 12 1 10 12 1 1 10 10 12 1 1 10 12 1 1 7 1 10 10 12 1 11 7 12 1 1 10 7 12 1 1 1 8 1 10 100 12 1 1 11 11 7 1 8 1 10 100 1 11 10 12 1 10 10 12 1 10 12 1 1 10 12 1 1 10 12 1 1 10 12 1 10 12 1 10 10 12 1 10 12 1 10 12 1 10 10 12 1 1 10 12 1 1 10 10 12 1 10 12 1 10 12 1 10 12 1 10 12 1 1 10 12 1 1 10 12 1 10 12 1 10 12 1 1 10 12 10 12 1 1 10 12 1 1 10 12 1 10 12 1 1 10 12 1 1 10 12 10 11 12 1 4 11 10 12 1 1 10 100 12 1 1 11 12 1 10 12 1 1 10 100 12 1 1 10 12 1 100 1 8 1 10 12 1 10 10 100 12 1 1 1 100 1 6 0 10 12 1 1 11 100 12 1 1 1 10 12 1 10 12 1 1 1 1 1 5 0 1 1 1 1 1 1 1 1 1 1 1 1 1 1 1 1 1 1 1 1 1 1 1 1 1 1 1 1 1 1 1 1 1 1 1 1 1 1 1 100 1 1 1 1 1 1 1 1 1 1 1 1 1 1 1 1 1 1 1 1 100 1 1 1 1 1 1 1 1 1 1 1 1 100 1 100 1 1 1 1 1 100 1 1 1 1 1 1 1 1 1 1 1 1 1 1 1 1 1 1 1 1 1 1 1 1 1 1 1 1 1 1 1 1 1 1 1 1 1 1 1 1 1 1 1 1 1 1 1 1 1 1 1 1 1 1 1 1 1 1 1 1 1 1 1 1 1 1 1 1 1 1 1 1 1 1 1 1 1 100 1 1 1 1 1 1 1 1 1 1 1 100 1 1
staticfield java/util/Properties UNSAFE Ljdk/internal/misc/Unsafe; jdk/internal/misc/Unsafe
ciInstanceKlass java/lang/Module 1 1 1070 10 7 12 1 1 1 9 7 12 1 1 1 10 7 12 1 1 1 9 12 1 9 12 1 1 9 12 1 1 10 12 1 1 10 12 1 10 12 1 1 10 7 12 1 1 1 7 1 10 7 12 1 1 1 10 12 1 1 11 7 12 1 1 1 10 12 1 1 10 7 12 1 1 1 10 12 1 1 10 7 12 1 1 1 9 100 12 1 1 1 10 100 12 1 1 1 10 12 1 8 1 10 7 12 1 1 1 10 7 12 1 1 1 10 7 12 1 1 1 10 12 1 10 12 1 9 12 1 1 10 100 12 1 1 100 1 100 1 10 8 1 10 12 1 1 10 12 1 10 12 10 12 1 10 7 12 1 1 8 1 8 1 10 8 1 8 1 9 12 1 1 8 1 10 100 12 1 1 1 10 12 1 9 12 1 1 11 12 1 9 100 12 1 1 10 100 12 1 1 1 10 100 12 1 1 1 10 12 1 1 8 1 10 12 1 1 10 12 1 10 12 1 1 9 100 12 1 1 1 10 12 1 1 10 12 1 1 9 12 1 10 12 1 10 12 1 9 12 1 1 11 7 12 1 1 10 12 1 1 9 12 1 9 12 1 10 12 1 10 12 1 100 1 8 1 10 10 12 1 1 10 12 1 8 1 10 12 1 1 8 1 8 1 10 12 1 1 10 12 1 10 12 1 1 18 12 1 1 10 12 1 1 11 12 1 9 12 1 11 12 10 100 12 1 1 100 1 8 1 10 11 12 1 1 10 7 12 1 1 1 10 12 1 10 12 1 1 11 12 1 1 11 7 12 1 1 11 12 1 1 9 12 1 11 12 1 10 12 1 1 10 12 1 1 9 12 1 10 12 10 7 12 1 1 10 7 1 18 12 1 1 11 100 12 1 1 1 18 12 1 11 12 1 1 10 100 12 1 1 1 11 12 1 1 10 7 12 1 1 7 1 11 12 1 7 1 7 1 10 12 1 10 7 12 1 1 1 10 11 7 12 1 8 1 10 10 12 1 1 10 7 12 1 1 10 12 1 10 12 1 7 1 10 12 1 10 11 12 1 1 10 12 10 12 1 1 9 12 1 1 100 1 10 10 12 1 1 11 7 1 10 12 1 1 11 12 1 10 10 12 1 11 10 12 1 1 10 12 1 1 10 12 1 1 10 7 12 1 1 10 12 1 10 12 1 1 10 10 12 1 1 10 12 1 18 12 1 11 12 1 18 12 1 10 12 1 10 12 1 10 12 7 1 10 12 1 10 12 1 10 12 1 9 12 1 7 1 10 10 10 10 12 1 10 12 1 10 12 1 10 12 1 1 10 12 1 1 10 12 1 9 12 1 18 12 1 1 10 100 12 1 1 1 100 1 8 1 10 12 1 1 10 12 1 1 10 100 12 1 1 100 1 10 12 1 1 100 1 8 1 10 12 1 1 100 1 11 12 1 1 10 100 12 1 1 1 18 12 1 1 11 100 12 1 1 1 100 1 10 12 1 10 12 1 1 100 1 100 1 10 12 8 1 10 12 1 1 10 12 1 1 10 100 12 1 1 10 12 1 1 10 12 1 10 12 10 12 1 1 100 1 10 10 12 1 1 10 100 12 1 1 1 100 1 10 12 1 1 10 100 12 1 1 8 1 18 12 1 1 100 1 100 1 9 12 1 1 9 12 1 9 12 1 11 100 12 1 1 1 100 1 11 12 1 1 100 1 10 12 1 8 1 10 12 1 10 12 10 12 1 8 1 10 10 100 12 1 1 100 1 10 10 12 1 10 7 12 1 1 9 12 1 9 12 1 9 12 1 9 12 1 10 12 11 12 1 10 12 1 100 1 1 1 1 1 1 1 1 1 1 1 1 1 1 1 1 1 1 1 100 1 1 1 1 1 1 1 1 1 1 1 1 1 1 1 1 1 1 1 1 1 1 1 1 1 1 1 1 1 1 1 1 1 1 1 1 1 1 1 1 1 1 1 1 1 1 1 1 1 1 1 1 1 1 1 1 1 1 1 1 1 1 1 1 1 1 1 1 1 1 1 1 1 1 1 1 1 1 1 1 1 1 1 1 1 1 1 1 1 1 1 1 1 1 1 100 100 1 1 1 1 1 1 1 1 1 1 1 1 1 1 1 1 1 1 1 1 1 1 1 1 1 1 1 100 1 100 1 1 1 1 1 1 1 1 1 1 1 1 1 1 1 1 1 1 1 1 100 1 1 1 1 1 1 1 1 1 1 1 1 1 1 1 1 1 1 1 1 1 1 1 16 15 10 12 16 16 15 10 12 16 16 15 10 16 1 15 10 12 16 1 15 10 12 16 1 16 15 10 12 16 16 1 15 10 12 16 15 10 100 12 1 1 1 15 10 100 12 1 1 1 1 1 1 1 1 1 1 1 100 1 100 1 1 100 1 100 1 1
staticfield java/lang/Module ALL_UNNAMED_MODULE Ljava/lang/Module; java/lang/Module
staticfield java/lang/Module ALL_UNNAMED_MODULE_SET Ljava/util/Set; java/util/ImmutableCollections$Set12
staticfield java/lang/Module EVERYONE_MODULE Ljava/lang/Module; java/lang/Module
staticfield java/lang/Module EVERYONE_SET Ljava/util/Set; java/util/ImmutableCollections$Set12
staticfield java/lang/Module $assertionsDisabled Z 1
instanceKlass java/lang/reflect/Executable
instanceKlass java/lang/reflect/Field
ciInstanceKlass java/lang/reflect/AccessibleObject 1 1 400 10 7 12 1 1 1 9 100 12 1 1 1 10 100 12 1 1 1 10 7 12 1 1 10 7 12 1 1 1 10 100 12 1 1 1 10 12 1 1 10 12 1 1 9 12 1 1 100 1 10 7 12 1 1 1 11 12 1 100 1 10 12 1 7 1 100 1 10 12 1 10 12 1 1 10 12 1 1 10 12 1 1 10 12 1 1 7 1 10 100 12 1 1 1 10 12 1 1 11 10 7 12 1 1 1 10 12 1 1 10 12 1 10 12 1 10 12 1 1 10 12 1 8 1 100 1 100 1 10 10 12 1 1 8 1 10 12 1 10 12 1 8 1 8 1 8 1 8 1 8 1 8 1 8 1 8 1 8 1 100 1 10 12 1 10 12 1 9 12 1 1 10 12 1 1 10 12 1 10 100 1 100 1 8 1 10 8 1 10 12 1 8 1 10 12 1 10 12 1 1 10 100 1 8 1 10 11 7 12 1 1 1 10 12 1 1 10 12 1 1 10 12 1 1 9 12 1 1 100 1 10 12 1 7 1 10 12 1 10 12 1 1 10 100 1 10 12 1 10 12 10 12 1 10 12 1 10 12 1 1 10 12 1 9 12 1 10 100 12 1 1 8 1 10 100 12 1 1 1 8 1 10 100 12 1 1 1 9 12 1 100 1 10 7 1 10 10 7 12 1 1 1 7 1 10 10 7 12 1 1 1 7 1 9 12 1 1 1 1 1 1 1 1 1 1 1 1 1 1 1 1 1 1 1 1 1 1 1 1 1 1 1 1 1 1 1 1 1 1 1 1 1 1 1 1 1 1 1 1 1 1 1 1 1 1 1 1 1 1 1 1 1 1 1 1 1 1 1 1 1 1 1 1 1 1 1 1 1 1 1 1 1 1 1 1 1 1 1 1
staticfield java/lang/reflect/AccessibleObject reflectionFactory Ljdk/internal/reflect/ReflectionFactory; jdk/internal/reflect/ReflectionFactory
ciInstanceKlass java/lang/reflect/Member 1 1 37 100 1 10 12 1 1 100 1 100 1 1 1 1 3 1 3 1 1 1 1 1 1 1 1 1 1 1 1 1 1 1 1 1 1 1 1
ciInstanceKlass java/lang/reflect/Field 0 0 457 9 100 12 1 1 1 10 12 1 1 10 100 12 1 1 1 10 100 12 1 1 9 12 1 1 10 12 1 1 10 12 1 1 10 100 12 1 1 10 100 12 1 1 1 9 12 1 1 9 12 1 9 12 1 9 12 1 1 9 12 1 1 9 12 1 9 12 1 1 9 12 1 1 100 1 8 1 10 12 1 10 12 1 9 12 1 1 9 12 1 10 12 1 10 100 12 1 1 10 12 1 1 10 12 1 1 10 12 1 10 12 1 1 9 100 12 1 1 1 10 100 12 1 1 1 100 1 10 12 1 1 10 12 1 1 10 12 1 1 10 12 1 10 12 1 10 100 1 10 100 12 1 1 100 1 10 8 1 10 12 1 1 10 12 1 1 8 1 10 12 10 12 1 8 1 8 1 10 11 100 1 9 12 1 10 12 1 1 10 12 1 1 11 100 12 1 1 1 10 12 1 11 12 1 1 11 12 1 1 11 12 1 1 11 12 1 1 11 12 1 1 11 12 1 1 11 12 1 1 11 12 1 1 11 12 1 1 11 12 1 1 11 12 1 1 11 12 1 1 11 12 1 1 11 12 1 1 11 12 1 1 11 12 1 1 11 12 1 1 10 12 1 10 100 12 1 1 10 12 1 10 12 1 10 12 1 9 12 1 1 10 100 12 1 1 1 10 12 1 1 10 12 1 10 100 12 1 1 10 12 1 1 11 100 1 10 12 1 100 1 10 100 12 1 1 1 10 100 12 1 1 1 9 12 1 10 100 12 1 1 1 11 100 12 1 1 1 10 12 1 1 10 12 1 1 9 100 12 1 1 10 100 12 1 1 1 10 12 1 1 100 1 1 1 1 1 1 1 1 1 1 1 1 1 1 1 1 1 1 1 1 1 1 1 1 1 1 1 1 1 1 1 1 1 1 1 1 1 1 1 100 1 1 1 1 1 1 1 1 1 1 1 1 1 1 1 1 1 1 1 1 1 1 1 1 1 1 1 1 1 1 1 1 100 1 1 1 1 1 1 1 1 1 100 1 1
ciInstanceKlass java/lang/reflect/Parameter 0 0 243 10 100 12 1 1 1 9 100 12 1 1 1 9 12 1 1 9 12 1 1 9 12 1 10 12 1 1 10 12 1 1 10 100 12 1 1 1 100 1 10 10 12 1 1 11 100 12 1 1 1 10 12 1 10 100 12 1 1 1 10 12 1 1 10 12 1 10 12 1 8 1 8 1 10 100 12 1 1 1 10 12 1 10 12 9 100 12 1 1 1 10 100 12 1 1 1 10 12 1 8 1 10 12 1 9 12 1 1 10 12 1 1 9 12 1 1 10 12 1 1 10 12 1 1 10 12 1 1 10 12 1 10 10 12 1 10 100 12 1 1 1 10 12 1 1 11 100 12 1 1 10 100 12 1 1 100 1 10 100 12 1 1 1 10 12 1 1 10 12 1 1 10 12 1 1 10 12 1 1 9 12 1 100 1 10 11 12 1 1 11 12 1 1 100 1 1 1 1 1 1 1 1 1 1 1 1 1 1 1 1 1 1 1 1 1 1 1 1 1 1 1 1 1 1 1 1 1 1 1 1 1 1 1 1 1 100 1 1 1 1 1 1
instanceKlass java/lang/reflect/Constructor
instanceKlass java/lang/reflect/Method
ciInstanceKlass java/lang/reflect/Executable 1 1 581 10 7 12 1 1 1 10 7 12 1 1 1 10 7 12 1 1 1 11 7 12 1 1 1 10 7 12 1 1 1 10 12 1 1 10 100 12 1 1 1 10 100 12 1 1 1 10 12 1 8 1 10 10 12 1 1 10 12 1 1 10 100 12 1 1 1 18 12 1 1 11 100 12 1 1 1 8 1 8 1 8 1 10 100 12 1 1 1 11 12 1 1 100 1 8 1 8 1 10 12 1 100 1 8 1 10 12 1 8 1 11 100 12 1 1 1 100 1 11 100 12 1 1 1 11 12 1 8 1 18 8 1 10 12 1 10 12 1 1 18 8 1 10 12 1 100 1 10 12 1 10 12 1 11 12 1 10 12 1 1 8 1 8 1 10 12 1 1 10 12 1 1 10 10 12 1 9 100 12 1 1 1 10 100 12 1 1 1 10 12 1 10 12 1 1 10 100 12 1 1 10 12 1 10 12 1 10 12 1 10 7 12 1 1 100 1 10 100 12 1 1 1 10 12 1 1 10 100 12 1 1 10 12 1 10 12 1 1 9 100 12 1 1 1 10 100 10 12 1 8 1 10 12 1 10 12 1 3 100 1 8 1 10 12 1 10 12 1 10 10 12 1 10 12 1 1 8 1 8 1 8 1 9 12 1 1 9 12 1 10 12 1 100 1 8 1 10 12 1 10 12 1 10 12 1 1 10 12 1 1 10 12 1 10 12 10 12 1 100 1 10 12 1 10 12 1 1 100 1 10 100 12 1 1 1 100 1 10 7 12 1 1 1 10 12 1 1 11 7 12 1 1 10 12 1 10 100 12 1 1 1 10 12 1 1 9 12 1 10 12 1 1 10 12 1 10 12 1 1 9 100 12 1 1 1 10 100 12 1 1 1 10 12 1 10 12 1 1 9 12 1 10 10 10 10 100 12 1 1 1 10 12 1 9 12 1 10 12 1 1 9 12 1 100 1 100 1 1 1 1 1 1 1 1 1 1 1 1 1 1 1 1 1 1 1 1 1 1 1 1 1 1 1 1 1 1 1 1 1 1 1 1 100 1 1 1 1 1 1 1 1 1 1 1 1 1 1 1 1 1 1 1 100 1 1 1 1 1 1 1 1 1 1 1 1 1 1 1 1 1 1 1 1 1 1 1 1 1 1 1 1 1 1 1 1 1 1 1 1 1 1 1 1 1 1 1 100 1 1 1 1 1 1 1 1 1 1 1 1 1 1 1 1 1 1 1 1 1 1 100 1 1 16 15 16 1 16 1 15 10 12 16 15 10 100 12 1 1 1 1 1 1 100 1 1 100 1 100 1 1
ciInstanceKlass java/lang/reflect/Method 1 1 472 9 7 12 1 1 1 10 100 12 1 1 1 10 100 12 1 1 9 12 1 1 10 12 1 1 10 12 1 1 10 100 12 1 1 10 7 12 1 1 1 9 12 1 1 9 12 1 9 12 1 1 9 12 1 9 12 1 9 12 1 1 9 12 1 9 12 1 1 9 12 1 9 12 1 9 12 1 1 100 1 8 1 10 12 1 10 12 1 9 12 1 1 8 1 10 7 12 1 1 10 7 12 1 1 1 10 12 1 1 10 12 1 1 10 12 1 10 12 1 1 10 12 1 1 9 100 12 1 1 1 10 12 1 1 10 12 10 7 12 1 1 10 12 1 1 10 12 1 10 12 1 10 12 1 10 100 12 1 1 1 10 12 1 1 10 100 1 10 100 12 1 1 1 10 100 12 1 1 10 12 1 1 10 12 1 1 10 12 1 10 100 12 1 1 1 10 12 1 10 8 1 10 12 1 10 12 1 100 1 8 1 8 1 8 1 10 12 1 10 12 1 1 10 12 1 1 10 10 12 1 1 10 12 1 11 100 1 10 12 1 9 12 1 1 10 12 1 1 10 12 1 10 12 1 1 10 12 1 1 11 7 12 1 1 1 11 12 1 9 12 1 1 10 12 1 10 12 1 10 12 1 10 12 1 10 12 1 10 12 1 9 12 1 1 10 7 12 1 1 1 10 7 12 1 1 10 12 1 1 10 100 12 1 1 1 10 100 12 1 1 1 10 100 12 1 1 1 11 100 12 1 1 1 10 100 12 1 1 1 100 1 100 1 100 1 10 12 1 10 12 1 1 10 12 1 100 1 8 1 10 12 1 10 10 12 1 1 10 12 1 1 10 12 1 1 10 12 1 1 8 1 10 12 1 1 1 1 1 1 1 1 1 1 1 1 1 1 1 1 1 1 1 1 1 1 1 1 1 1 1 1 1 1 1 1 1 1 1 1 1 1 1 1 1 1 1 1 1 1 1 1 1 1 1 1 1 100 1 100 1 100 1 1 1 1 1 1 1 1 1 1 1 1 1 1 1 1 1 1 1 1 1 1 1 1 1 1 1 1 1 1
ciInstanceKlass java/lang/reflect/Constructor 1 1 439 10 100 12 1 1 1 10 100 12 1 1 9 7 12 1 1 1 10 12 1 1 10 12 1 1 10 100 12 1 1 9 12 1 1 10 7 12 1 1 1 9 12 1 1 9 12 1 1 9 12 1 9 12 1 1 9 12 1 9 12 1 1 9 12 1 1 9 12 1 100 1 8 1 10 12 1 10 12 1 9 12 1 1 10 7 12 1 1 10 7 12 1 1 1 10 12 1 1 10 12 1 1 10 12 1 7 1 100 1 8 1 10 10 12 1 10 12 1 10 12 1 1 10 12 1 1 9 100 12 1 1 1 10 7 12 1 1 10 12 1 1 10 12 1 10 12 1 1 10 100 12 1 1 1 10 100 12 1 1 10 12 1 1 10 12 1 10 100 12 1 1 1 8 1 10 10 12 1 100 1 8 1 10 12 1 10 12 1 1 10 12 1 1 10 12 1 10 12 1 10 12 1 1 10 12 1 1 9 12 1 1 10 12 1 1 10 12 1 1 10 12 1 1 11 7 12 1 1 1 10 12 1 1 10 12 1 10 12 1 10 12 1 8 1 9 12 1 1 10 7 12 1 1 1 10 7 12 1 1 10 12 1 1 10 12 1 1 10 12 1 1 10 12 1 1 10 12 1 9 100 12 1 1 10 12 1 10 12 1 10 12 1 100 1 8 1 10 10 12 1 1 10 12 1 10 10 12 1 1 10 12 1 1 10 100 12 1 1 1 11 100 12 1 1 1 10 12 1 1 9 100 12 1 1 1 10 100 12 1 1 1 10 12 1 1 1 1 1 1 1 1 1 1 1 1 1 1 1 1 1 1 1 1 1 1 1 1 1 1 1 1 1 1 1 1 1 1 1 1 1 1 1 1 1 1 1 1 1 1 1 1 1 1 1 1 100 1 100 1 100 1 100 1 1 1 1 1 1 1 1 1 1 1 1 1 1 1 1 1 1 1 1 1 1 1 1 1 1 1 1 1 1 1 1 1 100 1 1
ciInstanceKlass jdk/internal/vm/ContinuationScope 0 0 50 10 100 12 1 1 1 10 100 12 1 1 1 100 1 9 100 12 1 1 1 10 12 1 1 10 100 12 1 1 1 10 12 1 1 10 12 1 1 1 1 1 1 1 1 1 1 1 1 1
ciInstanceKlass jdk/internal/vm/Continuation 0 0 549 9 100 12 1 1 1 9 12 1 9 12 1 100 1 100 1 10 12 1 1 8 1 10 12 1 1 10 12 1 10 12 1 1 10 12 1 9 100 12 1 1 1 11 100 12 1 1 1 10 100 1 9 12 1 1 9 12 1 1 10 8 1 10 12 1 9 12 1 1 10 11 12 1 1 100 1 10 100 12 1 1 1 10 12 1 1 10 12 1 10 12 1 1 11 12 1 1 9 12 1 1 10 12 1 1 18 12 1 1 10 100 12 1 1 1 100 1 10 12 1 11 100 12 1 1 1 10 12 1 9 12 1 10 12 1 1 100 1 8 1 10 12 1 10 12 1 1 9 12 1 1 11 12 1 1 9 12 1 1 8 1 10 11 12 1 1 11 12 1 1 10 12 1 1 10 12 1 1 9 12 1 10 12 1 10 10 12 1 8 1 10 12 1 8 1 8 1 10 100 12 1 1 1 10 100 12 1 1 1 10 12 1 9 12 1 11 12 1 100 1 10 12 1 10 12 1 1 9 12 1 1 100 1 10 12 1 1 9 12 1 1 10 12 1 10 12 1 11 100 12 1 1 10 100 1 10 12 1 8 1 9 12 1 10 12 1 1 9 12 1 1 10 100 12 1 1 8 1 8 1 8 1 8 1 10 12 1 1 10 12 1 10 12 1 10 12 1 10 12 1 1 10 12 1 1 8 1 10 12 1 1 9 12 1 1 10 12 1 1 9 12 1 8 1 10 100 12 1 1 1 10 12 1 8 1 100 1 8 1 10 9 12 1 1 8 1 10 100 12 1 1 10 100 12 1 1 8 1 8 1 10 12 10 100 12 1 1 1 10 100 1 10 100 12 1 1 1 18 11 100 12 1 1 1 18 12 1 11 12 1 1 100 1 10 100 12 1 1 10 12 1 1 8 10 12 1 1 10 100 12 1 1 1 10 100 12 1 1 10 12 1 8 1 10 12 1 100 1 100 1 10 12 1 1 1 1 1 1 1 1 1 1 1 1 1 1 1 1 1 1 1 1 1 1 1 1 1 1 1 1 1 1 1 1 1 1 1 1 1 1 1 1 1 1 1 1 1 1 1 1 1 1 1 1 1 1 1 1 1 1 1 1 1 1 1 1 1 1 1 1 1 1 1 1 1 1 1 100 1 1 16 1 15 10 12 16 15 11 100 12 1 1 1 16 1 16 1 15 10 12 16 15 10 100 12 1 1 1 1 1 1 1 1 100 1 100 1 1
ciInstanceKlass jdk/internal/vm/StackChunk 0 0 32 10 100 12 1 1 1 9 100 12 1 1 1 9 12 1 1 9 12 1 1 1 1 1 1 1 1 1 1 1 1 1
instanceKlass jdk/internal/reflect/FieldAccessorImpl
instanceKlass jdk/internal/reflect/ConstructorAccessorImpl
instanceKlass jdk/internal/reflect/MethodAccessorImpl
ciInstanceKlass jdk/internal/reflect/MagicAccessorImpl 1 1 16 10 7 12 1 1 1 100 1 1 1 1 1 1 1 1
ciInstanceKlass jdk/internal/reflect/MethodAccessor 1 0 17 100 1 100 1 1 1 1 100 1 100 1 1 1 1 1 1
instanceKlass jdk/internal/reflect/DirectMethodHandleAccessor
ciInstanceKlass jdk/internal/reflect/MethodAccessorImpl 1 1 38 10 7 12 1 1 1 10 100 12 1 1 1 100 1 1 1 1 1 1 1 100 1 100 1 1 1 1 1 1 1 1 1 1 1 1 1 1
ciInstanceKlass jdk/internal/reflect/ConstructorAccessor 1 0 16 100 1 100 1 1 1 1 100 1 100 1 100 1 1 1
instanceKlass jdk/internal/reflect/DirectConstructorHandleAccessor$NativeAccessor
instanceKlass jdk/internal/reflect/DirectConstructorHandleAccessor
instanceKlass jdk/internal/reflect/NativeConstructorAccessorImpl
ciInstanceKlass jdk/internal/reflect/ConstructorAccessorImpl 1 1 27 10 7 12 1 1 1 100 1 100 1 1 1 1 1 1 1 1 1 100 1 100 1 100 1 1 1
ciInstanceKlass jdk/internal/reflect/DelegatingClassLoader 0 0 18 10 100 12 1 1 1 100 1 1 1 1 1 1 1 1 1 1
ciInstanceKlass jdk/internal/reflect/ConstantPool 1 1 142 10 100 12 1 1 1 9 7 12 1 1 1 10 12 1 1 10 12 1 1 10 12 1 10 12 1 1 10 12 1 1 10 12 1 10 12 1 1 10 12 1 10 12 1 1 10 12 1 10 12 1 10 12 1 10 12 1 1 10 12 1 1 10 12 1 1 10 12 1 1 10 12 1 10 12 1 1 10 100 12 1 1 1 8 11 7 12 1 1 1 10 7 12 1 1 1 1 1 1 1 1 1 1 1 1 1 1 1 1 1 1 1 1 1 1 1 1 1 1 1 1 1 1 1 1 1 1 1 1 1 1 1 1 1 1 1 1 1 1 1 1
ciInstanceKlass jdk/internal/reflect/FieldAccessor 0 0 48 100 1 100 1 1 1 1 100 1 1 1 1 1 1 1 1 1 1 1 1 1 1 1 1 1 1 1 100 1 1 1 1 1 1 1 1 1 1 1 1 1 1 1 1 1 1 1
instanceKlass jdk/internal/reflect/UnsafeFieldAccessorImpl
ciInstanceKlass jdk/internal/reflect/FieldAccessorImpl 0 0 269 10 100 12 1 1 1 9 100 12 1 1 1 10 100 12 1 1 1 10 100 12 1 1 10 100 12 1 1 1 10 12 1 1 100 1 10 10 12 1 1 10 12 1 1 8 1 10 10 12 1 100 1 8 1 10 12 1 8 1 10 12 1 8 1 10 12 1 100 1 10 12 1 1 10 8 1 10 12 1 1 8 1 10 100 12 1 1 8 1 10 100 12 1 1 8 1 10 100 12 1 1 8 1 10 100 12 1 1 8 1 10 100 12 1 1 8 1 10 100 12 1 1 8 1 10 100 12 1 1 8 1 10 100 12 1 1 10 12 1 1 8 1 10 12 1 1 10 100 12 1 1 1 8 1 10 12 1 8 1 8 1 8 1 8 1 10 100 12 1 1 1 8 1 8 1 8 1 10 12 100 1 1 1 1 1 1 1 1 1 1 1 1 1 1 1 1 1 1 1 1 1 1 1 1 1 1 1 1 1 1 1 1 1 1 1 1 1 1 1 1 1 1 1 1 1 1 1 1 1 1 1 1 1 1 1 1 1 1 1 1 1 1 1 1 1 1 1 1 1 1 1 1 1 1 1 1 1 1 1 1 1 1 1 1 1 1 1 1
instanceKlass jdk/internal/reflect/UnsafeStaticFieldAccessorImpl
ciInstanceKlass jdk/internal/reflect/UnsafeFieldAccessorImpl 0 0 62 10 100 12 1 1 1 10 100 12 1 1 1 10 100 12 1 1 1 9 100 12 1 1 10 12 1 9 12 1 1 10 100 12 1 1 1 9 12 1 1 10 12 1 10 12 1 1 1 1 1 1 1 1 1 1 1 1 1 1 1 1
ciInstanceKlass jdk/internal/reflect/UnsafeStaticFieldAccessorImpl 0 0 47 10 100 12 1 1 1 9 100 12 1 1 1 10 100 12 1 1 1 9 12 1 1 8 11 100 12 1 1 1 10 100 12 1 1 1 1 1 1 1 1 1 1 1 1 1 1
ciInstanceKlass java/lang/annotation/Annotation 0 0 17 100 1 100 1 1 1 1 1 1 1 1 1 1 1 1 1
ciInstanceKlass jdk/internal/reflect/CallerSensitive 0 0 17 100 1 100 1 100 1 1 1 1 1 1 1 1 1 1 1
ciInstanceKlass jdk/internal/reflect/NativeConstructorAccessorImpl 0 0 125 10 100 12 1 1 1 9 100 12 1 1 1 100 1 10 12 1 9 12 1 1 9 12 1 1 10 100 12 1 1 1 10 100 12 1 1 1 10 100 12 1 1 1 9 12 1 9 12 1 1 9 12 1 1 10 100 12 1 1 1 100 1 10 10 12 1 1 10 12 1 10 12 1 1 10 12 1 100 1 10 12 1 1 10 12 1 1 8 10 12 1 1 1 1 1 1 1 1 1 1 1 1 1 1 1 1 1 1 1 1 1 1 100 1 100 1 100 1 1 1 1 1 1 1
instanceKlass java/lang/invoke/DelegatingMethodHandle
instanceKlass java/lang/invoke/BoundMethodHandle
instanceKlass java/lang/invoke/DirectMethodHandle
ciInstanceKlass java/lang/invoke/MethodHandle 1 1 733 100 1 9 7 12 1 1 1 10 7 12 1 1 1 10 7 12 1 1 1 7 1 7 1 10 12 1 1 9 12 1 1 10 12 1 10 12 1 1 10 12 1 1 10 100 12 1 1 1 10 12 1 1 10 12 1 1 11 100 12 1 1 1 10 12 1 1 10 12 1 10 12 1 10 12 1 1 9 12 1 1 9 12 1 1 10 100 12 1 1 1 10 12 1 1 10 12 1 10 12 1 100 1 100 1 10 8 1 10 12 1 1 10 12 1 8 1 10 12 1 1 10 12 1 10 7 12 1 1 1 10 12 1 1 10 12 1 1 10 12 1 1 10 7 12 1 1 1 10 12 1 1 10 12 1 1 10 12 1 10 12 1 1 10 100 12 1 1 10 7 12 1 1 10 12 1 10 12 1 10 12 1 1 10 12 1 1 10 12 1 1 10 12 1 1 10 7 12 1 1 1 10 100 12 1 1 1 10 12 1 1 10 12 1 1 10 12 1 1 8 1 10 7 12 1 1 1 8 1 10 12 1 10 12 1 1 10 12 1 1 10 12 1 8 1 10 12 1 1 8 1 10 12 1 8 1 10 100 12 1 1 1 9 12 1 1 100 1 10 9 100 12 1 1 1 9 100 1 8 1 10 12 1 1 10 12 1 10 12 1 1 10 12 1 10 12 1 1 10 12 1 10 12 1 1 10 12 1 10 12 1 1 10 12 1 1 8 1 10 12 1 1 8 1 10 12 1 10 12 1 1 10 12 1 10 12 1 10 12 1 1 9 100 12 1 1 1 10 12 1 1 11 12 1 10 12 1 10 12 1 1 10 100 12 1 1 100 1 11 12 1 10 100 1 11 12 1 100 1 10 12 1 11 12 1 9 100 12 1 1 1 11 12 1 1 11 100 12 1 1 1 10 12 1 1 9 12 1 11 12 1 9 12 1 9 12 1 9 12 1 11 12 1 1 9 12 1 9 12 1 9 12 1 9 12 1 9 12 1 9 12 1 9 12 1 8 1 10 12 1 10 12 1 8 1 10 12 1 10 12 1 10 12 1 1 10 10 10 7 12 1 1 10 12 1 1 100 1 100 1 8 1 8 1 10 10 12 1 1 10 12 1 10 12 1 100 1 10 100 12 1 1 1 10 9 7 12 1 1 1 10 12 1 1 10 12 1 1 8 1 8 1 10 100 12 1 1 9 12 1 9 12 1 1 9 12 1 1 10 12 1 100 1 10 12 1 10 12 1 1 9 12 1 1 9 12 1 1 10 7 12 1 1 1 11 100 12 1 1 9 12 1 10 12 1 1 9 12 1 10 12 1 8 10 12 1 1 8 1 1 1 1 1 1 1 1 100 1 1 1 1 1 1 1 1 1 1 1 1 1 1 1 1 1 1 1 1 1 1 1 1 1 1 1 1 1 1 100 1 1 1 1 1 1 1 1 1 1 1 1 1 1 1 1 1 1 1 1 1 1 1 1 1 1 1 1 1 1 1 1 1 1 1 1 1 1 1 1 1 1 1 1 1 1 1 1 1 1 1 1 1 1 1 1 1 1 1 1 1 1 1 1 1 1 1 1 1 1 1 1 1 1 1 1 1 1 1 1 1 1 1 1 1 1 100 1 1 100 1 100 1 100 1 1 100 1 1 100 1 1 1 1
staticfield java/lang/invoke/MethodHandle FORM_OFFSET J 20
staticfield java/lang/invoke/MethodHandle UPDATE_OFFSET J 13
staticfield java/lang/invoke/MethodHandle $assertionsDisabled Z 1
instanceKlass java/lang/invoke/DirectMethodHandle$Special
instanceKlass java/lang/invoke/DirectMethodHandle$Constructor
instanceKlass java/lang/invoke/DirectMethodHandle$Accessor
instanceKlass java/lang/invoke/DirectMethodHandle$StaticAccessor
ciInstanceKlass java/lang/invoke/DirectMethodHandle 1 1 923 7 1 7 1 100 1 7 1 7 1 10 7 12 1 1 1 10 7 12 1 1 1 100 1 10 12 1 10 12 1 1 10 7 12 1 1 10 12 1 1 10 12 1 10 12 1 7 1 10 12 1 1 10 12 1 1 10 12 1 10 12 1 1 10 7 12 1 1 1 10 12 1 9 12 1 1 100 1 10 9 12 1 1 9 12 1 10 12 1 10 12 1 10 12 1 1 10 12 1 10 12 1 10 12 1 10 7 12 1 1 1 10 12 1 10 12 1 1 8 1 10 12 1 1 7 1 10 12 1 100 1 10 10 12 1 10 12 1 10 12 1 10 7 12 1 1 1 10 12 1 1 100 1 10 12 1 10 12 1 7 1 10 12 1 10 12 1 1 10 12 1 1 10 12 1 8 10 100 12 1 1 1 10 12 1 10 12 1 10 12 1 1 10 12 1 9 7 12 1 1 1 7 1 10 12 1 10 7 12 1 1 1 10 12 1 10 12 1 1 9 12 1 1 100 1 10 8 1 10 12 1 1 10 12 1 1 8 1 10 12 1 10 12 1 10 10 12 1 10 12 1 10 12 1 10 12 1 10 12 1 1 10 12 1 10 12 1 1 10 12 1 10 12 1 1 10 10 7 12 1 1 1 10 12 1 10 12 1 1 10 12 1 10 12 1 1 8 1 9 7 12 1 1 1 8 1 9 12 1 9 12 1 8 1 9 12 1 9 12 1 8 1 9 12 1 9 12 1 8 1 10 12 1 10 12 1 1 9 12 1 1 7 1 10 12 1 1 100 1 10 7 12 1 1 1 10 12 1 1 10 12 1 10 12 1 1 7 1 10 12 1 1 10 12 1 10 12 1 1 7 1 10 12 1 1 10 12 1 10 7 12 1 1 1 10 12 1 10 12 1 1 10 12 1 9 12 1 1 10 7 1 9 12 9 12 1 10 7 12 1 1 1 10 12 1 7 1 7 1 7 1 9 12 1 1 10 7 12 1 1 1 10 12 10 12 1 100 1 10 12 1 10 12 1 1 8 1 9 12 1 9 12 1 10 12 1 1 9 12 1 1 10 100 12 1 1 1 9 12 1 1 9 12 1 1 10 12 1 10 12 1 10 12 1 10 12 1 1 10 12 1 9 12 1 10 12 1 10 12 1 10 12 1 10 12 1 1 10 12 1 1 9 12 1 1 10 12 1 1 9 7 12 1 1 1 9 12 1 9 12 1 9 12 1 9 12 1 9 12 1 9 12 1 9 12 1 9 12 1 9 12 1 9 12 1 9 12 1 9 12 1 9 12 1 9 12 1 9 12 1 9 12 1 9 12 1 9 12 1 9 12 1 9 12 1 9 12 1 9 12 1 9 12 1 9 12 1 9 12 1 9 12 1 9 12 1 9 12 1 9 12 1 9 12 1 9 12 1 9 12 1 9 12 1 9 12 1 9 12 1 9 12 1 8 1 9 12 1 1 9 12 1 1 10 12 1 10 12 1 1 9 7 1 10 12 1 9 12 1 1 10 12 10 12 1 10 12 1 10 12 1 10 12 1 10 8 1 8 1 8 1 8 1 10 12 1 1 9 12 1 1 10 12 1 10 100 12 1 1 1 8 9 12 1 1 10 12 1 1 8 1 8 8 9 12 1 8 1 8 8 8 8 8 1 8 10 12 1 7 1 10 12 1 8 1 8 1 10 12 1 10 12 1 10 12 1 10 12 1 1 7 1 1 1 1 3 1 3 1 3 1 3 1 3 1 3 1 3 1 3 1 3 1 3 1 1 1 1 1 1 1 1 1 1 3 1 3 1 1 1 1 3 1 1 1 1 1 1 1 1 1 1 1 1 1 1 1 1 1 1 1 1 1 1 1 1 1 1 1 1 1 1 1 1 1 1 1 1 1 1 1 1 1 1 1 1 1 1 1 1 1 1 1 1 1 1 1 1 1 100 1 1 1 1 1 1 1 1 1 100 1 1 1 1 1 1 1 1 1 1 1 1 1 1 1 1 1 1 1 1 1 1 1 1 1 1 1 1 1 1 1 1 1 1 1 1 1 1 1 1 1 1 1 1 1 1 1 1 1 1 1 1
staticfield java/lang/invoke/DirectMethodHandle IMPL_NAMES Ljava/lang/invoke/MemberName$Factory; java/lang/invoke/MemberName$Factory
staticfield java/lang/invoke/DirectMethodHandle FT_UNCHECKED_REF I 8
staticfield java/lang/invoke/DirectMethodHandle ACCESSOR_FORMS [Ljava/lang/invoke/LambdaForm; 132 [Ljava/lang/invoke/LambdaForm;
staticfield java/lang/invoke/DirectMethodHandle ALL_WRAPPERS [Lsun/invoke/util/Wrapper; 10 [Lsun/invoke/util/Wrapper;
staticfield java/lang/invoke/DirectMethodHandle NFS [Ljava/lang/invoke/LambdaForm$NamedFunction; 12 [Ljava/lang/invoke/LambdaForm$NamedFunction;
staticfield java/lang/invoke/DirectMethodHandle OBJ_OBJ_TYPE Ljava/lang/invoke/MethodType; java/lang/invoke/MethodType
staticfield java/lang/invoke/DirectMethodHandle LONG_OBJ_TYPE Ljava/lang/invoke/MethodType; java/lang/invoke/MethodType
staticfield java/lang/invoke/DirectMethodHandle $assertionsDisabled Z 1
ciInstanceKlass java/lang/invoke/DirectMethodHandle$StaticAccessor 0 0 96 10 100 12 1 1 1 10 100 12 1 1 1 9 100 12 1 1 1 9 12 1 1 9 12 1 1 10 100 12 1 1 1 9 12 1 1 9 12 1 1 10 12 1 9 12 1 10 12 1 1 100 1 10 12 1 9 12 1 1 10 12 1 1 10 12 1 1 1 1 1 1 1 1 1 1 1 1 1 1 1 1 1 1 1 1 1 1 1 1 1 1 1 1 1 1
ciInstanceKlass java/lang/invoke/DirectMethodHandle$Accessor 1 1 93 10 7 12 1 1 1 10 7 12 1 1 1 9 7 12 1 1 1 9 12 1 1 10 7 12 1 1 1 9 12 1 1 9 12 1 1 10 12 1 9 12 1 10 12 1 1 100 1 10 12 1 9 12 1 1 10 12 1 1 10 12 1 1 1 1 1 1 1 1 1 1 1 1 1 1 1 1 1 1 1 1 1 1 1 1 1 1 1 1 1 1 1
staticfield java/lang/invoke/DirectMethodHandle$Accessor $assertionsDisabled Z 1
instanceKlass java/lang/invoke/VarHandleByteArrayAsDoubles$ByteArrayViewVarHandle
instanceKlass java/lang/invoke/VarHandleByteArrayAsLongs$ByteArrayViewVarHandle
instanceKlass java/lang/invoke/VarHandleByteArrayAsFloats$ByteArrayViewVarHandle
instanceKlass java/lang/invoke/VarHandleByteArrayAsInts$ByteArrayViewVarHandle
instanceKlass java/lang/invoke/VarHandleByteArrayAsChars$ByteArrayViewVarHandle
instanceKlass java/lang/invoke/VarHandleByteArrayAsShorts$ByteArrayViewVarHandle
instanceKlass java/lang/invoke/VarHandleInts$FieldInstanceReadOnly
instanceKlass java/lang/invoke/VarHandleReferences$FieldInstanceReadOnly
ciInstanceKlass java/lang/invoke/VarHandle 1 1 474 10 7 12 1 1 1 10 7 12 1 1 9 12 1 1 9 12 1 1 100 1 10 8 1 10 12 1 1 10 7 12 1 1 1 10 12 1 1 10 100 12 1 1 1 9 100 12 1 1 1 10 12 1 1 10 100 12 1 1 1 10 12 1 1 9 12 1 10 12 1 9 12 1 1 10 100 12 1 1 10 12 1 9 100 12 1 1 1 9 12 1 1 10 12 1 1 100 1 100 1 10 8 1 10 12 1 1 10 12 1 8 1 10 12 1 10 12 1 9 12 1 1 9 12 1 10 12 1 10 12 1 1 10 12 1 10 10 100 12 1 1 1 10 12 1 1 10 12 1 1 10 100 12 1 1 1 10 100 12 1 1 1 10 100 12 1 1 1 9 12 1 1 9 10 12 1 10 12 1 1 10 12 1 1 10 12 1 10 100 12 1 1 1 9 12 1 1 10 12 1 1 9 12 1 10 12 1 10 12 1 10 100 12 1 1 100 1 10 9 7 12 1 1 1 9 12 1 1 10 7 12 1 1 1 10 12 1 10 12 1 10 12 1 10 12 1 10 12 1 10 12 1 1 8 10 12 1 1 7 1 10 12 1 1 100 1 1 1 1 1 1 1 1 1 1 1 1 1 1 1 1 1 1 1 1 1 1 1 1 1 1 1 1 1 1 1 1 1 1 1 1 1 1 1 1 1 1 1 1 1 1 1 1 1 1 1 1 1 1 1 1 1 1 1 1 1 1 1 1 1 1 1 1 100 1 1 1 1 1 1 1 1 100 1 1 1 1 1 1 1 1 1 1 1 1 100 1 100 1 1 100 1 100 1 100 1 100 1 100 1 100 1 100 1 100 1 100 1 100 1 100 1 100 1 100 1 100 1 100 1 100 1 100 1 100 1 100 1 100 1 100 1 100 1 100 1 100 1 100 1 100 1 100 1 100 1 100 1 100 1 100 1 100 1 100 1 100 1 100 1 1 1 1 1 1 100 1 1 1 100 1 1 100 1 100 1 100 1 100 1 100 1 100 1 1 1 1 100 1 100 1 100 1 100 1 100 1 100 1 100 1 100 1
staticfield java/lang/invoke/VarHandle VFORM_OFFSET J 16
staticfield java/lang/invoke/VarHandle $assertionsDisabled Z 1
ciInstanceKlass java/lang/invoke/MemberName 1 1 724 7 1 7 1 100 1 9 12 1 1 10 7 12 1 1 1 9 12 1 1 10 12 1 1 10 12 1 1 10 12 1 1 10 12 1 10 12 1 1 10 7 12 1 1 1 10 12 1 9 7 12 1 1 10 12 1 100 1 100 1 10 12 1 8 1 10 12 1 1 10 12 1 10 12 1 1 10 12 1 9 12 1 1 8 1 10 100 12 1 1 1 7 1 10 10 12 1 1 100 1 100 1 10 12 1 9 12 1 1 100 1 8 1 10 12 1 10 12 1 10 12 1 10 12 1 10 12 1 1 10 12 1 10 12 1 10 12 1 1 8 1 8 1 10 12 1 8 1 9 12 1 1 3 10 12 1 10 12 1 10 12 1 10 10 7 12 1 1 1 10 12 1 10 12 1 10 12 1 10 12 1 7 1 8 10 12 1 1 10 12 1 1 8 1 9 100 1 8 9 100 1 10 12 1 1 10 12 1 10 12 1 8 1 10 12 1 1 10 12 1 10 12 1 10 12 1 10 12 1 1 100 1 10 12 1 1 10 12 1 8 1 10 12 1 10 12 1 8 1 10 12 1 1 10 12 1 1 100 1 10 12 1 1 10 12 8 1 8 1 100 1 10 12 1 10 100 12 1 1 1 100 1 10 12 10 12 1 10 12 1 10 12 1 10 12 1 10 10 12 1 10 12 1 10 12 1 3 10 12 1 3 10 12 1 3 3 3 3 3 3 10 12 1 3 9 12 1 10 12 1 1 3 10 12 1 10 10 7 12 1 1 1 10 12 1 1 10 100 12 1 1 10 10 12 1 10 12 1 1 10 12 1 10 10 12 1 1 10 12 1 10 12 1 10 12 1 100 1 10 10 10 12 100 1 10 10 10 12 1 1 10 12 1 1 10 10 12 1 8 10 7 1 10 12 1 10 100 1 10 12 1 10 12 1 10 12 1 10 10 12 1 10 12 1 1 10 12 1 1 10 12 1 10 12 1 10 12 1 100 1 10 12 1 1 100 1 8 1 10 7 1 10 12 1 10 12 10 12 1 1 10 12 1 10 12 1 8 1 8 1 8 1 8 1 10 12 1 10 12 1 10 7 12 1 1 1 8 1 8 1 10 12 1 8 1 10 10 10 12 1 10 12 1 8 1 8 1 10 10 12 1 8 1 10 100 12 1 1 1 8 1 100 1 10 12 1 10 12 1 1 10 12 1 8 1 8 1 8 1 8 1 100 1 10 8 1 8 1 8 1 8 1 10 12 1 100 1 100 1 100 1 10 100 1 10 100 1 10 100 12 1 1 1 9 7 12 1 1 1 100 1 100 1 1 1 1 1 1 1 3 1 3 1 3 1 3 1 3 1 3 1 1 1 1 1 1 1 1 3 1 3 1 1 1 1 1 1 1 1 1 1 1 1 1 1 1 1 1 1 1 1 1 1 1 1 1 1 1 1 1 1 1 1 1 1 1 1 1 1 1 1 1 1 1 1 1 1 1 1 1 1 1 1 1 1 1 1 1 1 1 1 1 1 1 1 1 1 1 1 1 1 1 1 1 1 1 1 1 1 1 1 1 1 1 1 1 1 1 1 1 1 1 1 1 1 1 1 100 1 1 1 1 1 1 1 1 1 1 1 1 1 1 1
staticfield java/lang/invoke/MemberName $assertionsDisabled Z 1
ciInstanceKlass java/lang/invoke/ResolvedMethodName 1 1 16 10 100 12 1 1 1 100 1 1 1 1 1 1 1 1
ciInstanceKlass java/lang/invoke/MethodHandleNatives 1 1 685 100 1 10 7 12 1 1 1 9 7 12 1 1 1 10 12 1 1 100 1 10 10 12 1 1 10 12 1 10 12 1 8 1 8 1 8 1 8 1 8 1 8 1 8 1 8 1 8 1 8 1 10 12 1 1 7 1 10 7 12 1 1 1 10 100 12 1 1 1 7 1 10 10 12 1 1 8 1 10 12 1 8 1 10 12 1 1 8 1 10 12 1 1 9 100 12 1 1 1 8 1 10 100 12 1 1 1 100 1 10 12 100 1 100 1 8 1 7 1 10 10 12 1 7 1 9 7 12 1 1 10 12 1 1 10 12 1 10 7 12 1 1 1 10 12 1 1 9 12 1 8 1 10 12 1 1 10 12 1 8 1 10 12 1 1 7 1 10 12 1 10 7 12 1 1 1 10 12 1 10 12 1 1 10 12 1 1 8 1 10 12 1 1 8 1 10 12 1 8 1 8 1 8 1 100 1 10 12 1 8 1 10 100 12 1 1 1 10 12 1 1 10 100 12 1 1 10 10 12 1 1 10 12 1 10 100 12 1 1 1 100 1 8 1 10 100 12 1 1 1 7 1 8 1 10 12 1 8 1 8 1 8 1 8 1 8 1 10 12 1 1 10 12 1 1 10 12 1 10 12 1 1 10 12 1 1 7 1 10 12 1 100 1 100 1 10 12 1 10 12 1 8 1 8 1 10 10 12 1 1 10 12 1 1 8 1 10 100 12 1 1 8 1 8 1 10 12 1 1 10 7 12 1 1 1 100 1 10 12 1 1 7 1 9 12 1 1 10 7 12 1 1 1 10 10 12 1 9 12 1 10 12 1 9 12 1 9 12 1 10 12 1 1 10 12 1 10 12 1 1 7 1 7 1 10 12 1 1 10 12 1 10 12 1 1 10 7 12 1 1 1 10 12 1 8 1 10 12 1 10 12 1 10 12 1 1 10 12 1 10 7 12 1 1 1 10 12 1 1 100 1 8 1 10 9 7 12 1 1 1 10 12 1 1 10 12 1 1 100 1 10 12 1 1 10 12 1 1 100 1 100 1 10 10 100 1 100 1 10 100 1 10 10 12 1 1 10 100 1 10 12 1 10 12 1 1 10 12 1 1 10 12 1 1 10 12 1 10 12 1 1 10 8 1 10 12 1 10 12 1 10 12 1 10 12 1 10 12 1 1 10 12 1 10 12 1 10 12 1 10 10 7 12 1 1 10 12 1 1 1 1 1 1 1 1 1 1 1 1 1 100 1 1 1 1 1 1 1 1 1 1 1 1 1 1 1 1 1 1 1 1 1 1 1 1 1 1 1 1 1 1 1 1 1 1 1 1 1 1 1 1 1 1 1 1 1 1 1 1 1 1 1 1 1 1 1 1 1 1 1 1 1 1 1 100 1 1 1 1 1 1 1 1 1 1 1 1 1 1 1 1 1 1 1 1 1 1 1 1 1 1 1 1 1 1 1 1 1 100 1 1 1 1 1 1 1 1 1 1 1 1 1 1 1 1 1 1 1 1 1 1 1 1 1 1 1 1 1 1 1 1 100 1 1
staticfield java/lang/invoke/MethodHandleNatives $assertionsDisabled Z 1
ciInstanceKlass java/lang/invoke/LambdaForm 1 1 1059 7 1 100 1 10 7 12 1 1 1 9 12 1 1 9 12 1 9 12 1 9 12 1 1 9 12 1 1 9 12 1 1 9 12 1 1 9 12 1 1 9 12 1 10 7 12 1 1 9 12 1 10 12 1 1 100 1 10 10 12 1 1 10 12 1 10 12 1 10 12 1 1 10 12 1 9 12 1 9 12 1 10 12 1 1 10 7 12 1 1 1 10 12 1 1 9 100 12 1 1 1 10 12 1 1 9 7 12 1 1 10 12 1 10 12 1 1 10 12 1 1 10 12 1 1 7 1 10 7 12 1 1 1 10 12 1 1 10 12 1 10 12 1 1 9 12 1 1 9 12 1 9 12 1 1 10 12 1 9 12 1 10 100 12 1 1 1 10 12 1 1 100 1 10 12 1 9 12 1 1 10 100 12 1 1 1 10 12 1 10 12 1 7 1 10 12 1 10 12 1 10 12 1 1 10 12 1 1 10 12 1 10 12 1 10 12 1 10 12 1 1 8 1 10 12 1 10 12 1 10 10 12 1 8 1 8 1 9 12 1 9 12 1 1 10 12 1 1 10 12 1 9 12 1 10 12 1 1 10 7 12 1 1 1 10 12 1 1 10 12 1 10 12 1 10 100 12 1 1 1 9 12 1 10 12 1 8 1 8 1 8 1 8 1 8 1 8 1 8 1 8 1 10 12 1 9 12 1 7 1 10 12 1 1 9 12 1 10 12 1 10 12 1 1 10 12 10 12 1 10 12 1 1 10 12 1 1 10 10 12 1 1 10 12 1 1 7 1 8 1 10 12 1 1 10 12 1 10 12 1 1 10 8 1 10 12 1 1 8 1 8 1 8 1 10 12 1 10 12 1 10 12 1 1 100 1 10 12 1 1 10 12 1 1 10 7 12 1 1 1 10 12 1 1 9 12 1 1 8 1 10 100 12 1 1 1 10 7 12 1 1 10 12 10 12 1 1 10 12 1 1 9 12 1 8 10 12 1 1 100 1 10 12 1 1 10 12 1 9 7 12 1 1 9 100 12 1 1 1 8 1 10 100 12 1 1 10 12 1 1 100 1 100 1 10 10 12 1 1 10 12 1 1 8 1 8 1 100 1 8 1 10 12 10 12 1 10 12 1 10 12 1 1 8 1 8 1 10 12 1 10 12 1 1 8 1 8 1 8 1 100 1 8 1 100 1 8 1 100 1 8 1 10 12 1 8 1 9 10 7 12 1 1 1 10 12 1 9 12 1 1 10 12 1 10 10 12 1 10 12 1 10 12 1 10 12 1 1 10 12 1 10 12 1 1 10 12 1 1 10 12 1 1 10 12 1 1 8 1 100 10 12 1 10 12 1 9 12 1 1 10 7 12 1 1 8 1 8 1 100 1 8 1 8 1 8 1 8 1 8 1 8 1 8 1 8 1 10 12 1 1 10 12 1 1 10 12 1 10 12 1 10 12 1 10 12 1 8 1 8 1 8 1 10 12 1 8 1 10 12 1 8 1 8 1 8 1 8 1 8 1 10 12 1 10 12 1 10 12 1 1 10 7 12 1 1 1 10 12 1 10 12 1 10 12 1 10 12 1 10 12 1 10 12 1 10 12 1 9 12 1 1 8 1 10 12 1 1 9 12 1 1 10 12 1 1 9 12 1 9 12 1 1 9 12 1 9 12 1 1 7 1 10 7 12 1 1 1 9 12 1 10 12 1 10 12 1 8 1 10 12 1 9 12 1 1 7 1 10 7 12 1 1 1 8 1 100 1 10 12 1 9 12 1 9 12 1 10 12 1 10 12 1 10 7 12 1 1 1 10 12 1 9 7 12 1 1 10 12 1 1 10 12 1 10 12 1 10 12 1 9 12 10 12 1 10 10 12 1 9 12 1 9 9 12 1 7 9 12 1 1 10 12 1 1 9 12 1 10 12 1 10 7 1 9 1 1 1 1 3 1 3 1 1 3 1 3 1 1 1 1 1 1 1 1 1 1 1 1 1 1 1 1 1 1 1 1 1 1 1 1 1 1 1 1 1 1 1 1 1 1 1 1 1 1 1 1 1 1 1 1 1 1 1 1 1 1 1 100 1 1 1 1 1 1 1 1 1 1 1 1 1 1 1 1 1 1 1 1 1 1 1 1 1 1 1 1 1 1 1 1 1 1 1 1 1 1 1 1 1 1 1 1 1 1 1 1 1 1 1 1 1 1 1 1 1 1 1 1 1 1 100 1 1 1 1 1 1 1 1 1 1 1 1 1 1 1 1 1 1 1 1 1 1 1 1 1 1 1 1 1 1 1 1 1 1 100 1 1 1 1 1 1 1 1 1 1 1 1 1 1 1 1 1 1 1 1 1 1 100 1 1 1 100 1 1 100 1 1 1 1 1 1 1 1 1 1 1
staticfield java/lang/invoke/LambdaForm DEFAULT_CUSTOMIZED Ljava/lang/invoke/MethodHandle; 
staticfield java/lang/invoke/LambdaForm DEFAULT_KIND Ljava/lang/invoke/LambdaForm$Kind; java/lang/invoke/LambdaForm$Kind
staticfield java/lang/invoke/LambdaForm COMPILE_THRESHOLD I 0
staticfield java/lang/invoke/LambdaForm INTERNED_ARGUMENTS [[Ljava/lang/invoke/LambdaForm$Name; 5 [[Ljava/lang/invoke/LambdaForm$Name;
staticfield java/lang/invoke/LambdaForm IMPL_NAMES Ljava/lang/invoke/MemberName$Factory; java/lang/invoke/MemberName$Factory
staticfield java/lang/invoke/LambdaForm LF_identity [Ljava/lang/invoke/LambdaForm; 6 [Ljava/lang/invoke/LambdaForm;
staticfield java/lang/invoke/LambdaForm LF_zero [Ljava/lang/invoke/LambdaForm; 6 [Ljava/lang/invoke/LambdaForm;
staticfield java/lang/invoke/LambdaForm NF_identity [Ljava/lang/invoke/LambdaForm$NamedFunction; 6 [Ljava/lang/invoke/LambdaForm$NamedFunction;
staticfield java/lang/invoke/LambdaForm NF_zero [Ljava/lang/invoke/LambdaForm$NamedFunction; 6 [Ljava/lang/invoke/LambdaForm$NamedFunction;
staticfield java/lang/invoke/LambdaForm createFormsLock Ljava/lang/Object; java/lang/Object
staticfield java/lang/invoke/LambdaForm DEBUG_NAME_COUNTERS Ljava/util/HashMap; 
staticfield java/lang/invoke/LambdaForm DEBUG_NAMES Ljava/util/HashMap; 
staticfield java/lang/invoke/LambdaForm TRACE_INTERPRETER Z 0
staticfield java/lang/invoke/LambdaForm $assertionsDisabled Z 1
ciInstanceKlass java/lang/invoke/TypeDescriptor$OfMethod 1 0 43 100 1 100 1 100 1 1 1 1 1 1 1 1 1 1 1 1 1 1 1 1 1 1 1 1 1 1 1 1 1 1 1 1 1 1 1 1 1 1 100 1 1
ciInstanceKlass java/lang/invoke/MethodType 1 1 780 7 1 10 7 12 1 1 1 9 12 1 1 9 12 1 1 9 12 1 1 10 7 12 1 1 1 9 7 12 1 1 8 1 10 100 12 1 1 1 9 7 1 9 7 1 10 12 1 1 100 1 10 8 1 10 12 1 1 10 12 1 10 12 1 1 100 1 8 1 10 12 1 100 1 10 10 12 1 10 12 1 1 10 12 1 1 11 7 12 1 1 1 9 12 1 11 12 1 1 7 10 12 1 1 10 12 1 1 7 1 7 1 10 7 12 1 1 1 10 12 1 10 12 1 9 12 1 1 10 7 12 1 1 10 12 1 1 10 7 12 1 1 1 10 7 12 1 1 1 10 12 1 9 12 1 1 10 12 1 1 10 12 1 1 10 12 1 1 10 12 1 1 10 12 1 1 10 12 1 10 12 1 10 12 1 1 10 12 1 8 1 8 1 10 12 1 1 9 12 1 1 100 1 10 10 12 1 1 10 12 1 10 12 1 1 10 12 1 1 10 12 1 10 12 1 10 12 1 8 1 10 12 1 1 10 100 12 1 1 1 10 12 1 10 12 1 1 10 12 1 10 12 1 10 12 1 1 10 12 1 10 12 1 9 12 1 10 12 1 10 10 12 1 1 10 12 1 9 12 1 1 10 12 1 1 11 12 1 1 10 12 1 1 10 12 1 10 12 1 100 1 8 1 8 1 8 1 10 12 1 10 12 1 10 12 1 1 10 10 12 1 11 12 1 1 11 12 1 10 100 12 1 1 1 9 12 1 10 12 1 10 12 1 1 10 12 1 1 10 12 1 10 12 1 10 100 12 1 1 1 10 12 1 1 10 12 1 10 12 1 10 12 1 10 9 12 1 1 7 1 10 12 1 10 12 1 1 9 100 12 1 1 1 10 100 12 1 1 1 10 100 12 1 1 1 10 12 1 1 10 100 12 1 1 1 10 12 1 1 8 1 10 7 12 1 1 1 11 12 1 1 9 12 1 1 10 12 1 1 10 12 1 10 12 1 1 10 12 1 1 10 100 12 1 1 100 1 10 12 1 1 11 100 12 1 1 18 12 1 1 11 12 1 1 18 12 1 11 12 1 100 1 11 100 12 1 1 10 12 1 100 1 10 12 1 10 100 12 1 1 10 12 1 1 9 12 1 1 9 100 12 1 1 1 10 100 12 1 1 1 9 12 1 10 100 12 1 1 10 12 1 100 10 12 1 1 10 12 1 7 1 10 10 12 1 1 7 1 7 1 9 12 1 1 100 1 100 1 100 1 1 1 5 0 1 1 1 1 1 1 1 3 1 3 1 3 1 1 1 1 1 1 1 1 1 1 1 1 1 1 1 1 1 1 1 1 1 1 1 1 1 1 1 1 1 1 1 1 1 1 1 1 1 1 1 1 1 1 1 1 1 1 1 1 1 1 1 1 1 1 1 1 1 1 1 1 1 1 1 1 1 1 1 1 1 1 1 1 1 1 1 1 1 1 1 1 1 1 1 1 1 1 1 1 1 1 1 1 1 1 1 1 1 1 1 1 1 1 1 1 1 1 1 1 1 1 1 1 1 1 1 1 1 1 1 1 1 1 1 1 1 1 1 1 1 1 100 1 100 1 1 1 1 1 1 1 1 1 1 1 1 1 100 1 1 1 100 1 1 1 1 1 1 1 1 1 1 1 1 1 1 1 1 1 1 1 1 1 1 16 15 10 12 16 16 15 10 12 16 15 10 100 12 1 1 1 1 1 100 1 1 100 1 1 100 1 100 1 1
staticfield java/lang/invoke/MethodType internTable Ljdk/internal/util/ReferencedKeySet; jdk/internal/util/ReferencedKeySet
staticfield java/lang/invoke/MethodType NO_PTYPES [Ljava/lang/Class; 0 [Ljava/lang/Class;
staticfield java/lang/invoke/MethodType objectOnlyTypes [Ljava/lang/invoke/MethodType; 20 [Ljava/lang/invoke/MethodType;
staticfield java/lang/invoke/MethodType METHOD_HANDLE_ARRAY [Ljava/lang/Class; 1 [Ljava/lang/Class;
staticfield java/lang/invoke/MethodType serialPersistentFields [Ljava/io/ObjectStreamField; 0 [Ljava/io/ObjectStreamField;
staticfield java/lang/invoke/MethodType $assertionsDisabled Z 1
ciInstanceKlass java/lang/BootstrapMethodError 0 0 45 10 100 12 1 1 1 10 12 1 10 12 1 10 100 12 1 1 1 10 100 12 1 1 1 1 1 1 5 0 1 1 1 1 1 1 1 1 1 1 1 100 1 1 1
instanceKlass java/lang/invoke/VolatileCallSite
instanceKlass java/lang/invoke/MutableCallSite
instanceKlass java/lang/invoke/ConstantCallSite
ciInstanceKlass java/lang/invoke/CallSite 1 1 296 10 7 12 1 1 1 10 7 12 1 1 1 9 12 1 1 10 7 12 1 1 1 10 12 1 100 1 10 12 1 1 10 12 1 1 9 100 12 1 1 1 10 100 12 1 1 10 12 1 1 100 1 100 1 10 10 100 12 1 1 1 10 12 1 1 8 1 10 12 1 10 12 1 1 10 12 1 10 12 1 1 10 12 1 1 10 10 100 12 1 1 10 12 1 1 9 12 1 9 100 12 1 1 1 8 1 10 7 12 1 1 1 10 12 1 1 100 1 10 12 1 1 9 12 1 8 1 100 1 10 12 1 10 12 1 100 1 8 1 10 10 12 1 10 12 1 1 100 1 10 12 1 1 10 12 1 10 12 1 10 12 1 1 10 12 1 1 9 12 1 1 8 10 12 1 1 9 12 1 1 100 1 10 10 12 1 10 100 12 1 1 1 10 12 1 1 10 12 1 1 10 12 1 10 7 12 1 1 1 100 1 8 1 10 10 12 10 12 1 1 100 1 100 1 100 1 8 1 10 12 1 10 7 12 1 1 1 1 1 1 1 1 1 1 1 1 1 1 1 1 1 1 1 1 1 1 1 1 1 1 1 1 1 1 1 1 1 1 1 1 1 1 1 1 1 1 1 1 1 1 1 1 1 1 1 1 1 1 1 100 1 100 1 1 1
staticfield java/lang/invoke/CallSite $assertionsDisabled Z 1
ciInstanceKlass jdk/internal/foreign/abi/NativeEntryPoint 0 0 194 10 100 12 1 1 1 9 100 12 1 1 1 9 12 1 1 100 1 8 1 10 12 1 10 12 1 1 100 1 10 100 12 1 1 1 10 12 1 9 12 1 1 18 12 1 1 10 100 12 1 1 1 10 100 12 1 1 1 9 100 12 1 1 1 100 1 10 8 1 10 12 1 1 10 12 1 10 12 1 1 8 1 10 12 1 1 100 1 8 1 10 12 1 10 12 1 1 10 12 1 9 12 1 1 18 12 1 1 10 100 12 1 1 1 10 12 1 1 10 12 1 10 100 12 1 1 1 10 1 1 1 1 1 1 1 1 1 1 1 1 1 1 1 1 1 1 1 1 1 1 1 1 1 1 1 1 1 1 1 1 1 1 1 1 1 16 1 15 10 12 16 1 16 15 10 12 15 10 100 12 1 1 1 1 1 100 1 1 100 1 100 1 1
ciInstanceKlass jdk/internal/foreign/abi/ABIDescriptor 0 0 55 10 100 12 1 1 1 9 100 12 1 1 1 9 12 1 1 9 12 1 9 12 1 9 12 1 1 9 12 1 9 12 1 1 9 12 1 9 12 1 9 12 1 9 12 1 1 1 1 1 1 1 1 1 1
ciInstanceKlass jdk/internal/foreign/abi/VMStorage 0 0 91 10 100 12 1 1 1 9 100 12 1 1 1 9 12 1 1 9 12 1 1 9 12 1 1 100 1 10 8 1 10 12 1 1 10 12 1 10 12 1 1 10 12 1 18 12 1 18 12 1 1 18 12 1 1 1 1 1 1 1 1 1 1 1 1 1 1 1 1 1 1 1 8 1 15 15 15 15 15 10 100 12 1 1 1 1 100 1 100 1 1
ciInstanceKlass jdk/internal/foreign/abi/UpcallLinker$CallRegs 0 0 66 10 100 12 1 1 1 9 100 12 1 1 1 9 12 1 18 12 1 1 18 12 1 1 18 12 1 1 1 1 1 1 1 1 1 1 1 1 1 1 1 1 1 1 100 1 1 1 8 1 15 15 15 10 100 12 1 1 1 1 1 100 1 100 1 1
ciInstanceKlass java/lang/invoke/ConstantCallSite 1 1 65 10 7 12 1 1 1 9 7 12 1 1 1 9 12 1 1 10 7 12 1 1 1 10 12 1 100 1 10 12 9 12 1 1 100 1 10 10 12 1 1 10 12 1 1 1 1 1 1 1 1 1 1 1 1 1 100 1 1 1 1 1 1 1 1
staticfield java/lang/invoke/ConstantCallSite UNSAFE Ljdk/internal/misc/Unsafe; jdk/internal/misc/Unsafe
ciInstanceKlass java/lang/invoke/MutableCallSite 0 0 63 10 100 12 1 1 1 10 12 1 9 100 12 1 1 1 10 12 1 10 12 1 1 9 12 1 1 10 100 12 1 1 1 10 100 12 1 1 1 10 12 1 1 1 1 1 1 1 1 1 1 1 1 1 1 1 1 1 1 100 1 1 1
ciInstanceKlass java/lang/invoke/VolatileCallSite 0 0 37 10 100 12 1 1 1 10 12 1 10 100 12 1 1 1 10 12 1 10 12 1 1 1 1 1 1 1 1 1 1 1 1 1 1 1 1
ciInstanceKlass java/lang/AssertionStatusDirectives 0 0 24 10 100 12 1 1 1 100 1 1 1 1 1 1 1 1 1 1 1 1 1 1 1 1
ciInstanceKlass java/lang/Appendable 1 0 14 100 1 100 1 1 1 1 100 1 1 1 1 1
instanceKlass java/lang/StringBuilder
instanceKlass java/lang/StringBuffer
ciInstanceKlass java/lang/AbstractStringBuilder 1 1 607 7 1 10 7 12 1 1 1 9 7 12 1 1 1 9 12 1 9 12 1 1 9 12 1 1 10 100 12 1 1 1 10 12 1 1 7 1 3 3 10 12 1 10 12 1 1 11 7 1 100 1 100 1 10 8 1 10 12 1 10 12 1 10 12 1 1 10 12 1 10 12 1 9 12 1 10 12 1 9 12 1 1 10 12 1 1 10 7 12 1 1 1 10 10 12 1 10 12 1 10 12 1 1 10 12 1 1 10 7 12 1 1 1 10 7 12 1 1 1 100 1 8 1 10 10 12 1 1 100 1 10 12 10 12 1 1 10 10 12 1 1 10 12 1 1 10 12 1 1 10 12 1 1 10 10 7 12 1 1 1 10 12 1 100 1 10 10 100 12 1 1 1 9 12 1 1 9 12 1 10 12 1 1 10 10 12 1 1 10 12 10 12 1 10 12 1 1 10 12 1 1 10 12 1 1 10 12 1 10 12 1 1 10 12 1 1 10 12 1 10 12 1 1 8 1 10 12 1 1 10 12 1 10 12 1 10 12 1 10 12 1 10 12 1 10 12 1 10 7 12 1 1 10 12 1 10 12 1 10 100 12 1 1 1 100 1 100 1 10 12 1 10 100 12 1 1 10 12 1 10 12 1 1 10 12 1 10 12 1 1 10 12 1 10 12 1 1 10 12 1 1 10 10 7 12 1 1 1 10 12 1 10 12 1 10 12 1 1 10 12 1 10 12 1 10 12 1 10 12 1 10 12 1 10 12 1 10 12 1 10 12 1 1 10 12 1 10 12 1 10 12 10 12 1 1 18 12 1 1 100 1 10 100 12 1 1 1 18 10 12 1 1 10 12 1 1 10 12 1 10 12 1 1 11 12 1 1 10 12 1 10 12 1 10 12 10 10 10 12 1 10 5 0 10 10 12 1 1 100 1 8 1 10 10 12 1 1 10 100 12 1 1 1 10 12 1 10 12 1 1 100 1 10 12 100 1 10 100 1 10 100 1 1 1 1 1 1 1 1 1 1 1 100 1 1 1 1 1 1 1 1 1 1 1 1 1 1 1 1 1 1 1 1 1 1 1 1 1 1 1 1 1 1 1 1 1 1 1 1 1 1 1 1 1 1 1 1 1 1 1 1 1 1 1 1 1 1 1 1 1 1 1 1 1 1 1 1 1 1 1 1 1 1 1 1 1 1 1 1 1 1 1 1 1 1 1 1 1 1 1 1 1 1 1 1 1 1 1 1 1 1 1 1 100 1 1 1 1 1 1 1 1 1 1 1 1 1 1 1 1 1 100 1 1 1 1 1 1 100 1 1 16 1 15 10 12 16 15 10 12 15 10 100 12 1 1 1 1 1 1 1 100 1 100 1 1
staticfield java/lang/AbstractStringBuilder EMPTYVALUE [B 0
ciInstanceKlass java/lang/StringBuffer 1 1 483 10 7 12 1 1 1 10 12 1 10 12 1 10 12 1 1 9 7 12 1 1 1 10 12 1 1 10 12 1 10 12 1 1 9 12 1 1 10 12 1 10 12 1 1 10 12 1 1 10 12 1 10 12 1 1 10 12 1 10 12 1 1 10 12 1 1 10 7 12 1 1 1 10 12 1 1 10 12 1 10 12 1 10 12 1 10 12 1 10 12 1 10 12 1 10 12 1 10 12 1 10 12 1 10 12 1 10 12 1 10 12 1 10 12 1 10 12 1 1 10 12 1 10 12 1 1 10 12 1 1 10 10 12 1 1 10 12 1 10 12 1 10 12 1 10 12 1 10 12 1 10 12 1 10 12 10 12 1 10 12 1 10 12 1 10 12 1 1 10 12 1 10 12 1 10 10 12 1 1 10 12 1 10 12 1 10 12 1 10 10 100 12 1 1 1 10 10 12 1 1 9 12 1 1 10 100 12 1 1 10 100 1 8 10 100 12 1 1 1 8 10 12 1 8 1 10 12 1 10 12 1 10 100 12 1 1 1 10 100 12 1 1 1 7 1 10 12 100 1 8 1 10 10 12 1 1 10 12 1 1 10 12 1 10 12 1 10 12 1 1 10 12 1 10 12 1 10 12 1 10 12 1 10 12 1 10 12 10 12 1 10 12 1 10 12 1 10 12 1 10 12 1 10 12 1 10 12 1 10 12 1 10 12 1 10 12 1 10 12 10 12 10 12 1 10 12 1 10 12 1 10 12 10 12 1 10 12 1 10 12 1 10 12 1 10 12 1 10 12 1 10 12 1 10 12 1 10 12 1 10 12 1 10 12 1 7 1 10 12 1 9 7 12 1 1 1 9 7 1 9 12 1 1 100 1 100 1 100 1 100 1 1 1 1 5 0 1 1 1 1 1 1 1 1 1 1 1 1 1 1 1 1 1 1 1 1 1 1 1 1 1 1 1 1 1 1 1 1 1 1 1 1 1 1 1 1 1 1 1 1 1 1 1 1 1 1 1 1 1 1 1 1 1 1 1 1 1 100 1 1 1 1 1 100 1 1 1 1 1 1 1 1 1 1 1 1 1 1 1 1 1 1
staticfield java/lang/StringBuffer serialPersistentFields [Ljava/io/ObjectStreamField; 3 [Ljava/io/ObjectStreamField;
ciInstanceKlass java/lang/StringBuilder 1 1 422 10 7 12 1 1 1 10 12 1 10 12 1 10 12 1 1 10 7 12 1 1 1 10 7 12 1 1 1 10 12 1 10 12 1 10 12 1 10 12 1 10 12 1 10 12 1 10 12 1 10 12 1 10 12 1 10 12 1 10 12 1 10 12 1 10 12 1 10 12 1 1 10 12 1 10 12 1 1 10 12 1 1 10 12 1 10 12 1 10 12 1 10 12 1 10 12 1 10 12 1 10 12 1 10 12 10 12 1 10 12 1 10 12 1 10 12 1 1 10 12 1 10 12 1 10 12 10 12 1 1 10 12 1 10 12 1 10 12 1 10 100 12 1 1 1 9 12 1 1 10 12 1 10 12 1 1 10 12 1 1 9 12 1 1 10 100 12 1 1 1 10 100 1 10 12 1 1 10 100 12 1 1 10 12 1 10 12 1 1 100 1 100 1 8 1 10 10 12 1 1 10 12 1 10 12 1 10 12 1 1 10 12 1 10 12 1 10 12 1 10 12 1 10 12 1 10 12 10 12 1 10 12 1 10 12 1 10 12 1 10 12 1 10 12 1 10 12 1 10 12 1 10 12 1 1 10 12 1 1 10 12 1 10 12 1 10 12 1 10 12 10 12 10 12 1 10 12 1 10 12 1 10 12 10 12 1 10 12 1 10 12 1 10 12 1 10 12 1 10 12 1 10 12 1 10 12 1 10 12 1 1 10 12 1 10 12 1 1 10 12 1 10 12 1 1 10 12 1 10 12 1 1 10 12 1 10 12 1 10 12 1 10 10 12 1 10 12 1 100 1 100 1 100 1 100 1 1 1 1 5 0 1 1 1 1 1 1 1 1 1 1 1 1 1 1 1 1 1 1 1 1 1 1 1 1 1 1 1 1 1 1 1 1 1 1 1 1 1 1 1 1 1 1 1 1 100 1 1 1 100 1 1 1 1 1 1 1 1 1 1 1
ciInstanceKlass jdk/internal/misc/UnsafeConstants 1 1 34 10 100 12 1 1 1 9 7 12 1 1 1 9 12 1 9 12 1 1 9 12 1 9 12 1 1 1 1 1 1 1 1 1
staticfield jdk/internal/misc/UnsafeConstants ADDRESS_SIZE0 I 8
staticfield jdk/internal/misc/UnsafeConstants PAGE_SIZE I 4096
staticfield jdk/internal/misc/UnsafeConstants BIG_ENDIAN Z 0
staticfield jdk/internal/misc/UnsafeConstants UNALIGNED_ACCESS Z 1
staticfield jdk/internal/misc/UnsafeConstants DATA_CACHE_LINE_FLUSH_SIZE I 0
ciInstanceKlass jdk/internal/misc/Unsafe 1 1 1287 10 7 12 1 1 1 9 7 12 1 1 1 9 12 1 1 10 12 1 1 10 7 12 1 1 1 10 12 1 1 10 12 1 1 10 12 1 1 10 12 1 1 10 12 1 1 10 12 1 1 10 12 1 1 10 12 1 1 10 12 1 1 10 12 1 1 10 12 1 1 10 12 1 1 10 12 1 1 10 12 1 10 12 1 100 1 10 10 12 1 1 10 12 1 1 5 0 10 12 1 1 10 12 1 1 10 7 12 1 1 1 10 12 1 1 10 12 1 10 12 1 10 12 1 1 10 12 1 1 10 12 1 10 12 1 100 1 100 1 10 8 1 10 12 1 1 10 12 1 8 1 10 12 1 1 10 12 1 10 12 1 10 12 1 1 10 12 1 10 12 1 1 10 12 1 1 10 12 1 10 12 1 10 12 1 10 12 1 1 10 12 1 10 12 1 10 12 1 1 10 12 1 5 0 5 0 5 0 10 12 1 10 12 1 10 12 1 10 12 1 10 12 1 10 12 1 10 12 1 10 12 1 10 12 1 1 10 12 1 10 12 1 100 1 8 1 10 100 1 10 10 12 1 1 10 12 1 1 10 12 1 10 12 1 1 10 12 1 1 10 12 1 10 12 1 1 10 12 1 9 7 12 1 1 9 12 1 100 1 10 10 12 1 1 8 1 10 8 1 8 1 10 12 1 1 9 7 12 1 1 1 9 100 1 9 7 1 9 100 1 9 9 100 1 9 7 1 9 100 1 10 12 1 1 10 12 1 1 10 12 1 1 10 12 1 1 5 0 5 0 9 12 1 1 10 12 1 10 12 1 10 12 1 1 10 12 1 1 10 12 1 8 1 3 10 12 1 1 10 12 1 1 10 12 1 10 12 1 1 10 12 1 1 10 12 1 10 12 1 10 12 1 10 12 1 10 12 1 10 12 1 1 10 12 1 1 10 12 1 10 12 1 10 12 1 10 12 1 10 12 1 10 12 1 1 10 12 1 1 10 12 1 10 12 1 10 12 1 10 12 1 10 12 1 10 12 1 1 10 12 1 1 10 12 1 1 10 12 1 1 10 12 1 10 12 1 10 12 1 10 12 1 10 12 1 10 12 1 10 12 1 1 10 12 1 1 10 12 1 10 12 1 10 12 1 10 12 1 10 12 1 10 12 1 10 12 1 1 10 12 1 1 10 12 1 10 12 1 10 12 1 10 12 1 10 12 1 10 12 1 10 12 1 10 12 1 1 10 12 1 10 12 1 10 12 1 10 12 1 10 12 1 1 10 12 1 10 12 1 10 12 1 10 12 1 10 12 1 10 12 1 10 12 1 10 12 1 1 10 12 1 10 12 1 10 12 1 10 12 1 10 12 1 10 12 1 1 10 12 1 10 12 1 10 12 1 1 10 12 1 10 12 1 10 12 1 10 12 1 10 12 1 10 12 1 10 12 1 10 12 1 10 12 1 10 12 1 10 12 1 10 12 1 10 12 1 10 12 1 10 12 1 10 12 1 10 12 1 10 12 1 10 12 1 10 12 1 10 12 1 10 12 1 10 12 1 100 1 10 100 1 10 9 12 1 5 0 10 12 1 1 5 0 10 12 1 5 0 10 12 1 10 12 1 10 12 1 1 10 12 1 1 10 12 1 10 12 1 10 12 1 10 12 1 1 10 12 1 10 12 1 10 12 1 10 12 1 10 12 1 1 10 12 1 10 12 1 10 12 1 10 12 1 1 10 12 1 10 12 1 10 12 1 1 10 12 1 10 12 1 10 12 1 10 12 1 1 10 12 1 10 10 12 1 1 10 12 1 10 12 1 1 10 12 1 10 12 5 0 5 0 5 0 10 12 1 1 10 12 1 10 12 1 10 12 10 100 12 1 1 8 1 100 1 11 12 1 1 8 1 11 12 1 1 10 100 12 1 1 10 12 1 10 12 1 10 12 1 10 12 1 10 12 1 1 10 12 1 10 12 1 10 12 1 10 12 1 10 12 1 10 12 1 10 7 1 10 12 1 9 12 1 7 1 9 12 1 7 1 9 12 1 7 1 9 12 1 7 1 9 12 1 7 1 9 12 1 7 1 9 12 1 7 1 9 12 1 7 1 9 12 1 10 12 1 9 12 1 9 12 1 9 12 1 9 12 1 9 12 1 9 12 1 9 12 1 9 12 1 9 12 1 9 12 1 1 1 3 1 1 1 1 1 1 1 1 1 1 1 1 1 1 1 1 1 1 1 1 1 1 1 1 1 1 1 1 1 1 1 1 1 1 1 1 1 1 1 1 1 1 1 1 1 1 1 1 1 1 1 1 1 1 1 1 1 1 1 1 1 1 1 1 1 1 1 1 1 1 1 1 1 1 1 1 1 1 1 1 1 1 1 1 1 1 1 1 1 100 1 1 1 1 1 1 1 1 1 1 1 1 1 1 1 1 1 1 1 1 1 1 1 1 1 1 1 1 1 1 1 1 1 1 1 1 1 1 1 1 1 1 1 1 1 1 1 1 1 1 1 1 1 1 1 1 1 1 1 1 1 1 1 1 1 1 1 1 1 1 1 1 1 1 1 1 1 1 1 1 1 1 1 1 1 1 1 1 1 1 1 1 1 1 1 1 1 1 1 1 1 1 1 1 1 1 1 1 1 1 1 1 1 1 1 1 1 1 1 1 1 1 1 1 1 1 1 1 1 1 1 1 1 1 1 1 1 1 1 1 1 1 1 1 1 1 1 1 1 1 1 1 1 1 1 1 1 1 1 1 1 1 1 1 1 1 1 1 1 1 1 1 1 1 1 1 1 1 1 1 1 1 1 1 1 1 1 1 1 1 1 1 1 1 1 1 1 1 1 1 1 1 1 1 1 1 3 1 1 1 1 1 1 1 1 1 1 1 1 1 1 1 1 1 1 1 1 1
staticfield jdk/internal/misc/Unsafe theUnsafe Ljdk/internal/misc/Unsafe; jdk/internal/misc/Unsafe
staticfield jdk/internal/misc/Unsafe ARRAY_BOOLEAN_BASE_OFFSET I 16
staticfield jdk/internal/misc/Unsafe ARRAY_BYTE_BASE_OFFSET I 16
staticfield jdk/internal/misc/Unsafe ARRAY_SHORT_BASE_OFFSET I 16
staticfield jdk/internal/misc/Unsafe ARRAY_CHAR_BASE_OFFSET I 16
staticfield jdk/internal/misc/Unsafe ARRAY_INT_BASE_OFFSET I 16
staticfield jdk/internal/misc/Unsafe ARRAY_LONG_BASE_OFFSET I 16
staticfield jdk/internal/misc/Unsafe ARRAY_FLOAT_BASE_OFFSET I 16
staticfield jdk/internal/misc/Unsafe ARRAY_DOUBLE_BASE_OFFSET I 16
staticfield jdk/internal/misc/Unsafe ARRAY_OBJECT_BASE_OFFSET I 16
staticfield jdk/internal/misc/Unsafe ARRAY_BOOLEAN_INDEX_SCALE I 1
staticfield jdk/internal/misc/Unsafe ARRAY_BYTE_INDEX_SCALE I 1
staticfield jdk/internal/misc/Unsafe ARRAY_SHORT_INDEX_SCALE I 2
staticfield jdk/internal/misc/Unsafe ARRAY_CHAR_INDEX_SCALE I 2
staticfield jdk/internal/misc/Unsafe ARRAY_INT_INDEX_SCALE I 4
staticfield jdk/internal/misc/Unsafe ARRAY_LONG_INDEX_SCALE I 8
staticfield jdk/internal/misc/Unsafe ARRAY_FLOAT_INDEX_SCALE I 4
staticfield jdk/internal/misc/Unsafe ARRAY_DOUBLE_INDEX_SCALE I 8
staticfield jdk/internal/misc/Unsafe ARRAY_OBJECT_INDEX_SCALE I 4
staticfield jdk/internal/misc/Unsafe ADDRESS_SIZE I 8
ciInstanceKlass jdk/internal/module/Modules 1 1 504 10 100 12 1 1 1 9 7 12 1 1 1 11 7 12 1 1 1 11 12 1 1 11 12 1 1 11 12 1 1 11 12 1 11 12 1 11 12 1 11 12 1 11 12 1 1 10 100 12 1 1 1 10 100 12 1 1 1 18 12 1 1 10 100 12 1 1 1 100 1 10 100 12 1 1 1 10 100 12 1 1 1 10 100 12 1 1 10 12 1 1 11 12 1 9 12 1 1 11 100 12 1 1 1 10 12 1 1 10 10 12 1 10 9 12 1 1 10 100 12 1 1 10 12 1 1 10 100 12 1 1 100 1 11 100 12 1 1 1 10 100 12 1 1 1 11 100 12 1 1 10 12 1 1 10 100 12 1 1 10 100 12 1 1 1 10 12 1 1 10 12 1 1 11 12 1 1 18 12 1 1 11 100 12 1 1 10 100 12 1 1 1 11 100 12 1 1 1 100 1 11 12 1 1 11 100 12 1 1 1 11 12 1 1 10 12 1 1 10 100 12 1 1 18 12 1 1 11 12 1 1 18 12 1 1 11 12 1 1 10 12 1 18 18 10 12 1 1 9 12 1 1 11 100 12 1 1 1 100 1 10 11 12 1 11 12 1 1 11 12 1 1 10 100 1 10 12 1 1 10 100 12 1 1 10 12 1 1 11 12 10 12 1 1 100 1 10 18 12 1 10 12 1 1 100 1 8 1 10 12 1 10 100 12 1 1 18 12 1 11 11 12 10 12 1 10 10 100 1 18 12 1 10 10 10 7 12 1 1 10 7 12 1 1 1 10 12 1 1 1 1 1 1 1 1 1 1 1 1 1 1 1 1 1 1 1 1 1 1 1 1 1 1 1 1 1 1 1 1 1 100 1 1 1 1 1 1 1 1 1 1 1 1 1 1 1 1 1 1 1 1 1 1 1 1 1 1 1 1 1 1 1 1 1 1 1 100 1 1 1 1 1 1 1 1 1 1 1 1 1 1 1 1 1 1 1 1 1 1 1 16 15 10 12 1 16 16 15 10 12 1 16 1 16 1 15 10 12 1 16 1 16 1 15 10 12 16 1 15 10 16 1 15 10 12 16 1 15 10 12 16 15 10 12 16 15 10 12 15 10 100 12 1 1 1 1 1 1 100 1 100 1 1
staticfield jdk/internal/module/Modules JLA Ljdk/internal/access/JavaLangAccess; java/lang/System$2
staticfield jdk/internal/module/Modules JLMA Ljdk/internal/access/JavaLangModuleAccess; java/lang/module/ModuleDescriptor$1
staticfield jdk/internal/module/Modules $assertionsDisabled Z 1
ciInstanceKlass java/lang/AutoCloseable 1 0 12 100 1 100 1 1 1 1 100 1 1 1
ciInstanceKlass java/io/Closeable 1 0 14 100 1 100 1 100 1 1 1 1 100 1 1 1
instanceKlass kotlin/metadata/internal/protobuf/RopeByteString$RopeInputStream
instanceKlass org/jetbrains/kotlin/protobuf/RopeByteString$RopeInputStream
instanceKlass sun/nio/ch/ChannelInputStream
instanceKlass java/util/zip/ZipFile$ZipFileInputStream
instanceKlass java/io/FilterInputStream
instanceKlass java/io/FileInputStream
instanceKlass java/io/ByteArrayInputStream
ciInstanceKlass java/io/InputStream 1 1 195 100 1 10 7 12 1 1 1 100 1 10 10 7 12 1 1 1 10 7 12 1 1 1 10 12 1 100 1 3 10 12 1 1 100 1 8 1 10 12 1 10 100 12 1 1 1 3 100 1 8 1 10 10 100 12 1 1 1 100 1 10 11 100 12 1 1 1 10 12 1 1 11 12 1 1 11 100 12 1 1 1 11 12 1 1 100 1 10 100 12 1 1 1 5 0 10 12 1 10 12 1 1 100 1 10 8 1 10 8 1 8 1 10 12 1 1 10 100 12 1 1 1 100 1 5 0 10 12 1 100 1 100 1 1 1 1 3 1 3 1 1 1 1 1 1 1 1 1 1 1 1 1 1 1 1 1 1 1 1 1 1 1 1 1 1 1 1 1 1 1 1 1 1 1 1 1 1 1 1 1 1 1 1 1 1 1 1 1 1 1 1 1 1 1
ciInstanceKlass java/io/ByteArrayInputStream 1 1 117 10 7 12 1 1 1 9 7 12 1 1 1 9 12 1 1 9 12 1 9 12 1 10 100 12 1 1 1 10 7 12 1 1 1 10 7 12 1 1 1 10 100 12 1 1 1 10 12 1 1 3 10 100 1 10 100 12 1 1 1 9 12 1 1 100 1 10 10 7 12 1 1 1 1 1 1 1 1 1 1 1 1 1 1 1 1 1 1 1 1 1 1 1 1 1 1 1 1 1 1 1 100 1 1 1 1 1 1 1 1 1 1 1 1 1 1
staticfield java/io/ByteArrayInputStream $assertionsDisabled Z 1
ciInstanceKlass java/net/URL 1 1 771 10 7 12 1 1 1 10 12 1 10 7 12 1 1 9 12 1 1 9 12 1 10 7 12 1 1 1 10 12 1 1 10 12 1 1 9 12 1 1 10 7 12 1 1 1 8 1 10 12 1 1 100 1 10 10 12 1 1 8 1 10 12 1 1 9 12 1 100 1 8 1 10 12 1 10 12 1 8 1 9 12 1 10 12 1 1 9 12 1 10 12 1 10 12 1 9 12 1 9 12 1 8 1 9 12 1 10 12 1 1 8 1 9 12 1 1 10 12 1 1 10 7 12 1 1 1 8 1 10 12 1 7 1 10 12 1 10 12 1 10 12 1 10 12 1 1 10 12 1 1 8 1 10 12 1 1 10 12 1 8 1 9 12 1 8 1 10 12 1 10 7 12 1 1 1 100 1 10 12 1 10 12 1 1 10 7 12 1 1 1 100 1 8 1 10 10 12 1 8 1 10 12 1 1 10 12 1 10 12 1 10 12 1 10 12 1 10 12 1 10 12 1 8 1 10 12 1 8 1 10 10 100 1 10 10 12 1 8 1 10 7 12 1 1 1 10 12 1 9 100 12 1 1 1 10 100 12 1 1 1 9 12 1 1 10 12 1 10 100 12 1 1 1 100 1 100 1 10 12 1 10 12 1 10 12 1 10 12 1 10 12 1 10 12 10 10 12 1 10 12 1 10 12 1 1 8 1 9 100 12 1 1 1 10 100 12 1 1 1 10 12 1 1 9 100 12 1 1 1 10 12 1 1 100 1 10 12 1 10 12 1 10 10 12 1 1 10 12 1 1 10 12 1 10 12 1 10 12 1 10 100 12 1 1 1 10 12 1 1 10 12 1 9 12 1 1 9 12 1 1 100 1 8 1 10 10 12 1 9 12 1 1 10 7 12 1 1 8 1 10 100 12 1 1 8 1 10 12 1 1 10 12 1 8 1 8 1 10 7 12 1 1 1 100 1 10 100 12 1 1 1 10 12 1 10 12 1 100 1 10 9 100 12 1 1 1 10 100 12 1 1 10 12 1 1 10 12 1 8 1 100 1 10 10 100 12 1 1 1 10 12 1 8 9 100 12 1 1 1 10 12 1 1 10 12 1 10 12 1 1 10 100 12 1 1 11 7 12 1 1 10 12 1 10 12 1 9 12 1 10 12 1 1 10 100 12 1 1 10 100 12 1 1 1 8 10 100 12 1 1 100 1 10 8 8 10 12 1 8 8 8 100 1 10 12 1 9 12 1 1 10 12 1 10 12 1 1 10 12 1 10 12 10 12 1 1 10 12 1 1 10 10 10 12 1 10 12 1 10 12 1 10 12 1 10 12 1 10 10 12 1 100 1 8 1 10 10 10 12 1 1 10 12 1 10 12 1 1 8 1 7 1 10 10 7 1 10 12 1 9 7 12 1 1 1 9 12 1 1 7 1 10 10 7 12 1 1 1 100 1 1 1 1 1 5 0 1 1 1 1 1 1 1 1 1 1 1 1 1 1 1 1 1 1 1 1 1 1 1 1 1 1 1 1 1 1 1 1 1 1 1 1 1 1 1 1 1 1 1 1 1 1 1 1 100 1 1 1 1 1 1 1 1 1 1 1 1 1 1 1 1 1 1 1 1 1 1 1 1 1 1 1 1 1 1 1 1 1 1 1 1 1 100 1 1 1 1 1 1 1 1 1 1 1 1 1 1 1 1 1 100 1 1 1 1 1 1 1 1 1 1 1 1 1 1 1 1 1 1 1
staticfield java/net/URL defaultFactory Ljava/net/URLStreamHandlerFactory; java/net/URL$DefaultFactory
staticfield java/net/URL streamHandlerLock Ljava/lang/Object; java/lang/Object
staticfield java/net/URL serialPersistentFields [Ljava/io/ObjectStreamField; 7 [Ljava/io/ObjectStreamField;
instanceKlass java/time/temporal/ChronoUnit
instanceKlass java/time/temporal/ChronoField
instanceKlass sun/util/locale/provider/LocaleProviderAdapter$Type
instanceKlass java/util/Locale$Category
instanceKlass java/nio/file/FileVisitResult
instanceKlass java/nio/file/FileTreeWalker$EventType
instanceKlass java/nio/file/FileVisitOption
instanceKlass org/jetbrains/kotlin/commonizer/metadata/TypeAliasExpansion
instanceKlass org/jetbrains/kotlin/commonizer/core/AbstractStandardCommonizer$State
instanceKlass org/jetbrains/kotlin/commonizer/mergedtree/TypeSignatureElements
instanceKlass org/jetbrains/kotlin/commonizer/cir/CirFunctionOrProperty$Kind
instanceKlass kotlin/metadata/MemberKind
instanceKlass kotlin/metadata/ReturnValueStatus
instanceKlass kotlin/metadata/ClassKind
instanceKlass kotlin/metadata/Visibility
instanceKlass kotlin/metadata/Modality
instanceKlass kotlin/metadata/KmVariance
instanceKlass kotlin/metadata/internal/metadata/ProtoBuf$Expression$ConstantValue
instanceKlass kotlin/metadata/internal/metadata/ProtoBuf$Effect$InvocationKind
instanceKlass kotlin/metadata/internal/metadata/ProtoBuf$Effect$EffectType
instanceKlass kotlin/DeprecationLevel
instanceKlass kotlin/metadata/internal/metadata/ProtoBuf$VersionRequirement$VersionKind
instanceKlass kotlin/metadata/internal/metadata/ProtoBuf$MemberKind
instanceKlass kotlin/metadata/internal/metadata/ProtoBuf$ReturnValueStatus
instanceKlass kotlin/metadata/internal/metadata/ProtoBuf$Class$Kind
instanceKlass kotlin/metadata/internal/metadata/ProtoBuf$Modality
instanceKlass kotlin/metadata/internal/metadata/ProtoBuf$Visibility
instanceKlass kotlin/metadata/internal/metadata/ProtoBuf$Type$Argument$Projection
instanceKlass kotlin/metadata/internal/metadata/ProtoBuf$QualifiedNameTable$QualifiedName$Kind
instanceKlass java/io/JbExtendedOpenOptions
instanceKlass java/util/stream/StreamOpFlag$Type
instanceKlass java/util/stream/StreamOpFlag
instanceKlass kotlin/metadata/internal/metadata/ProtoBuf$TypeParameter$Variance
instanceKlass kotlin/metadata/internal/metadata/ProtoBuf$Annotation$Argument$Value$Type
instanceKlass kotlin/metadata/internal/protobuf/WireFormat$JavaType
instanceKlass kotlin/metadata/internal/protobuf/WireFormat$FieldType
instanceKlass org/jetbrains/kotlin/metadata/ProtoBuf$VersionRequirement$VersionKind
instanceKlass org/jetbrains/kotlin/metadata/ProtoBuf$VersionRequirement$Level
instanceKlass org/jetbrains/kotlin/resolve/ReturnValueStatus
instanceKlass org/jetbrains/kotlin/descriptors/Modality
instanceKlass org/jetbrains/kotlin/metadata/ProtoBuf$MemberKind
instanceKlass org/jetbrains/kotlin/metadata/ProtoBuf$ReturnValueStatus
instanceKlass org/jetbrains/kotlin/metadata/ProtoBuf$Class$Kind
instanceKlass org/jetbrains/kotlin/metadata/ProtoBuf$Modality
instanceKlass org/jetbrains/kotlin/metadata/ProtoBuf$Visibility
instanceKlass org/jetbrains/kotlin/types/Variance
instanceKlass org/jetbrains/kotlin/metadata/ProtoBuf$Effect$EffectConditionKind
instanceKlass org/jetbrains/kotlin/metadata/ProtoBuf$Effect$InvocationKind
instanceKlass org/jetbrains/kotlin/metadata/ProtoBuf$Expression$ConstantValue
instanceKlass org/jetbrains/kotlin/metadata/ProtoBuf$Effect$EffectType
instanceKlass org/jetbrains/kotlin/metadata/ProtoBuf$Type$Argument$Projection
instanceKlass org/jetbrains/kotlin/com/intellij/openapi/diagnostic/LogLevel
instanceKlass org/jetbrains/kotlin/metadata/ProtoBuf$QualifiedNameTable$QualifiedName$Kind
instanceKlass org/jetbrains/kotlin/metadata/ProtoBuf$TypeParameter$Variance
instanceKlass org/jetbrains/kotlin/metadata/ProtoBuf$Annotation$Argument$Value$Type
instanceKlass org/jetbrains/kotlin/protobuf/WireFormat$JavaType
instanceKlass org/jetbrains/kotlin/protobuf/WireFormat$FieldType
instanceKlass org/jetbrains/kotlin/descriptors/ClassKind
instanceKlass org/jetbrains/kotlin/name/NativeForwardDeclarationKind
instanceKlass org/jetbrains/kotlin/library/impl/BuiltInsPlatform
instanceKlass org/jetbrains/kotlin/storage/LockBasedStorageManager$NotValue
instanceKlass kotlin/coroutines/intrinsics/CoroutineSingletons
instanceKlass java/util/stream/Collector$Characteristics
instanceKlass kotlin/time/DurationUnit
instanceKlass org/jetbrains/kotlin/library/loader/KlibLoaderResult$ProblemSeverity
instanceKlass java/nio/file/AccessMode
instanceKlass org/jetbrains/kotlin/commonizer/cli/Task$Category
instanceKlass org/jetbrains/kotlin/commonizer/CommonizerLogLevel
instanceKlass org/jetbrains/kotlin/konan/target/Architecture
instanceKlass org/jetbrains/kotlin/konan/target/Family
instanceKlass java/util/regex/Pattern$Qtype
instanceKlass kotlin/text/RegexOption
instanceKlass org/jetbrains/kotlin/commonizer/stats/StatsType
instanceKlass org/jetbrains/kotlin/commonizer/cli/TaskType
instanceKlass java/lang/invoke/MethodHandles$Lookup$ClassOption
instanceKlass java/lang/invoke/VarHandle$AccessType
instanceKlass java/lang/invoke/VarHandle$AccessMode
instanceKlass java/lang/invoke/MethodHandleImpl$Intrinsic
instanceKlass java/lang/invoke/LambdaForm$BasicType
instanceKlass java/lang/invoke/LambdaForm$Kind
instanceKlass sun/invoke/util/Wrapper
instanceKlass java/util/zip/ZipCoder$Comparison
instanceKlass java/nio/file/LinkOption
instanceKlass sun/nio/fs/WindowsPathType
instanceKlass java/nio/file/StandardOpenOption
instanceKlass java/io/File$PathStatus
instanceKlass java/lang/module/ModuleDescriptor$Requires$Modifier
instanceKlass java/lang/reflect/AccessFlag$Location
instanceKlass java/lang/reflect/AccessFlag
instanceKlass java/lang/module/ModuleDescriptor$Modifier
instanceKlass com/jetbrains/internal/IoOverNio$Debug
instanceKlass java/lang/reflect/ClassFileFormatVersion
instanceKlass java/util/concurrent/TimeUnit
instanceKlass java/lang/Thread$State
ciInstanceKlass java/lang/Enum 1 1 204 9 7 12 1 1 1 9 12 1 1 10 7 12 1 1 1 9 12 1 10 7 12 1 1 1 100 1 10 10 12 1 1 10 12 1 100 1 10 10 7 12 1 1 10 12 1 1 18 12 1 1 10 100 12 1 1 1 10 12 1 1 11 100 12 1 1 1 100 1 8 1 10 12 1 100 1 100 1 10 8 1 10 12 1 1 10 12 1 1 8 1 10 12 1 10 100 1 8 1 10 10 12 1 1 10 100 12 1 1 1 100 1 100 1 100 1 1 1 1 1 1 1 1 1 1 1 1 1 1 1 1 1 1 1 1 1 1 1 1 1 1 1 1 1 1 1 1 1 1 1 1 1 1 1 1 1 1 1 1 1 1 1 3 1 1 1 1 100 1 100 1 1 100 1 1 1 1 1 1 1 1 1 1 1 16 15 10 12 16 15 10 100 12 1 1 1 1 1 100 1 100 1 1
ciInstanceKlass java/util/jar/Manifest 1 1 339 10 7 12 1 1 1 7 1 10 9 7 12 1 1 1 7 1 10 9 12 1 1 9 12 1 1 10 12 1 10 12 1 1 10 12 1 1 10 12 1 1 10 12 1 1 11 7 1 11 12 1 1 10 12 1 1 10 100 12 1 1 1 100 1 100 1 10 8 1 10 12 1 1 10 12 1 1 10 12 1 10 12 1 11 100 1 10 12 1 10 12 1 1 11 12 1 1 10 12 1 11 12 1 1 11 100 12 1 1 1 11 100 12 1 1 11 12 1 1 100 1 10 12 1 8 1 11 12 1 100 1 10 12 1 1 11 12 1 10 12 1 10 12 1 10 100 12 1 1 1 8 1 10 12 1 1 10 9 100 12 1 1 1 10 12 1 1 10 100 12 1 10 12 1 10 12 1 9 100 12 1 1 1 8 1 10 12 1 8 1 8 1 7 1 10 12 1 10 12 1 10 12 1 1 100 1 8 1 10 12 1 1 8 1 10 10 12 1 1 8 1 10 12 1 1 10 100 12 1 1 1 10 12 1 10 11 12 1 1 10 12 1 10 100 12 1 1 1 10 12 1 1 10 12 1 10 12 1 1 11 10 12 1 11 10 12 1 100 1 1 1 1 1 1 1 1 1 1 1 1 1 1 1 1 1 1 1 1 1 1 1 1 1 1 1 1 1 1 1 1 1 1 1 1 1 1 1 1 1 1 1 100 1 1 1 1 1 1 1 1 1 1 1 1 1 1 100 1 1 1 1 1 1 1 1 1 1 1
instanceKlass jdk/internal/loader/ClassLoaders$BootClassLoader
instanceKlass jdk/internal/loader/ClassLoaders$PlatformClassLoader
instanceKlass jdk/internal/loader/ClassLoaders$AppClassLoader
ciInstanceKlass jdk/internal/loader/BuiltinClassLoader 1 1 757 9 7 12 1 1 1 10 7 12 1 1 1 10 7 12 1 1 1 9 12 1 1 9 12 1 1 7 1 10 12 1 9 12 1 10 12 1 9 12 1 10 7 12 1 1 1 10 7 12 1 1 1 10 7 12 1 1 1 11 7 12 1 1 1 100 1 100 1 10 10 12 1 1 8 1 10 12 1 10 12 7 1 10 12 1 10 12 1 1 11 7 12 1 1 1 11 7 12 1 1 1 11 12 1 1 7 1 8 1 8 1 10 9 12 1 1 10 7 12 1 1 11 12 1 1 10 12 1 1 10 12 1 1 10 12 1 1 10 7 12 1 1 1 10 12 1 10 100 12 1 1 1 10 12 1 1 11 7 12 1 1 1 10 7 12 1 1 100 1 10 7 12 1 1 1 10 12 1 100 1 8 1 10 12 1 1 10 8 1 10 12 1 1 10 12 1 1 10 12 1 1 11 7 12 1 1 11 12 1 7 1 10 11 12 1 1 11 10 12 1 1 7 1 10 12 1 10 7 12 1 10 12 1 7 1 10 12 1 10 7 12 1 1 1 100 1 10 12 1 1 11 12 1 100 1 100 1 10 12 1 10 12 1 1 100 1 100 1 10 12 1 10 12 1 18 12 1 1 10 12 1 10 12 1 1 18 100 1 10 7 12 1 1 1 100 1 10 10 12 1 1 10 12 1 1 10 12 1 1 10 12 1 9 12 1 1 100 1 10 10 12 1 1 10 12 1 1 10 12 1 10 12 10 12 1 1 10 12 1 1 10 12 1 1 10 12 1 10 7 12 1 1 1 10 12 1 1 10 7 12 1 1 18 12 1 7 1 100 1 10 12 1 1 10 12 1 1 10 12 1 10 12 1 1 10 12 1 100 1 10 12 1 7 1 10 12 1 10 7 12 1 1 1 10 12 1 11 12 1 7 1 10 12 1 7 1 100 1 10 12 1 10 12 1 11 12 1 1 10 12 1 1 10 12 1 1 10 12 1 1 10 12 1 1 10 12 1 10 12 1 10 12 1 10 12 1 8 1 10 12 1 1 10 7 12 1 1 10 12 1 100 1 8 1 8 1 10 10 12 1 8 1 8 1 10 7 12 1 1 1 11 7 12 1 1 1 9 7 12 1 1 1 10 7 12 1 1 1 9 12 1 9 12 1 9 12 1 9 12 1 9 12 1 9 12 1 10 7 12 1 1 1 8 1 10 12 1 7 1 10 12 1 1 10 12 1 7 1 10 11 12 1 1 10 12 10 12 1 10 12 1 100 1 10 12 1 10 12 1 10 10 12 1 10 7 12 1 1 8 1 10 7 12 1 1 10 12 1 1 1 1 1 1 1 1 1 1 1 1 1 1 1 1 1 1 1 1 1 1 1 1 1 1 1 1 1 1 1 1 1 1 1 1 1 1 1 1 1 1 1 1 1 1 1 1 1 1 1 1 1 1 1 1 100 1 1 1 1 1 1 1 1 1 1 1 1 1 1 1 1 1 1 100 1 1 1 1 1 1 100 1 1 1 1 1 1 1 1 1 1 1 1 1 1 1 1 1 1 1 1 1 1 1 1 1 1 1 1 1 1 1 1 1 1 1 1 1 1 1 1 1 1 1 1 1 1 1 1 100 1 1 16 15 10 12 16 15 10 12 16 15 10 12 16 1 15 10 100 12 1 1 1 1 1 1 100 1 1 1 1 1 100 1 100 1 1
staticfield jdk/internal/loader/BuiltinClassLoader packageToModule Ljava/util/Map; java/util/concurrent/ConcurrentHashMap
staticfield jdk/internal/loader/BuiltinClassLoader $assertionsDisabled Z 1
ciInstanceKlass jdk/internal/loader/ClassLoaders 1 1 183 10 100 12 1 1 1 10 7 12 1 1 1 10 12 1 1 10 100 12 1 1 1 9 7 12 1 1 1 9 12 1 1 9 12 1 1 7 1 11 100 12 1 1 1 100 1 11 12 1 1 11 12 1 1 10 100 12 1 1 1 10 100 12 1 1 1 100 1 100 1 10 7 12 1 1 1 9 12 1 1 10 12 1 1 7 1 10 12 1 1 10 12 1 7 1 8 1 10 7 12 1 1 1 10 12 1 1 7 1 10 12 1 10 12 1 10 12 1 8 1 10 7 12 1 1 8 1 8 1 10 12 1 7 1 10 12 1 10 12 1 10 12 1 1 1 1 1 1 1 1 1 1 1 1 1 1 1 1 1 1 1 1 100 1 1 1 1 1 1 1 1 1 1 1 1 1 1 1 1 1 1 1
staticfield jdk/internal/loader/ClassLoaders JLA Ljdk/internal/access/JavaLangAccess; java/lang/System$2
staticfield jdk/internal/loader/ClassLoaders BOOT_LOADER Ljdk/internal/loader/ClassLoaders$BootClassLoader; jdk/internal/loader/ClassLoaders$BootClassLoader
staticfield jdk/internal/loader/ClassLoaders PLATFORM_LOADER Ljdk/internal/loader/ClassLoaders$PlatformClassLoader; jdk/internal/loader/ClassLoaders$PlatformClassLoader
staticfield jdk/internal/loader/ClassLoaders APP_LOADER Ljdk/internal/loader/ClassLoaders$AppClassLoader; jdk/internal/loader/ClassLoaders$AppClassLoader
ciInstanceKlass jdk/internal/loader/ClassLoaders$AppClassLoader 1 1 119 8 1 10 7 12 1 1 1 10 7 12 1 1 1 10 100 12 1 1 1 10 12 1 1 10 100 12 1 1 1 10 12 1 1 10 12 1 1 7 1 8 1 10 12 10 7 12 1 1 1 10 100 12 1 1 10 12 1 1 10 12 1 1 10 7 12 1 1 1 100 1 10 12 1 1 1 1 1 1 1 1 1 1 1 1 1 1 1 1 1 1 1 1 1 100 1 1 1 1 1 1 1 1 1 1 1 1 1 1 1 1 1 1 1 100 1 1 1
ciInstanceKlass jdk/internal/loader/ClassLoaders$PlatformClassLoader 1 1 42 8 1 10 7 12 1 1 1 10 7 12 1 1 1 100 1 10 12 1 100 1 1 1 1 1 1 1 1 1 1 1 1 1 1 100 1 1 1 100 1 1
ciInstanceKlass java/security/CodeSource 1 1 398 10 7 12 1 1 1 9 7 12 1 1 1 9 12 1 1 9 12 1 1 9 12 1 1 10 7 12 1 1 1 9 12 1 1 10 100 12 1 1 10 100 10 100 12 1 1 1 10 100 12 1 1 1 10 12 1 1 100 1 10 10 100 12 1 1 1 10 100 12 1 1 1 10 12 1 1 100 1 10 12 1 1 10 12 1 1 10 12 1 1 10 12 1 10 10 10 12 1 1 10 100 12 1 1 1 10 12 1 10 12 1 10 12 1 8 1 10 12 1 10 12 1 10 12 1 1 10 12 1 8 1 10 12 1 1 10 100 1 10 10 12 1 1 8 1 10 12 1 10 12 1 10 12 1 8 1 8 1 9 12 1 1 100 1 8 1 10 12 1 10 12 1 1 8 1 10 12 1 8 1 8 1 8 1 10 100 12 1 1 10 12 1 1 10 12 1 10 12 1 1 10 12 1 1 10 12 1 1 100 1 100 1 10 12 1 10 12 10 12 1 1 10 100 12 1 1 10 12 1 100 1 10 12 10 100 12 1 1 1 10 8 1 10 12 1 10 12 1 10 12 1 1 100 1 10 12 1 1 100 1 100 1 8 1 8 1 10 10 12 1 1 10 100 12 1 1 1 100 1 10 12 10 12 1 1 11 100 12 1 1 10 10 12 1 11 10 12 1 8 1 100 1 10 12 1 10 12 1 1 10 12 1 11 12 1 1 100 1 1 1 1 5 0 1 1 1 1 1 1 1 1 1 1 1 1 1 1 1 1 1 1 1 1 1 1 1 1 1 1 1 1 1 1 1 1 1 1 1 1 1 1 1 1 1 1 1 1 1 1 1 1 1 1 1 1 1 1 1 1 1 1 1 1 1 1 1 1 1 1 100 1 1 1 1 1 1 1
ciInstanceKlass java/util/concurrent/ConcurrentMap 1 1 208 11 100 12 1 1 1 10 100 12 1 1 11 12 1 1 11 100 12 1 1 1 11 100 12 1 1 1 11 12 1 1 100 1 11 12 1 11 12 1 100 1 11 100 12 1 1 1 18 12 1 11 12 1 1 11 100 12 1 1 11 12 1 1 11 100 12 1 11 12 1 1 11 12 1 1 100 1 100 1 1 1 1 1 1 1 1 1 1 1 1 1 1 1 1 1 1 1 1 1 1 1 1 1 1 1 1 1 1 1 1 1 1 1 1 1 1 1 1 1 1 1 1 1 1 1 1 1 1 1 1 1 1 1 1 1 1 1 1 16 15 11 12 15 10 100 12 1 1 1 1 1 100 1 100 1 1 1 100 1 8 1 1 12 10 1 1 1 8 1 1 1 8 1 1 8 1 1 1 8 1 1 1 8 1 1 1 8 1 1 1 8 1 1 1 8 1 1 1 8 1 1 1 8 1 1 8 1
instanceKlass java/util/EnumMap
instanceKlass kotlin/metadata/internal/protobuf/SmallSortedMap
instanceKlass java/util/Collections$SingletonMap
instanceKlass org/jetbrains/kotlin/com/intellij/util/containers/RefHashMap
instanceKlass org/jetbrains/kotlin/protobuf/SmallSortedMap
instanceKlass java/util/TreeMap
instanceKlass java/util/IdentityHashMap
instanceKlass java/util/WeakHashMap
instanceKlass java/util/Collections$EmptyMap
instanceKlass java/util/HashMap
instanceKlass sun/util/PreHashedMap
instanceKlass java/util/ImmutableCollections$AbstractImmutableMap
instanceKlass java/util/concurrent/ConcurrentHashMap
ciInstanceKlass java/util/AbstractMap 1 1 196 10 7 12 1 1 1 10 7 12 1 1 1 11 7 12 1 1 1 10 11 12 1 1 11 7 12 1 1 1 11 12 1 1 7 1 11 12 1 10 12 1 1 11 12 1 100 1 10 11 12 1 11 7 1 10 12 1 1 11 12 1 9 12 1 1 7 1 10 12 1 9 12 1 1 100 1 10 11 11 12 1 1 11 12 1 100 1 100 1 11 12 1 8 1 100 1 10 10 12 1 1 8 1 10 12 1 10 12 1 1 10 12 1 1 1 1 1 1 1 1 1 1 1 1 1 1 1 1 1 1 1 1 1 1 1 1 1 1 1 1 1 1 1 1 1 1 1 1 1 1 1 1 100 1 1 1 1 1 1 1 100 1 1 1 1 1 1 1 1 1 100 1 1 1 1 1 1 1 1 1 100 1 100 1 100 1 100 1 100 1 1 1 1 1 1
ciInstanceKlass java/util/concurrent/ConcurrentHashMap 1 1 1210 7 1 7 1 3 10 12 1 1 3 100 1 10 7 12 1 1 1 100 1 10 100 12 1 1 1 100 1 11 12 1 1 11 12 1 11 12 1 1 9 12 1 1 9 12 1 1 9 12 1 10 7 12 1 1 1 7 1 10 12 1 1 10 12 1 1 10 7 12 1 1 1 4 10 12 1 9 12 1 10 12 1 1 100 1 10 5 0 10 12 1 10 12 1 1 5 0 10 12 1 1 10 12 1 9 12 1 1 10 12 1 1 9 12 1 9 12 1 1 10 12 1 1 9 12 1 10 12 1 1 9 12 1 1 10 12 1 1 100 1 10 100 1 10 12 1 10 12 1 1 10 12 1 1 10 12 1 1 10 12 1 10 12 1 1 10 12 1 1 100 1 10 12 1 1 7 1 100 1 8 1 10 12 1 10 12 1 1 10 12 1 1 11 7 12 1 1 10 12 1 1 11 12 1 1 11 7 12 1 1 1 11 7 12 1 1 1 11 12 1 7 1 11 12 1 11 12 1 10 12 1 1 10 12 1 1 9 12 1 1 10 100 12 1 1 1 9 10 12 1 1 9 12 1 10 12 1 1 5 0 9 12 1 1 7 1 10 12 1 9 12 1 1 7 1 10 12 1 9 12 1 7 1 10 100 1 10 10 12 1 1 8 1 10 12 1 10 12 1 1 11 100 1 10 12 1 10 100 12 1 1 1 8 1 10 100 12 1 1 1 8 1 10 12 1 8 1 10 12 1 10 12 1 1 10 100 12 1 1 10 12 1 10 12 1 10 12 1 9 12 1 9 10 12 1 9 12 1 1 11 100 12 1 1 1 11 7 12 1 1 1 100 1 10 12 11 100 12 1 1 10 11 7 12 1 10 12 1 100 1 10 12 1 100 1 10 10 9 7 12 1 1 1 10 12 3 10 100 12 1 1 9 12 1 10 12 1 1 9 12 1 1 9 12 1 10 12 1 1 10 100 12 1 1 9 12 1 9 7 12 1 1 10 12 1 1 10 12 1 3 9 12 1 9 12 1 10 12 1 1 7 1 9 3 9 12 1 100 1 10 12 1 9 12 1 10 12 1 9 12 1 10 12 1 9 12 1 10 100 12 1 1 1 100 10 12 1 100 1 5 0 10 100 12 1 1 100 1 10 12 1 1 10 12 1 10 12 1 100 1 10 12 1 10 100 1 100 1 10 10 12 1 10 100 1 10 12 1 10 100 1 10 12 1 10 100 1 10 12 1 1 100 1 10 12 1 10 10 12 1 100 1 10 12 1 10 10 12 1 100 1 10 12 1 10 100 1 10 12 1 10 100 1 10 12 1 10 100 1 10 12 1 10 100 1 10 12 1 10 100 1 10 12 1 10 100 1 10 12 1 10 100 1 10 12 1 10 100 1 10 10 100 1 10 10 100 1 10 10 100 1 10 12 1 10 100 1 10 12 1 10 100 1 10 12 1 10 100 1 10 12 1 10 100 1 10 12 1 10 100 1 10 10 100 1 10 10 100 1 10 10 100 1 10 12 1 10 100 1 10 12 1 10 100 1 10 12 1 10 100 1 10 12 1 10 100 1 10 12 1 10 10 12 1 10 7 12 1 1 1 10 12 1 7 1 7 1 10 12 1 9 12 1 1 9 12 1 1 10 12 1 1 8 10 12 1 1 8 8 8 8 7 10 12 1 1 10 12 1 100 1 8 1 10 7 1 100 1 100 1 1 1 5 0 1 1 3 1 3 1 1 1 1 3 1 3 1 3 1 1 1 1 1 3 1 3 1 3 1 1 1 1 1 1 1 1 1 1 1 1 1 1 1 1 1 1 1 1 1 1 1 1 1 100 1 1 1 1 1 1 1 1 1 1 1 1 1 1 1 1 1 1 1 1 1 1 1 1 1 1 1 1 1 1 1 1 1 1 1 1 1 1 1 1 1 1 1 1 1 1 1 1 1 1 1 1 1 1 1 1 1 1 1 1 1 1 1 1 1 1 1 1 1 1 1 1 1 1 1 1 1 1 1 1 1 1 1 1 100 1 1 1 1 1 1 1 1 1 1 1 100 1 1 1 1 1 1 1 1 1 1 1 1 1 1 1 1 1 1 1 1 1 1 1 1 1 1 1 1 1 1 1 1 1 1 1 1 1 1 1 1 1 1 1 1 1 1 1 1 1 1 1 1 1 1 1 1 1 1 1 1 1 1 1 1 1 1 1 1 1 1 1 1 1 1 1 1 1 1 1 1 1 1 1 1 1 1 1 1 1 1 1 1 1 1 1 1 1 1 1 1 1 1 1 1 1 1 1 1 1 1 1 1 1 1 1 1 1 1 1 1 1 1 1 1 1 1 1 1 1 1 1 1 1 1 1 1 1 1 1 1 1 1 1 1 1 1 1 1 1 1 1 1 1 1 1 1 1 1 1 1 1 1 1 1 1 1 1 1 1 1 1 1 1 1 1 1 1 1 1 1 1 1 1 1 1 1 1 1 1 1 1 1 1 1 1 1 1 1 1 1 1 1 1 1 1 1 1 1 1 1 1 1 1 1 1 1 1 1 1 1 1 1 1 100 1 100 1 100 1 100 1 100 1 100 1 100 1 100 1 100 1 1 1 1 1 1 1 1 1 1 1 1 1 1 1 1 1 1 1 1 1 1 1 1 1 1 1 1 1 1 1 1 1 1 1 1 1 1 1 1 1 1 1 1 1 1 1 1 1 1 1 1 1 1 1 1 1 1
staticfield java/util/concurrent/ConcurrentHashMap NCPU I 12
staticfield java/util/concurrent/ConcurrentHashMap serialPersistentFields [Ljava/io/ObjectStreamField; 3 [Ljava/io/ObjectStreamField;
staticfield java/util/concurrent/ConcurrentHashMap U Ljdk/internal/misc/Unsafe; jdk/internal/misc/Unsafe
staticfield java/util/concurrent/ConcurrentHashMap SIZECTL J 20
staticfield java/util/concurrent/ConcurrentHashMap TRANSFERINDEX J 32
staticfield java/util/concurrent/ConcurrentHashMap BASECOUNT J 24
staticfield java/util/concurrent/ConcurrentHashMap CELLSBUSY J 36
staticfield java/util/concurrent/ConcurrentHashMap CELLVALUE J 144
staticfield java/util/concurrent/ConcurrentHashMap ABASE I 16
staticfield java/util/concurrent/ConcurrentHashMap ASHIFT I 2
ciInstanceKlass java/lang/Iterable 1 1 62 10 100 12 1 1 1 11 100 12 1 1 1 11 100 12 1 1 1 11 12 1 1 11 100 12 1 1 1 10 100 12 1 1 1 100 1 1 1 1 1 1 1 1 1 1 1 1 1 1 1 1 1 1 1 1 1 1 1 1 1 1
ciInstanceKlass java/util/Collection 1 1 115 11 7 12 1 1 1 7 1 11 7 12 1 1 1 10 100 12 1 1 1 11 12 1 1 11 100 12 1 1 1 11 12 1 1 11 100 12 1 1 1 11 12 1 1 10 100 12 1 1 1 11 12 1 10 7 12 1 1 1 100 1 100 1 1 1 1 1 1 1 1 1 1 1 1 1 1 1 1 1 1 1 1 1 1 1 1 1 1 1 1 1 1 1 1 1 1 1 1 1 1 1 1 1 1 1 1 1 1 1 1 1 1 1 1
ciInstanceKlass java/util/SequencedCollection 1 1 109 100 1 10 12 1 1 11 100 12 1 1 1 11 100 12 1 1 1 11 12 1 1 11 12 1 100 1 100 1 1 1 1 1 1 1 1 1 1 1 1 1 1 1 1 1 1 1 1 1 1 1 1 1 1 1 1 1 100 1 8 1 1 12 10 1 1 1 8 1 1 1 8 1 1 1 8 1 1 1 8 1 1 8 1 1 1 8 1 1 8 1 1 1 8 1 1 8 1 1 1 8 1 1 8 1 1 8 1
ciInstanceKlass java/util/List 1 1 251 10 100 12 1 1 1 11 100 12 1 1 1 11 100 12 1 1 1 11 12 1 1 11 100 12 1 1 11 12 1 1 11 12 1 1 10 100 12 1 1 1 100 1 100 1 10 12 1 1 100 1 10 100 12 1 1 1 11 12 1 1 11 12 1 11 12 1 100 1 10 12 1 11 12 1 1 11 12 1 1 11 12 1 10 100 12 1 1 1 9 7 12 1 1 1 7 1 10 12 10 12 1 7 1 10 12 1 1 10 12 1 10 12 1 1 11 12 1 1 100 1 1 1 1 1 1 1 1 1 1 1 1 1 1 1 1 1 1 1 1 1 1 1 1 1 1 1 1 1 1 1 1 1 1 1 1 1 1 1 1 1 1 1 1 100 1 100 1 1 1 1 1 1 1 1 1 1 1 1 1 1 1 1 1 1 1 1 1 1 1 1 1 1 1 1 1 1 1 1 1 1 1 1 1 1 1 1 1 1 1 1 1 1 1 1 1 1 1 1 1 1 1 1 1 1 1 1 1 1 1 1 1 1 1 1 1 1 1 1 1 1 1 1 100 1 1 100 1 1 1
ciInstanceKlass java/util/RandomAccess 1 0 7 100 1 100 1 1 1
instanceKlass org/jetbrains/kotlin/it/unimi/dsi/fastutil/ints/AbstractIntCollection
instanceKlass java/util/HashMap$Values
instanceKlass org/jetbrains/kotlin/it/unimi/dsi/fastutil/objects/AbstractObjectCollection
instanceKlass java/util/LinkedHashMap$LinkedValues
instanceKlass java/util/ArrayDeque
instanceKlass java/util/AbstractSet
instanceKlass java/util/ImmutableCollections$AbstractImmutableCollection
instanceKlass java/util/AbstractList
ciInstanceKlass java/util/AbstractCollection 1 1 160 10 7 12 1 1 1 10 7 12 1 1 1 10 12 1 1 11 7 12 1 1 1 11 12 1 1 10 12 1 1 10 100 12 1 1 1 10 12 1 1 10 12 1 1 10 7 12 1 1 10 7 12 1 1 1 7 1 10 100 12 1 1 1 10 100 12 1 1 1 100 1 10 11 12 1 11 7 1 10 12 1 10 12 1 10 100 12 1 1 1 11 8 1 7 1 10 10 12 1 1 8 1 10 12 1 10 12 1 1 1 1 1 1 1 1 1 1 1 1 1 1 1 1 1 1 1 1 1 1 1 1 1 1 1 1 1 1 1 1 1 1 1 1 1 1 1 1 1 1 1 1 1 1 1 1 1 1 1 1
instanceKlass java/util/ArrayList$SubList
instanceKlass kotlin/metadata/internal/protobuf/UnmodifiableLazyStringList
instanceKlass kotlin/metadata/internal/protobuf/LazyStringArrayList
instanceKlass java/util/AbstractSequentialList
instanceKlass org/jetbrains/kotlin/protobuf/UnmodifiableLazyStringList
instanceKlass org/jetbrains/kotlin/protobuf/LazyStringArrayList
instanceKlass kotlin/collections/AbstractMutableList
instanceKlass java/util/Collections$SingletonList
instanceKlass org/jetbrains/kotlin/utils/SmartList
instanceKlass java/util/Arrays$ArrayList
instanceKlass java/util/Collections$EmptyList
instanceKlass java/util/ArrayList
ciInstanceKlass java/util/AbstractList 1 1 218 10 7 12 1 1 1 9 7 12 1 1 1 10 12 1 1 10 12 1 1 100 1 10 10 12 1 1 11 7 12 1 1 1 11 12 1 1 11 12 1 10 7 12 1 1 1 10 12 1 11 12 1 11 12 1 11 12 1 10 12 1 1 10 12 1 1 11 100 12 1 1 1 11 100 1 11 7 1 10 12 1 7 1 10 12 1 10 12 1 1 100 1 100 1 10 12 1 100 1 10 100 1 100 1 10 8 1 10 12 1 1 10 12 1 10 12 1 1 10 12 1 8 1 100 1 8 1 8 1 8 1 10 7 1 11 10 10 12 1 11 12 1 10 12 1 1 8 1 8 1 1 1 1 1 1 1 1 1 1 1 1 1 1 1 1 1 1 1 1 1 1 1 1 1 1 1 1 1 1 1 1 1 1 1 1 1 1 1 1 1 1 1 1 1 1 1 1 1 1 1 1 1 1 1 1 1 1 100 1 100 1 1 1 1 1 1 1
ciInstanceKlass java/util/ArrayList 1 1 509 10 7 12 1 1 1 7 1 9 7 12 1 1 1 9 12 1 100 1 100 1 10 8 1 10 12 1 1 10 12 1 10 12 1 1 10 12 1 9 12 1 11 7 12 1 1 1 9 12 1 1 11 12 1 1 7 10 7 12 1 1 1 9 12 1 10 12 1 10 12 1 1 10 7 12 1 1 1 10 7 12 1 1 1 10 12 1 1 10 12 1 1 10 12 1 1 10 12 1 10 12 1 1 100 1 100 1 10 12 1 10 10 7 12 1 1 1 10 7 12 1 1 10 12 1 100 1 10 10 12 10 12 1 1 10 12 1 1 10 12 1 10 12 10 12 1 1 7 1 10 12 1 1 10 12 1 1 10 12 1 100 1 10 11 12 1 1 11 7 12 1 1 1 11 12 1 10 12 1 10 12 1 10 12 1 1 100 1 10 12 1 1 10 10 12 1 1 10 12 1 8 1 8 1 8 1 8 1 10 12 1 1 10 12 1 1 11 12 1 100 1 10 100 12 1 1 10 12 1 10 12 1 1 10 100 12 1 1 10 12 1 10 100 12 1 1 1 11 100 12 1 1 1 10 12 1 100 1 8 1 10 7 1 10 12 1 7 1 10 12 1 10 12 1 1 7 1 10 12 1 10 12 1 1 11 100 12 1 1 100 1 10 12 1 10 12 1 1 11 100 12 1 1 10 12 1 1 10 12 1 1 10 12 1 1 10 12 1 1 11 100 12 1 1 10 12 1 1 100 1 100 1 100 1 1 1 1 5 0 1 3 1 1 1 1 1 1 1 1 1 1 1 1 1 1 1 1 1 1 1 1 1 1 1 1 1 1 1 1 1 1 1 1 1 1 1 1 1 1 1 1 1 1 1 1 1 1 1 1 1 1 1 1 1 1 1 1 1 1 1 1 1 1 1 1 1 1 1 1 1 1 1 1 1 1 1 1 1 1 1 1 1 1 1 1 1 1 1 1 1 1 1 1 1 1 1 1 1 1 1 1 1 1 1 1 100 1 1 1 1 100 1 1 1 1 1 1 1 1 1 1 1 1 1 1 1 1 1 1 1 1 1 1 1 1 1 1 1 1 1 100 1 1 1 1 1 1 1 1 1 1 1 1 1 1 1 1 1 1 100 1 100 1 1 1 1 1 1
staticfield java/util/ArrayList EMPTY_ELEMENTDATA [Ljava/lang/Object; 0 [Ljava/lang/Object;
staticfield java/util/ArrayList DEFAULTCAPACITY_EMPTY_ELEMENTDATA [Ljava/lang/Object; 0 [Ljava/lang/Object;
ciInstanceKlass java/lang/StackTraceElement 0 0 235 10 100 12 1 1 1 10 100 12 1 1 9 12 1 1 9 12 1 1 9 12 1 9 12 1 8 1 10 100 12 1 1 1 100 1 9 12 1 8 1 9 12 1 9 12 1 9 12 1 1 10 12 1 1 10 12 1 8 1 10 100 12 1 1 1 100 1 10 12 1 10 12 1 1 10 12 1 10 12 1 1 10 12 1 10 12 1 10 10 12 1 8 1 10 12 1 10 12 1 1 10 12 1 1 10 12 1 10 12 1 10 12 1 9 12 1 1 10 100 12 1 1 1 10 12 1 1 100 1 10 12 1 1 10 100 12 1 1 10 100 12 1 1 1 10 100 12 1 1 10 100 12 1 1 10 10 12 1 1 10 12 1 1 10 12 1 1 10 12 1 100 1 1 1 1 1 1 1 3 1 3 1 1 5 0 1 1 1 1 1 1 1 1 1 1 1 1 1 1 1 1 1 1 1 1 1 1 1 1 1 1 1 1 1 100 1 100 1 1 1 1 1 1 1 100 1 1 1 1 1 1 1 1 1
instanceKlass java/nio/IntBuffer
instanceKlass java/nio/LongBuffer
instanceKlass java/nio/CharBuffer
instanceKlass java/nio/ByteBuffer
ciInstanceKlass java/nio/Buffer 1 1 256 100 1 10 7 12 1 1 1 9 7 12 1 1 1 9 12 1 9 12 1 1 9 12 1 9 12 1 1 10 12 1 1 10 12 1 1 10 12 100 1 100 1 10 8 1 10 12 1 1 10 12 1 8 1 8 1 10 12 1 1 10 12 1 8 1 9 12 1 1 100 1 8 1 10 12 1 8 1 8 1 9 12 10 12 1 8 1 8 1 8 1 10 12 1 8 1 8 1 8 1 100 1 10 100 1 10 100 1 10 9 12 1 1 10 7 12 1 1 1 100 1 10 12 1 1 10 12 1 10 100 12 1 1 10 7 12 1 1 1 10 7 12 1 1 1 9 12 1 1 10 7 12 1 1 1 9 12 1 1 7 1 10 10 12 1 1 7 1 10 10 7 12 1 1 1 1 1 3 1 1 1 1 1 1 1 1 1 1 1 1 1 1 100 1 1 1 1 1 1 1 100 1 1 1 1 1 1 1 1 1 1 1 1 1 1 1 1 1 1 1 1 1 1 1 1 1 1 1 1 1 1 1 1 1 1 1 1 1 1 1 100 1 100 1 100 1 100 1 100 1 100 1 100 1 1
staticfield java/nio/Buffer UNSAFE Ljdk/internal/misc/Unsafe; jdk/internal/misc/Unsafe
staticfield java/nio/Buffer SCOPED_MEMORY_ACCESS Ljdk/internal/misc/ScopedMemoryAccess; jdk/internal/misc/ScopedMemoryAccess
staticfield java/nio/Buffer IOOBE_FORMATTER Ljava/util/function/BiFunction; jdk/internal/util/Preconditions$4
staticfield java/nio/Buffer $assertionsDisabled Z 1
ciInstanceKlass java/lang/StackWalker 0 0 271 9 100 12 1 1 1 100 1 10 100 12 1 1 1 10 12 1 1 10 100 12 1 1 1 10 12 1 1 10 12 1 11 100 12 1 1 1 10 12 1 1 10 12 1 1 10 12 1 1 100 1 8 1 10 12 1 10 12 1 10 12 1 10 100 12 1 1 9 12 1 1 9 12 1 1 9 12 1 1 9 12 1 1 10 12 1 1 9 12 1 1 9 12 1 1 9 12 1 1 10 100 12 1 1 1 11 12 1 1 100 1 8 1 10 10 100 12 1 1 9 12 1 1 10 12 1 1 10 100 12 1 1 1 10 100 12 1 1 1 18 12 1 1 100 1 8 1 10 8 1 10 12 1 1 10 100 12 1 1 1 10 12 1 1 9 100 12 1 1 11 100 12 1 1 1 10 12 1 1 1 1 1 1 1 1 1 1 1 1 1 1 1 1 1 1 1 1 1 1 1 1 1 1 1 1 1 1 1 1 1 1 1 1 1 1 1 1 1 1 1 1 1 1 1 1 1 1 1 1 1 1 1 1 1 1 1 1 1 1 1 1 1 1 100 1 1 16 15 10 12 16 1 15 10 100 12 1 1 1 1 1 1 1 1 1 100 1 100 1 1
ciInstanceKlass java/lang/StackStreamFactory$AbstractStackWalker 1 0 375 100 1 100 1 3 10 100 12 1 1 1 10 100 12 1 1 10 100 12 1 1 1 9 12 1 1 10 12 1 1 9 12 1 1 9 12 1 1 9 12 1 1 9 12 1 10 100 12 1 1 1 10 12 1 1 10 100 12 1 1 9 12 1 1 9 12 1 1 10 12 1 1 9 100 12 1 1 1 10 12 1 1 10 12 1 9 12 1 1 10 100 12 1 1 1 10 12 1 1 9 12 1 1 9 100 12 1 1 1 100 1 10 8 1 10 12 1 1 10 12 1 8 1 10 12 1 1 10 100 12 1 1 1 100 1 8 1 10 12 1 8 1 10 12 10 100 12 1 1 9 12 1 8 1 5 0 8 1 8 1 9 12 1 1 10 12 1 1 18 12 1 1 10 100 12 1 1 1 10 12 1 1 10 12 1 10 12 1 9 12 1 10 12 1 10 12 1 10 12 1 10 12 1 10 12 1 10 12 1 1 8 1 10 12 1 10 12 1 10 12 1 10 12 1 1 8 1 10 12 1 1 10 12 1 1 10 12 1 1 10 12 1 10 12 1 10 100 12 1 1 1 10 12 1 10 12 1 9 12 1 8 1 10 12 1 10 12 1 10 12 1 1 10 12 1 10 12 1 10 12 1 1 10 12 1 10 12 1 10 12 1 10 12 1 10 12 1 10 12 1 1 10 12 1 1 10 12 1 8 1 1 1 1 1 1 1 1 1 1 1 1 1 100 1 1 1 1 1 1 1 100 1 1 1 1 100 1 1 1 1 1 1 1 1 1 1 1 1 1 1 1 1 1 1 1 16 15 15 10 100 12 1 1 1 1 1 1 1 1 100 1 100 1 1
ciInstanceKlass java/lang/StackWalker$StackFrame 0 0 41 100 1 10 12 1 1 100 1 100 1 1 1 1 1 1 1 1 1 1 1 1 1 1 1 1 1 1 1 1 1 1 1 1 1 1 1 100 1 1 1
instanceKlass java/lang/LiveStackFrameInfo
ciInstanceKlass java/lang/StackFrameInfo 0 0 142 10 100 12 1 1 1 9 100 12 1 1 1 9 100 1 9 12 1 1 11 100 12 1 1 1 9 12 1 1 11 12 1 1 10 12 1 1 10 100 12 1 1 1 10 12 1 11 12 1 11 12 1 1 11 12 1 10 12 1 1 9 12 1 1 10 12 1 1 10 100 12 1 1 10 12 1 1 11 12 1 1 9 12 1 1 10 100 1 10 12 1 9 12 1 1 10 12 1 1 100 1 8 1 10 12 1 10 100 12 1 1 1 100 1 1 1 1 1 1 1 1 1 1 1 1 1 1 1 1 1 1 100 1 1 100 1 1 1 1 1 1
ciInstanceKlass java/lang/LiveStackFrame 0 0 135 100 1 10 100 12 1 1 1 11 100 12 1 1 1 11 12 1 10 100 12 1 1 1 100 1 8 1 10 12 1 1 10 100 12 1 1 1 9 100 12 1 1 1 10 100 12 1 1 1 10 100 12 1 1 1 11 12 1 10 12 1 100 1 100 1 1 1 1 1 1 1 1 1 1 1 1 1 1 1 1 1 1 1 1 1 1 1 1 1 1 1 1 100 1 1 1 1 1 1 1 100 1 8 1 1 12 10 1 1 1 8 1 1 1 8 1 1 1 8 1 1 1 8 1 1 8 1 1 1 8 1 1 8 1
ciInstanceKlass java/lang/LiveStackFrameInfo 0 0 97 10 100 12 1 1 1 9 100 12 1 1 1 9 12 1 9 12 1 9 12 1 9 12 1 1 100 1 10 12 1 1 10 12 1 8 1 10 12 1 1 8 1 8 1 8 1 10 100 1 10 12 1 100 1 10 12 1 100 1 100 1 1 1 3 1 3 1 1 1 1 1 1 1 1 1 1 1 1 1 1 1 1 1 1 1 1 1 1 1 1 1 1 1 100 1 1
instanceKlass java/util/concurrent/locks/AbstractQueuedSynchronizer
ciInstanceKlass java/util/concurrent/locks/AbstractOwnableSynchronizer 1 1 32 10 7 12 1 1 1 9 7 12 1 1 1 100 1 1 1 1 5 0 1 1 1 1 1 1 1 1 1 1 1 1
ciInstanceKlass java/lang/Boolean 1 1 152 10 7 12 1 1 1 9 7 12 1 1 1 10 12 1 1 10 12 1 8 1 10 7 12 1 1 9 12 1 1 9 12 1 10 12 1 1 10 12 1 1 10 12 1 1 10 7 12 1 1 1 100 1 100 1 10 12 1 1 9 100 12 1 1 9 12 10 100 12 1 1 1 10 12 1 1 8 1 10 7 12 1 1 1 9 12 1 1 100 1 100 1 100 1 1 1 1 1 1 5 0 1 1 1 1 1 1 1 1 1 1 3 1 1 1 1 1 1 1 1 1 1 1 1 1 1 1 1 1 1 100 1 1 1 1 1 1 1 1 1 1 100 1 1 1 1 1 1 1 1 1
staticfield java/lang/Boolean TRUE Ljava/lang/Boolean; java/lang/Boolean
staticfield java/lang/Boolean FALSE Ljava/lang/Boolean; java/lang/Boolean
staticfield java/lang/Boolean TYPE Ljava/lang/Class; java/lang/Class
ciInstanceKlass java/lang/Character 1 1 604 7 1 100 1 100 1 9 12 1 1 8 1 9 12 1 1 100 1 9 12 1 1 10 100 12 1 1 1 10 100 12 1 1 1 10 100 12 1 1 1 10 7 12 1 1 1 9 7 12 1 1 1 10 12 1 10 12 1 1 10 12 1 1 10 100 12 1 1 10 12 1 1 3 3 3 3 3 10 12 1 1 10 12 1 3 11 100 12 1 1 1 11 12 1 1 10 12 1 1 10 12 1 1 100 1 10 10 12 1 3 10 12 1 1 10 12 1 10 12 1 1 100 1 8 1 10 12 1 1 10 12 1 10 12 1 10 12 1 10 100 12 1 1 1 10 12 1 10 12 1 10 12 1 1 10 12 1 10 7 12 1 1 10 10 12 1 10 10 12 1 10 12 1 1 10 12 1 10 10 12 1 10 12 1 10 12 1 10 12 1 10 12 1 10 12 1 10 12 1 10 12 10 10 12 10 10 12 1 10 10 12 1 10 10 12 1 10 10 12 1 10 12 1 10 12 1 10 12 1 10 12 1 10 12 1 10 12 1 10 10 12 1 10 10 12 1 10 10 12 1 1 10 10 12 1 10 5 0 10 12 1 10 12 1 10 10 12 1 10 10 12 1 1 10 10 12 1 10 10 12 1 9 12 1 1 100 1 10 10 12 1 10 12 1 1 3 10 100 12 1 1 1 10 12 1 10 100 12 1 1 100 1 10 10 12 1 1 10 12 1 1 10 12 1 1 8 1 10 12 1 9 100 12 1 1 1 10 12 1 10 10 12 1 10 12 1 1 10 12 1 10 10 12 1 1 10 10 12 1 1 100 1 8 1 10 12 1 1 10 7 12 1 1 1 8 1 10 12 1 1 9 12 1 1 100 1 100 1 100 1 1 1 1 3 1 3 1 3 1 3 1 1 1 1 1 3 1 1 3 1 3 1 3 1 3 1 3 1 3 1 3 1 3 1 3 1 3 1 3 1 3 1 3 1 3 1 3 1 3 1 3 1 3 1 3 1 3 1 3 1 3 1 3 1 3 1 3 1 3 1 3 1 3 1 1 1 1 1 1 1 1 1 1 1 1 1 1 1 1 1 1 1 3 1 1 1 1 1 1 1 3 1 1 3 1 1 1 1 1 3 1 1 5 0 1 1 1 1 1 1 1 1 1 1 1 1 1 1 1 1 1 1 1 1 1 1 1 1 1 1 1 1 1 1 1 1 1 1 1 1 1 1 1 1 1 1 1 1 1 1 1 1 1 1 1 1 1 1 1 1 1 1 1 1 1 1 1 1 1 1 1 1 1 1 1 1 1 1 1 1 1 1 1 1 1 1 1 1 1 1 1 1 1 1 100 1 100 1 1 1 1 1 1
staticfield java/lang/Character TYPE Ljava/lang/Class; java/lang/Class
staticfield java/lang/Character $assertionsDisabled Z 1
instanceKlass java/math/BigInteger
instanceKlass java/util/concurrent/atomic/AtomicLong
instanceKlass java/util/concurrent/atomic/AtomicInteger
instanceKlass java/lang/Long
instanceKlass java/lang/Integer
instanceKlass java/lang/Short
instanceKlass java/lang/Byte
instanceKlass java/lang/Double
instanceKlass java/lang/Float
ciInstanceKlass java/lang/Number 1 1 37 10 7 12 1 1 1 10 100 12 1 1 1 100 1 1 1 1 5 0 1 1 1 1 1 1 1 1 1 1 1 1 1 1 1 1 1
ciInstanceKlass java/lang/Float 1 1 279 7 1 100 1 10 100 12 1 1 1 10 100 12 1 1 1 4 100 1 10 12 1 1 10 12 1 1 8 1 8 1 10 100 12 1 1 1 10 12 1 1 10 12 1 1 10 100 1 4 10 7 12 1 1 9 12 1 1 10 12 1 1 10 12 1 10 10 12 1 1 10 12 1 10 12 1 3 3 100 1 4 4 4 3 10 12 1 1 9 12 1 1 100 1 10 3 3 4 4 10 12 1 3 3 3 10 12 1 1 10 12 1 1 10 12 1 10 100 12 1 1 1 10 12 1 1 10 12 1 1 10 7 12 1 1 1 8 1 10 12 1 1 9 12 1 1 100 1 100 1 100 1 1 1 1 4 1 4 1 1 1 4 1 1 3 1 3 1 3 1 3 1 3 1 1 1 1 5 0 1 1 1 1 1 1 1 1 1 1 100 1 1 1 1 1 1 1 1 1 1 1 1 1 3 1 1 1 1 1 1 1 1 1 1 1 1 1 1 1 1 1 1 1 1 1 1 1 1 1 1 1 1 1 1 1 1 1 1 1 1 1 1 1 1 1 1 1 1 1 1 1 1 1 1 1 1 1 1 1 1 1 1 1 1 1 100 1 1 1 1 1 1 1 100 1 100 1 1
staticfield java/lang/Float TYPE Ljava/lang/Class; java/lang/Class
staticfield java/lang/Float $assertionsDisabled Z 1
ciInstanceKlass java/lang/Double 1 1 290 7 1 100 1 10 100 12 1 1 1 10 12 1 1 10 100 1 10 12 1 1 10 100 12 1 1 1 6 0 8 1 10 12 1 1 8 1 10 12 1 1 8 1 6 0 10 12 1 1 100 1 5 0 5 0 8 1 8 1 10 100 12 1 1 1 10 100 12 1 1 1 8 1 10 12 1 1 8 1 8 1 8 1 10 12 1 1 10 12 1 10 12 1 1 10 12 1 10 12 1 10 12 1 1 10 12 1 10 100 1 6 0 10 7 12 1 1 9 12 1 1 10 12 1 10 12 1 10 12 1 10 12 1 10 12 1 5 0 10 12 1 1 10 12 1 10 12 1 10 100 12 1 1 1 10 12 1 1 10 12 1 1 8 1 10 7 12 1 1 1 9 12 1 1 100 1 100 1 100 1 1 1 6 0 1 6 0 1 6 0 1 1 1 6 0 1 1 3 1 3 1 3 1 3 1 3 1 1 1 1 5 0 1 1 1 1 1 1 1 1 1 1 1 1 1 1 1 1 100 1 1 1 1 1 1 1 1 1 1 1 1 3 1 1 1 1 1 1 1 1 1 1 1 1 1 1 1 1 1 1 1 1 1 1 1 1 1 1 1 1 1 1 1 1 1 1 100 1 1 1 1 1 1 1 100 1 100 1 1
staticfield java/lang/Double TYPE Ljava/lang/Class; java/lang/Class
ciInstanceKlass java/lang/Byte 1 1 213 7 1 100 1 10 100 12 1 1 1 9 12 1 1 8 1 9 12 1 1 100 1 10 12 1 1 10 12 1 1 10 100 12 1 1 1 10 100 12 1 1 1 9 7 12 1 1 1 10 12 1 1 100 1 100 1 10 12 1 1 8 1 10 12 1 1 8 1 10 12 1 10 12 1 10 12 1 10 12 1 1 10 12 1 10 12 1 10 12 1 1 10 8 1 8 1 10 7 1 9 12 1 1 10 12 1 1 10 12 1 1 10 12 1 1 10 12 1 5 0 10 12 1 1 8 1 10 7 12 1 1 1 9 12 1 1 100 1 100 1 1 1 3 1 3 1 1 1 1 3 1 3 1 1 5 0 1 1 1 1 1 1 1 1 1 1 1 1 1 1 1 1 1 1 1 1 1 1 1 1 1 1 1 1 1 1 1 1 1 1 1 1 1 1 1 1 1 1 1 1 1 1 1 1 1 1 1 1 1 1 1 1
staticfield java/lang/Byte TYPE Ljava/lang/Class; java/lang/Class
ciInstanceKlass java/lang/Short 1 1 222 7 1 100 1 100 1 10 100 12 1 1 1 10 12 1 1 100 1 100 1 10 12 1 1 8 1 10 12 1 1 8 1 10 12 1 10 12 1 10 12 1 10 12 1 1 10 12 1 1 10 12 1 9 12 1 1 8 1 9 12 1 1 100 1 10 12 1 1 10 12 1 10 100 12 1 1 1 10 100 12 1 1 1 9 7 12 1 1 1 10 12 1 10 12 1 1 10 8 1 8 1 10 7 1 9 12 1 1 10 12 1 1 10 12 1 1 10 12 1 1 10 12 1 3 3 5 0 10 12 1 1 8 1 10 7 12 1 1 1 9 12 1 1 100 1 100 1 1 1 3 1 3 1 1 1 1 3 1 3 1 1 5 0 1 1 1 1 1 1 1 1 1 1 1 1 1 1 1 1 1 1 1 1 1 1 1 1 1 1 1 3 1 1 1 1 1 1 1 1 1 1 1 1 1 1 1 1 1 1 1 1 1 1 1 1 1 1 1 1 1 1
staticfield java/lang/Short TYPE Ljava/lang/Class; java/lang/Class
ciInstanceKlass java/lang/Integer 1 1 453 7 1 100 1 7 1 7 1 10 12 1 1 9 12 1 1 9 12 1 1 10 100 12 1 1 1 10 12 1 1 10 100 12 1 1 1 10 10 12 1 1 10 100 12 1 1 1 10 12 1 10 12 1 1 10 100 12 1 1 1 10 12 1 1 10 12 1 1 10 12 1 10 12 1 10 12 1 1 10 10 12 1 9 12 1 1 9 12 1 100 1 8 1 10 12 1 100 1 10 12 1 8 1 10 12 1 1 10 12 1 8 1 10 12 1 8 1 10 12 1 1 3 10 12 1 1 3 10 12 1 1 10 12 1 1 10 7 12 1 1 1 11 7 1 10 12 1 1 11 10 12 1 1 8 1 10 12 1 1 8 1 100 1 10 12 1 1 10 12 1 1 5 0 8 1 10 12 1 10 12 1 10 12 1 10 12 1 1 7 1 9 12 1 1 9 12 1 1 10 12 1 10 7 1 9 12 1 10 12 1 10 12 1 10 12 1 1 10 7 12 1 1 1 100 1 100 1 10 12 1 1 10 12 1 1 8 1 8 1 10 12 1 1 8 1 8 1 8 1 8 1 8 1 8 1 10 12 1 10 12 1 5 0 3 3 3 3 10 12 1 10 12 1 3 10 12 1 10 100 12 1 1 1 10 12 1 1 10 12 1 1 8 1 10 7 12 1 1 1 9 12 1 1 100 1 100 1 100 1 1 1 1 3 1 1 1 3 1 3 1 1 5 0 1 1 1 1 1 1 1 1 1 100 1 1 1 1 1 1 1 1 1 1 1 1 1 1 1 1 1 1 1 1 1 1 1 1 1 1 1 1 1 1 1 1 1 1 1 1 1 1 1 1 3 1 1 1 1 1 1 1 1 1 1 1 1 1 1 1 1 100 1 1 1 1 1 1 1 1 1 1 1 1 1 1 1 1 1 1 1 1 1 1 1 1 1 1 1 1 1 1 1 1 1 1 1 1 1 1 1 1 1 1 1 1 1 1 100 1 1 1 1 1 1 1 1 1 100 1 100 1 1
staticfield java/lang/Integer TYPE Ljava/lang/Class; java/lang/Class
staticfield java/lang/Integer digits [C 36
staticfield java/lang/Integer DigitTens [B 100
staticfield java/lang/Integer DigitOnes [B 100
ciInstanceKlass java/lang/Long 1 1 524 7 1 100 1 7 1 100 1 10 12 1 1 9 12 1 1 9 7 12 1 1 1 10 100 12 1 1 1 10 12 1 1 10 100 12 1 1 1 10 10 12 10 12 1 10 12 1 10 12 1 5 0 5 0 100 1 10 12 1 1 10 12 1 1 10 12 1 10 12 1 10 12 1 10 12 1 1 10 100 12 1 1 10 12 1 10 12 1 1 10 12 1 1 10 12 1 1 10 12 1 1 10 100 12 1 1 1 10 12 1 1 10 12 1 10 12 1 10 12 1 10 12 1 1 10 10 12 1 5 0 5 0 9 12 1 1 9 12 1 5 0 100 1 8 1 10 12 1 8 1 10 12 1 8 1 8 1 10 12 1 1 5 0 10 12 1 1 5 0 10 12 1 1 10 12 1 1 10 100 12 1 1 1 11 100 1 10 12 1 1 11 10 12 1 1 8 1 10 12 1 1 8 1 100 1 10 12 1 1 10 12 1 8 1 8 1 11 12 1 1 10 12 1 10 12 1 10 12 1 5 0 5 0 9 7 12 1 1 1 10 12 1 10 12 1 1 8 1 8 1 10 12 1 1 8 1 8 1 8 1 8 1 8 1 8 1 10 12 1 10 7 1 9 12 1 1 10 12 1 10 12 1 1 10 12 1 1 10 100 12 1 1 1 100 1 100 1 10 12 1 1 10 12 1 1 5 0 10 12 1 10 12 1 5 0 5 0 5 0 10 12 1 1 10 12 1 5 0 5 0 10 12 1 10 12 1 10 100 12 1 1 1 10 12 1 1 10 12 1 1 8 1 10 7 12 1 1 1 9 12 1 1 100 1 100 1 100 1 1 1 1 5 0 1 1 1 1 3 1 3 1 5 0 1 1 1 1 1 1 1 1 1 100 1 1 1 1 1 1 1 1 1 1 1 1 1 1 1 1 1 1 1 1 1 1 1 1 1 1 1 1 1 1 1 1 1 1 1 1 1 1 1 1 1 1 1 1 1 1 1 1 1 1 1 1 1 1 1 3 1 1 1 1 1 1 1 1 1 1 1 1 1 1 1 100 1 1 1 1 1 1 1 1 1 1 1 1 1 1 1 1 1 1 1 1 1 1 1 1 1 1 1 1 1 1 1 1 1 1 1 1 1 1 1 1 1 1 1 100 1 1 1 1 1 1 1 1 1 100 1 100 1 1
staticfield java/lang/Long TYPE Ljava/lang/Class; java/lang/Class
ciInstanceKlass java/util/Iterator 1 1 53 100 1 8 1 10 12 1 1 10 100 12 1 1 1 11 100 12 1 1 1 11 12 1 1 11 100 12 1 1 1 100 1 1 1 1 1 1 1 1 1 1 1 1 1 1 1 1 1 1 1 1 1
ciInstanceKlass java/lang/reflect/RecordComponent 0 0 196 10 100 12 1 1 1 9 100 12 1 1 1 9 12 1 1 9 12 1 10 12 1 1 10 12 1 1 10 100 12 1 1 1 10 12 1 1 9 12 1 1 10 12 1 1 10 12 1 1 10 12 1 10 100 12 1 1 10 100 12 1 1 9 12 1 1 10 100 12 1 1 1 11 100 12 1 1 1 10 9 100 12 1 1 1 10 100 12 1 1 1 9 12 1 1 10 100 12 1 1 1 10 12 1 1 11 100 12 1 1 10 100 12 1 1 100 1 9 12 1 9 12 1 1 9 12 1 10 100 12 1 1 1 10 12 1 1 10 12 1 1 100 1 10 10 12 1 10 12 1 1 8 1 10 12 1 10 12 1 9 12 1 100 1 1 1 1 1 1 1 1 1 1 1 1 1 1 1 1 1 1 1 1 1 1 100 1 1 1 1 1 1 100 1 1
ciInstanceKlass jdk/internal/vm/vector/VectorSupport 0 0 573 100 1 10 100 12 1 1 1 9 12 1 1 10 12 1 1 100 1 10 12 1 11 100 12 1 1 1 11 100 12 1 1 1 11 100 12 1 1 11 100 12 1 1 11 100 12 1 1 1 11 100 12 1 1 11 100 12 1 1 11 100 12 1 1 11 100 12 1 1 11 100 12 1 1 11 100 12 1 1 11 100 12 1 1 1 11 100 12 1 1 11 100 12 1 1 1 11 100 12 1 1 1 11 100 12 1 1 11 100 12 1 1 1 11 100 12 1 1 100 1 10 12 1 1 11 100 12 1 1 11 100 12 1 1 11 100 12 1 1 11 100 12 1 1 11 100 12 1 1 11 100 12 1 1 9 12 1 1 10 100 12 1 1 11 100 12 1 1 10 12 1 1 10 100 12 1 1 1 10 12 1 10 12 1 1 10 12 1 1 1 1 1 3 1 3 1 3 1 3 1 3 1 3 1 3 1 3 1 3 1 3 1 3 1 3 1 3 1 3 1 3 1 3 1 3 1 3 1 3 1 3 1 3 1 3 1 3 1 3 1 3 1 3 1 3 1 3 1 3 1 3 1 3 1 3 1 3 1 3 1 3 1 3 1 3 1 3 1 3 1 3 1 3 1 3 1 3 1 3 1 3 1 3 1 3 1 3 1 3 1 3 1 3 1 3 1 3 1 1 1 1 1 1 1 1 1 1 1 1 1 1 1 1 1 1 1 1 1 1 1 1 1 1 1 1 1 1 1 1 1 1 1 1 1 1 1 1 1 1 1 1 1 1 1 1 1 1 1 1 1 1 1 1 1 1 1 1 1 1 1 1 1 1 1 1 1 1 1 1 1 1 1 1 1 1 1 1 1 1 1 1 1 1 1 1 1 1 1 1 1 1 1 1 1 1 1 1 1 1 1 1 1 1 1 1 1 1 1 1 1 1 1 1 1 1 1 1 1 1 1 1 1 1 1 1 1 1 1 1 1 1 1 1 1 1 1 1 1 1 1 1 1 1 1 1 1 1 1 1 1 1 1 1 1 1 1 1 1 1 1 1 1 1 1 1 1 1 1 1 1 1 1 1 1 1 1 1 1 1 1 1 1 1 1 1 1 1 1 1 1 1 1 1 1 1 1 1 1 1 1 1 1 1 1 1 1 1 1 1 1 1 1 1 1 1 1 1 1 1 1 1 1 1 1 1 1 1 1 1 1 1 1 100 1 100 1 100 1 100 1 100 1 1 1 1 1 1 1 1 1 1 1 1 1 1 1 1 1 1 1 1 1 1 1 1 1 1 1 1 1 1 1
instanceKlass jdk/internal/vm/vector/VectorSupport$VectorShuffle
instanceKlass jdk/internal/vm/vector/VectorSupport$VectorMask
instanceKlass jdk/internal/vm/vector/VectorSupport$Vector
ciInstanceKlass jdk/internal/vm/vector/VectorSupport$VectorPayload 0 0 32 10 100 12 1 1 1 9 100 12 1 1 1 10 100 12 1 1 1 1 1 1 1 1 1 1 1 1 1 1 1 1
ciInstanceKlass jdk/internal/vm/vector/VectorSupport$Vector 0 0 28 10 100 12 1 1 1 100 1 1 1 1 1 1 1 1 1 1 1 1 1 1 1 100 1 1 1 1
ciInstanceKlass jdk/internal/vm/vector/VectorSupport$VectorMask 0 0 28 10 100 12 1 1 1 100 1 1 1 1 1 1 1 1 1 1 1 1 1 1 1 100 1 1 1 1
ciInstanceKlass jdk/internal/vm/vector/VectorSupport$VectorShuffle 0 0 28 10 100 12 1 1 1 100 1 1 1 1 1 1 1 1 1 1 1 1 1 1 1 100 1 1 1 1
ciInstanceKlass jdk/internal/vm/FillerObject 0 0 16 10 100 12 1 1 1 100 1 1 1 1 1 1 1 1
instanceKlass kotlin/KotlinNullPointerException
ciInstanceKlass java/lang/NullPointerException 1 1 52 10 100 12 1 1 1 10 12 1 9 100 12 1 1 1 10 12 1 1 9 12 1 1 10 12 1 1 10 12 1 1 1 1 5 0 1 1 1 1 1 1 1 1 100 1 100 1 100 1 1 1
ciInstanceKlass java/lang/ArithmeticException 1 1 26 10 100 12 1 1 1 10 12 1 100 1 1 1 1 5 0 1 1 1 1 1 1 1 1 1
ciInstanceKlass java/util/Objects 1 1 184 10 7 12 1 1 1 100 1 8 1 10 12 1 10 12 1 1 10 7 12 1 1 1 10 12 1 1 10 12 1 10 100 12 1 1 1 10 12 1 1 10 7 12 1 1 1 100 1 10 10 12 1 1 10 100 12 1 1 10 12 1 1 8 1 10 100 12 1 1 1 10 100 12 1 1 1 10 11 100 12 1 1 1 100 1 10 10 12 1 8 1 10 12 1 8 1 100 1 11 12 1 1 8 1 10 7 12 1 1 1 10 12 1 1 10 12 1 10 12 1 10 12 1 10 12 1 1 1 1 1 1 1 1 1 1 1 1 1 1 1 1 1 1 1 1 1 1 1 1 1 1 1 1 1 1 1 1 1 1 1 1 1 1 1 1 1 1 1 1 1 1 1 1 1 1 1 1 1 1 1 1 1 1
ciInstanceKlass java/lang/Math 1 1 460 7 1 10 100 12 1 1 1 10 7 12 1 1 1 10 12 1 10 12 1 10 12 1 10 12 1 10 12 1 6 0 6 0 10 12 1 10 12 1 10 12 1 10 12 1 10 12 1 10 12 1 1 10 12 1 10 12 1 10 12 1 10 12 1 10 12 1 10 7 12 1 1 1 100 1 3 3 3 10 7 12 1 1 1 100 1 5 0 5 0 5 0 5 0 5 0 9 100 12 1 1 1 10 100 12 1 1 1 100 1 8 1 10 12 1 8 1 10 12 1 1 10 12 1 1 100 1 5 0 5 0 100 1 3 5 0 3 5 0 10 12 1 10 12 1 10 12 1 10 12 1 10 12 1 8 1 10 12 1 8 1 10 12 1 1 10 12 1 1 9 12 1 1 9 12 1 100 1 100 1 10 10 12 1 1 8 1 10 12 1 10 12 1 1 10 10 12 1 10 12 1 10 12 1 10 12 1 1 8 1 8 1 10 12 1 1 10 12 1 10 12 10 12 10 12 1 10 12 1 10 12 1 10 12 1 10 12 6 0 10 12 1 9 12 1 1 100 1 10 10 12 1 100 1 10 12 1 10 12 1 1 10 12 1 10 12 1 10 12 10 12 1 1 10 12 1 1 10 12 1 1 10 12 6 0 10 12 1 1 10 12 10 12 1 4 10 12 1 10 12 1 10 12 10 12 1 10 12 1 10 12 1 10 12 1 10 12 1 10 12 1 5 0 6 0 4 6 0 4 6 0 4 10 12 1 9 12 1 1 10 12 9 12 1 10 7 12 1 1 1 4 6 0 1 1 6 0 1 6 0 1 6 0 1 1 1 1 1 1 1 1 1 1 1 1 1 1 1 1 1 1 1 1 1 1 1 1 1 1 1 1 1 1 1 1 1 1 1 1 1 1 1 1 1 1 1 1 1 1 1 1 1 1 1 1 1 1 1 1 1 1 1 1 1 1 1 1 1 1 1 1 1 1 1 1 1 1 1 1 1 1 1 1 1 1 1 1 1 1 1 1 1 1 1 1 1 1 1 1
staticfield java/lang/Math negativeZeroFloatBits J -2147483648
staticfield java/lang/Math negativeZeroDoubleBits J -9223372036854775808
staticfield java/lang/Math $assertionsDisabled Z 1
ciInstanceKlass jdk/internal/util/Preconditions 1 1 194 10 100 12 1 1 1 11 100 12 1 1 1 11 100 12 1 1 1 100 1 100 1 10 7 12 1 1 1 10 12 1 8 1 100 1 10 100 12 1 1 1 10 12 1 1 8 1 8 1 10 100 12 1 1 7 1 10 12 1 8 1 10 100 12 1 1 1 8 1 10 12 1 1 10 12 1 1 11 12 1 8 1 8 1 11 12 1 1 8 1 8 1 8 1 10 12 1 1 10 12 1 1 10 12 1 10 12 1 10 12 1 10 12 7 1 10 10 12 1 1 9 12 1 1 7 1 10 9 12 1 7 1 10 9 12 1 1 1 1 1 1 1 1 1 1 1 1 1 1 1 1 1 1 1 1 1 1 1 1 1 1 1 1 1 1 1 1 1 1 1 1 1 1 1 1 1 1 1 1 1 1 1 1 1 1 1 1 1 1 1 1 1 1
staticfield jdk/internal/util/Preconditions SIOOBE_FORMATTER Ljava/util/function/BiFunction; jdk/internal/util/Preconditions$4
staticfield jdk/internal/util/Preconditions AIOOBE_FORMATTER Ljava/util/function/BiFunction; jdk/internal/util/Preconditions$4
staticfield jdk/internal/util/Preconditions IOOBE_FORMATTER Ljava/util/function/BiFunction; jdk/internal/util/Preconditions$4
ciInstanceKlass java/util/function/BiFunction 1 1 65 10 100 12 1 1 1 18 12 1 1 11 100 12 1 1 11 100 12 1 100 1 1 1 1 1 1 1 1 1 1 1 1 1 1 1 1 1 1 1 1 1 1 1 1 1 1 1 16 15 11 12 15 10 100 12 1 1 1 1 100 1 100 1 1
ciInstanceKlass java/util/Arrays 1 1 1029 10 7 12 1 1 1 10 100 12 1 1 1 10 7 12 1 1 1 10 12 1 10 12 1 10 12 1 10 12 1 10 12 1 10 12 1 10 100 12 1 1 1 100 1 100 1 10 8 1 10 12 1 1 10 12 1 8 1 8 1 10 12 1 1 10 12 1 100 1 10 12 1 9 100 12 1 1 1 10 7 12 1 1 100 1 10 12 1 1 10 7 12 1 1 10 7 12 1 1 1 100 1 10 12 1 10 12 1 1 7 1 9 7 12 1 1 1 10 12 1 1 10 7 12 1 1 10 12 1 10 12 1 1 10 12 1 10 12 1 1 7 1 11 12 1 1 10 12 1 10 7 12 1 1 1 10 12 10 12 1 10 12 1 10 12 10 12 1 11 100 12 1 1 1 10 7 12 1 1 1 100 1 10 12 1 10 100 1 10 12 1 10 100 1 10 12 1 10 100 1 10 12 1 10 10 12 1 1 10 12 1 10 12 1 10 12 1 10 12 1 10 12 1 10 100 12 1 1 1 10 12 1 10 100 12 1 1 1 10 12 1 10 12 1 10 7 12 1 1 1 10 12 1 10 12 1 10 12 1 10 12 1 10 12 1 10 12 1 10 12 1 10 12 1 10 12 1 10 12 1 10 12 1 10 12 1 10 12 1 10 12 1 10 12 1 10 12 1 1 10 12 1 1 10 7 12 1 1 1 10 7 1 10 100 1 10 7 1 10 100 1 10 100 1 10 100 1 10 100 1 10 100 1 10 12 1 8 1 10 12 1 1 10 12 1 1 10 12 1 1 10 12 1 1 10 12 1 1 10 12 1 1 10 12 1 1 10 12 1 1 10 12 1 1 7 1 10 12 10 12 1 1 10 12 1 10 12 1 1 10 12 1 1 9 100 12 1 1 1 10 12 1 9 100 1 10 12 1 9 100 1 10 12 1 9 100 1 10 12 1 9 100 1 10 12 1 9 100 1 10 12 1 9 10 12 1 10 12 1 10 12 1 9 12 1 100 1 10 10 12 1 1 10 12 1 10 12 1 10 12 1 10 12 1 10 12 1 10 12 1 10 12 1 10 12 1 10 12 1 8 1 8 1 10 12 1 10 12 1 8 1 10 12 1 10 12 1 10 12 1 10 100 12 1 1 1 3 10 100 1 10 10 12 1 1 11 100 12 1 1 10 12 1 1 10 12 1 10 12 1 10 12 1 10 12 1 10 12 1 10 12 1 10 12 1 10 12 1 11 12 1 8 1 10 11 12 1 11 100 12 1 1 1 11 100 12 1 1 1 11 12 1 1 18 12 1 1 11 12 1 1 11 100 12 1 1 1 18 12 1 11 100 12 1 1 1 18 12 1 11 100 12 1 1 1 18 12 1 100 1 10 100 12 1 1 1 10 12 1 10 12 1 10 12 1 10 12 1 10 12 1 10 12 1 10 12 1 10 12 1 1 10 12 1 10 100 12 1 1 10 12 1 10 12 1 10 12 1 1 10 12 1 10 12 1 10 12 1 1 10 12 1 10 12 1 10 12 1 1 10 12 1 10 12 1 10 12 1 10 12 1 10 12 10 12 1 10 12 10 12 10 12 1 10 12 10 12 1 10 12 1 10 12 1 1 1 1 3 1 3 1 1 1 1 1 1 1 1 1 1 1 1 1 1 1 1 1 1 1 1 1 1 1 1 1 1 1 1 1 1 1 1 1 1 1 1 1 1 1 1 1 1 1 1 1 1 1 1 1 1 1 1 1 1 1 1 1 1 1 1 1 1 1 1 1 1 1 1 1 1 1 1 1 1 1 1 1 1 1 1 1 1 1 1 1 1 1 1 1 1 1 1 1 1 1 1 1 1 1 1 1 1 1 1 1 1 1 1 1 1 1 1 1 1 1 1 1 1 1 1 1 1 1 1 1 1 1 1 1 1 1 1 1 1 1 1 1 1 1 1 1 1 1 1 1 1 1 1 1 1 1 1 1 1 1 1 1 1 1 1 1 1 1 1 1 1 1 1 1 1 1 1 1 1 1 1 1 1 1 1 1 1 1 1 1 1 1 1 1 1 1 1 1 1 1 1 1 1 1 1 1 1 1 1 1 1 1 1 1 1 1 1 1 1 1 1 1 1 1 1 1 1 1 1 1 1 1 1 1 1 1 1 1 1 1 1 1 1 1 1 1 1 1 1 1 1 1 1 1 1 1 1 1 1 100 1 1 16 15 10 12 15 10 12 15 10 12 15 10 12 15 10 100 12 1 1 1 1 1 100 1 100 1 1 1 1 100 1 1 1 1 1 1 100 1 1 100 1 1 100 1 1 1 100 1 100 1 1
staticfield java/util/Arrays $assertionsDisabled Z 1
ciInstanceKlass jdk/internal/util/ArraysSupport 1 1 378 7 1 100 1 8 1 10 12 1 1 10 12 1 1 10 100 12 1 1 9 7 12 1 1 1 9 12 1 1 10 7 12 1 1 1 9 12 1 1 10 7 12 1 1 1 9 12 1 10 12 9 12 1 10 12 1 1 10 12 7 1 10 12 1 1 10 12 1 100 1 10 12 1 1 10 12 100 1 10 12 1 100 1 10 12 1 100 1 100 1 10 8 1 10 12 1 1 10 12 1 10 12 1 1 10 9 12 1 1 11 100 12 1 1 1 9 12 1 9 12 1 10 12 1 1 9 12 1 9 12 1 9 12 1 9 12 1 9 12 1 9 12 1 9 12 1 10 12 1 1 10 100 12 1 1 1 9 12 1 9 12 1 10 12 1 1 10 12 1 9 12 1 10 12 1 10 100 12 1 1 1 9 12 1 9 12 1 10 12 1 10 12 1 10 7 12 1 1 1 3 10 12 1 100 1 8 1 8 1 8 1 10 10 100 12 1 1 1 11 100 12 1 1 1 10 12 1 10 100 12 1 1 1 10 12 1 1 10 12 1 1 9 12 1 10 12 1 9 12 1 9 12 1 9 12 1 9 12 1 9 12 1 9 12 1 9 12 1 100 1 10 7 12 1 1 1 1 1 3 1 3 1 3 1 3 1 3 1 3 1 3 1 3 1 1 1 1 1 1 1 1 1 1 1 1 1 1 1 1 1 1 1 1 1 1 1 1 1 1 1 1 1 1 1 1 1 1 1 1 1 1 1 1 1 1 1 1 1 1 1 1 1 1 1 1 1 1 1 1 1 1 1 1 1 1 1 1 1 1 1 1 1 1 1 1 1 1 1 1 1 1 1 100 1 1 1 1
staticfield jdk/internal/util/ArraysSupport U Ljdk/internal/misc/Unsafe; jdk/internal/misc/Unsafe
staticfield jdk/internal/util/ArraysSupport BIG_ENDIAN Z 0
staticfield jdk/internal/util/ArraysSupport LOG2_ARRAY_BOOLEAN_INDEX_SCALE I 0
staticfield jdk/internal/util/ArraysSupport LOG2_ARRAY_BYTE_INDEX_SCALE I 0
staticfield jdk/internal/util/ArraysSupport LOG2_ARRAY_CHAR_INDEX_SCALE I 1
staticfield jdk/internal/util/ArraysSupport LOG2_ARRAY_SHORT_INDEX_SCALE I 1
staticfield jdk/internal/util/ArraysSupport LOG2_ARRAY_INT_INDEX_SCALE I 2
staticfield jdk/internal/util/ArraysSupport LOG2_ARRAY_LONG_INDEX_SCALE I 3
staticfield jdk/internal/util/ArraysSupport LOG2_ARRAY_FLOAT_INDEX_SCALE I 2
staticfield jdk/internal/util/ArraysSupport LOG2_ARRAY_DOUBLE_INDEX_SCALE I 3
staticfield jdk/internal/util/ArraysSupport LOG2_BYTE_BIT_SIZE I 3
staticfield jdk/internal/util/ArraysSupport JLA Ljdk/internal/access/JavaLangAccess; java/lang/System$2
ciInstanceKlass java/lang/Integer$IntegerCache 1 1 100 10 100 12 1 1 1 7 1 10 7 12 1 1 1 9 7 12 1 1 1 8 1 10 7 12 1 1 1 10 12 1 1 10 100 12 1 1 1 3 10 12 1 100 1 9 12 1 1 10 7 12 1 1 1 9 12 1 1 10 12 1 1 100 1 10 10 12 1 9 12 1 1 1 3 1 1 1 1 1 1 1 1 1 1 1 1 1 1 1 1 1 100 1 100 1 1 1 1 1
staticfield java/lang/Integer$IntegerCache high I 127
staticfield java/lang/Integer$IntegerCache cache [Ljava/lang/Integer; 256 [Ljava/lang/Integer;
staticfield java/lang/Integer$IntegerCache $assertionsDisabled Z 1
ciInstanceKlass java/lang/invoke/Invokers$Holder 1 1 135 1 100 1 100 1 1 1 1 1 1 1 7 1 7 1 7 1 1 12 10 1 1 12 10 1 1 12 10 1 1 100 1 1 12 9 1 1 1 12 10 1 1 1 12 10 1 1 12 10 1 1 12 10 1 12 10 1 12 10 1 1 1 12 10 1 1 100 1 1 12 10 1 12 10 1 1 12 10 1 12 10 1 1 12 10 1 1 12 10 1 12 10 1 1 12 10 1 1 12 10 1 12 10 1 12 10 1 12 10 12 10 12 10 12 10 1 1 12 10 1 1 12 10 1 1 12 10 1 1 12 10 1 1 1
ciInstanceKlass java/lang/invoke/DirectMethodHandle$Constructor 1 1 91 10 7 12 1 1 1 9 7 12 1 1 1 9 12 1 1 9 12 1 1 10 100 12 1 1 1 100 1 10 12 1 9 12 1 9 12 1 10 12 1 10 12 1 1 9 12 1 1 10 12 1 1 10 7 12 1 1 1 1 1 1 1 1 1 1 1 1 1 1 100 1 100 1 1 1 1 1 1 1 1 1 1 1 1 1 1 1 1 1 1
staticfield java/lang/invoke/DirectMethodHandle$Constructor $assertionsDisabled Z 1
instanceKlass java/util/ArrayList$ListItr
ciInstanceKlass java/util/ArrayList$Itr 1 1 104 9 7 12 1 1 1 10 7 12 1 1 1 9 12 1 1 9 7 12 1 1 9 12 1 9 12 1 9 12 1 10 12 1 100 1 10 9 12 1 1 100 1 10 100 1 10 10 12 1 1 100 1 10 100 12 1 1 1 10 12 1 1 11 100 12 1 1 1 100 1 1 1 1 1 1 1 1 1 1 1 1 1 1 1 1 100 1 1 1 1 1 1 1 1 1 1 1 1 1 1 1 1 1
ciInstanceKlass java/util/Arrays$ArrayList 1 1 149 10 7 12 1 1 1 10 7 12 1 1 1 7 1 9 7 12 1 1 10 7 12 1 1 1 10 12 1 1 10 7 12 1 1 1 10 100 12 1 1 1 10 12 1 1 10 12 1 1 100 1 10 100 12 1 1 1 11 100 12 1 1 1 11 100 12 1 1 10 12 1 1 7 1 10 12 1 100 1 100 1 1 1 1 5 0 1 1 1 1 1 1 1 1 1 1 1 1 1 1 1 1 1 1 1 1 1 1 1 1 1 1 1 1 1 1 1 1 1 1 1 1 1 1 1 1 1 1 1 1 1 1 1 1 1 1 1 1 1 1 1 1 1 1 1 1 1 1
ciInstanceKlass java/util/NoSuchElementException 0 0 34 10 100 12 1 1 1 10 12 1 10 12 1 10 12 1 100 1 1 1 1 5 0 1 1 1 1 1 1 1 1 1 1 1
ciInstanceKlass java/util/LinkedHashSet 1 1 163 10 7 12 1 1 1 4 11 7 12 1 1 1 10 7 12 1 1 1 10 7 12 1 1 1 10 7 12 1 1 1 100 1 10 100 12 1 1 1 100 1 100 1 10 12 1 8 1 10 12 1 1 10 12 1 10 12 1 1 10 12 1 10 12 1 9 12 1 1 100 1 10 12 1 9 12 1 1 10 12 1 1 10 12 1 10 12 1 1 11 100 12 1 1 1 11 12 1 11 12 1 11 12 1 100 1 10 12 1 10 12 1 100 1 100 1 1 1 1 5 0 1 1 1 1 1 1 1 1 1 1 1 1 1 1 1 1 1 1 1 1 1 1 1 1 1 1 1 1 1 1 1 1 1 1 1 1 1 1 1 1 1
ciInstanceKlass java/util/Collections$SingletonList 1 1 131 10 7 12 1 1 1 9 7 12 1 1 1 10 7 12 1 1 1 10 12 1 1 100 1 100 1 10 8 1 10 12 1 1 10 12 1 8 1 10 12 1 1 10 12 1 11 100 12 1 1 1 100 1 10 10 12 1 1 10 7 12 1 1 1 100 1 100 1 1 1 1 5 0 1 1 1 1 1 1 1 1 1 1 1 1 1 1 1 1 1 1 1 1 1 1 1 1 1 1 1 1 1 1 1 1 1 1 1 1 1 1 1 1 1 1 1 1 1 1 1 1 1 1 1 1 1 1 1 1 1
ciInstanceKlass java/util/Collections$SingletonSet 1 1 89 10 7 12 1 1 1 9 7 12 1 1 1 10 7 12 1 1 1 10 12 1 1 11 100 12 1 1 1 10 12 1 1 100 1 10 10 100 12 1 1 1 100 1 1 1 1 5 0 1 1 1 1 1 1 1 1 1 1 1 1 1 1 1 1 1 1 1 1 1 1 1 1 1 1 1 1 1 1 1 1 1 1 1 1 1 1 1 1
ciInstanceKlass java/util/Collections$1 1 1 67 9 7 12 1 1 1 10 7 12 1 1 1 9 12 1 1 100 1 10 100 1 10 10 100 12 1 1 1 11 100 12 1 1 1 100 1 1 1 1 1 1 1 1 1 1 1 1 1 1 1 1 1 1 1 1 1 1 1 1 100 1 12 1 1 1 1
ciInstanceKlass java/util/ConcurrentModificationException 0 0 34 10 100 12 1 1 1 10 12 1 10 12 1 10 12 1 100 1 1 1 1 5 0 1 1 1 1 1 1 1 1 1 1 1
instanceKlass kotlin/collections/CollectionsKt__IterablesKt
ciInstanceKlass kotlin/collections/CollectionsKt__CollectionsKt 1 1 414 1 100 1 100 1 1 1 1 1 8 1 7 1 1 12 10 1 100 1 1 12 10 1 100 1 1 1 1 1 1 1 7 12 10 1 1 1 1 7 1 1 12 9 1 7 1 1 1 1 8 1 7 1 12 10 12 10 1 1 1 1 1 1 100 1 12 10 1 1 1 1 12 10 1 1 1 1 1 1 12 10 1 1 1 100 1 12 10 1 1 1 1 8 1 12 10 1 100 1 1 12 10 1 100 1 1 12 11 1 1 12 10 1 1 1 1 1 1 1 1 1 1 1 1 1 1 8 1 12 10 1 1 12 10 1 1 12 10 1 1 1 1 1 100 1 12 11 1 12 10 1 1 1 1 1 11 1 1 1 1 1 1 1 12 11 1 1 1 1 1 1 1 1 1 1 1 1 1 8 1 100 1 12 11 1 1 1 1 1 1 12 11 1 1 1 1 1 8 1 1 12 10 1 1 12 10 1 1 1 1 1 1 1 1 12 11 1 1 1 1 1 1 12 10 1 100 1 100 1 1 12 10 1 1 1 1 1 1 1 1 1 1 1 12 10 1 1 1 8 1 100 1 1 12 11 1 1 12 10 1 1 1 1 8 1 100 1 12 10 1 12 10 1 1 1 1 1 1 1 1 8 1 100 1 12 10 1 1 100 1 100 10 1 8 1 1 12 10 1 12 10 1 8 1 8 1 1 12 10 1 12 10 1 100 1 8 10 1 8 1 8 1 1 1 100 1 8 10 1 1 8 1 1 1 1 8 1 1 12 11 1 100 1 12 11 1 12 11 1 1 100 1 1 1 8 1 1 12 10 1 1 12 10 10 1 1 1 1 3 3 3 1 3 1 3 1 1 1 1 1 1 1 1 1 1 1 1 1 1 1 1 1 1 1 1 1 1 1 1 1 1 1 1 1 1 1 1 1 1 1 1 1 1
instanceKlass kotlin/collections/CollectionsKt__IteratorsJVMKt
ciInstanceKlass kotlin/collections/CollectionsKt__IterablesKt 1 1 151 1 100 1 100 1 1 1 1 1 8 1 7 1 1 12 10 1 100 1 1 12 10 1 7 1 1 1 1 1 1 1 1 8 1 7 1 1 12 11 1 7 1 1 12 10 1 1 1 1 1 1 1 1 1 1 1 1 7 1 12 10 1 12 11 1 7 1 1 12 11 1 1 12 11 1 7 1 1 12 10 1 7 1 1 1 1 1 1 1 12 10 1 12 10 1 100 1 12 10 1 1 12 10 1 12 10 1 100 1 1 12 10 1 1 1 1 1 1 10 1 1 1 1 3 3 3 1 3 1 3 1 1 1 1 1 1 1 1 1 1 1 1 1 1 1 1 1 1 1 1
ciInstanceKlass kotlin/jvm/internal/markers/KMappedMarker 1 0 23 1 100 1 100 1 1 3 3 3 1 3 1 3 1 1 1 1 1 1 1 1 1
instanceKlass kotlin/collections/CollectionsKt__CollectionsKt
ciInstanceKlass kotlin/collections/CollectionsKt__CollectionsJVMKt 1 1 228 1 100 1 100 1 1 1 1 1 7 1 12 10 1 8 1 7 1 1 12 10 1 1 1 1 1 1 1 8 1 12 10 1 100 1 100 1 1 12 10 1 1 12 10 1 1 1 1 1 1 1 1 1 1 8 1 1 12 10 1 100 1 1 12 11 1 1 12 10 1 1 1 1 12 10 1 1 1 1 7 1 12 10 1 7 1 1 12 10 1 1 8 12 10 1 1 1 1 1 1 12 10 1 8 1 1 1 1 1 1 1 12 10 1 1 12 10 1 1 1 1 1 1 1 8 1 12 10 1 1 1 1 1 1 1 8 1 100 1 12 10 1 1 1 1 8 12 10 1 1 1 1 1 1 1 1 1 12 10 100 1 1 12 10 1 100 1 1 12 10 1 8 1 1 1 1 1 1 1 1 12 10 1 1 1 12 10 1 12 10 1 1 1 1 3 3 3 1 3 1 3 1 1 1 1 1 1 1 1 1 1 1 1 1 1 1 1 1 1 1 1 1 1 1 1 1 1
ciInstanceKlass kotlin/jvm/functions/Function1 1 0 33 1 100 1 1 100 1 100 1 1 1 1 1 3 3 3 1 3 1 3 1 1 1 1 1 1 1 1 1 1 1 1 1
instanceKlass kotlin/collections/CollectionsKt__ReversedViewsKt
ciInstanceKlass kotlin/collections/CollectionsKt__MutableCollectionsKt 1 1 296 1 100 1 100 1 1 1 1 1 1 1 8 1 7 1 1 12 10 1 100 1 1 12 10 1 7 1 12 11 1 1 1 1 1 1 1 1 8 1 12 11 1 1 12 11 1 1 1 1 1 12 11 1 1 1 1 100 1 1 12 10 1 1 1 1 12 10 1 1 1 1 12 10 1 1 1 12 10 12 10 12 10 1 1 12 11 1 100 1 1 12 11 1 100 1 1 12 11 1 1 12 11 1 1 1 1 1 1 100 11 1 1 7 1 1 12 10 1 1 1 1 1 12 10 1 12 10 1 100 1 12 10 1 12 11 1 1 1 100 1 12 10 1 1 1 12 11 1 1 1 1 8 1 1 12 10 1 1 1 100 1 1 12 11 1 100 1 12 10 12 11 1 1 1 1 1 1 1 1 1 1 1 1 1 1 1 1 1 1 1 1 12 11 1 1 1 1 1 1 1 11 1 100 1 8 1 1 12 10 1 1 1 1 1 100 1 1 1 12 10 1 1 1 1 1 1 12 10 1 1 100 1 8 1 12 10 1 1 12 10 1 12 11 1 1 12 11 1 1 12 11 1 1 1 12 10 1 1 1 1 3 3 3 1 3 1 3 1 1 1 1 1 1 1 1 1 1 1 100 1 100 1 1 1 1 1 1 1 1 1 1 1 1 1 1
instanceKlass kotlin/collections/CollectionsKt
ciInstanceKlass kotlin/collections/CollectionsKt___CollectionsKt 1 1 1663 1 7 1 100 1 1 1 1 1 8 1 7 1 1 12 10 1 7 1 1 12 11 1 1 1 1 1 1 1 1 1 1 1 1 1 1 1 1 7 1 12 11 1 7 1 1 12 10 1 1 1 1 1 1 1 1 16 1 1 12 10 15 1 16 1 7 1 1 12 10 15 1 1 12 18 1 1 12 10 1 1 1 1 1 1 1 8 1 1 12 11 1 100 1 1 12 10 1 100 12 11 1 7 1 1 12 11 1 7 1 1 12 11 1 1 12 11 1 1 1 1 1 7 1 1 1 1 1 12 10 1 1 1 1 1 8 1 100 1 12 10 1 1 1 1 1 1 1 1 1 1 1 1 1 12 11 1 100 1 12 11 1 12 11 1 1 1 1 1 12 10 1 100 1 8 1 1 12 10 1 1 12 11 1 8 1 8 1 1 1 1 1 1 1 8 1 8 1 1 1 1 1 1 1 1 1 1 1 12 11 1 1 12 10 1 1 12 10 1 1 1 1 1 1 1 1 1 1 1 11 1 1 1 1 1 12 11 1 12 10 1 1 1 12 10 1 1 1 1 8 1 12 11 1 1 1 1 1 1 1 1 100 1 1 12 9 1 12 10 1 1 1 8 11 11 1 1 12 10 12 10 1 1 1 12 10 1 1 12 10 1 100 1 8 10 1 1 8 1 8 1 1 1 1 1 1 1 1 7 12 10 1 8 1 1 12 10 1 12 10 1 8 1 1 12 10 10 1 1 12 10 1 1 12 10 12 10 1 1 12 10 1 7 1 12 10 1 7 1 12 10 10 1 12 10 1 7 1 1 12 10 1 1 1 1 1 1 1 1 1 1 100 1 1 12 10 1 12 10 1 1 1 1 1 1 1 1 1 1 1 1 1 1 11 1 1 1 1 1 1 1 1 1 100 1 12 11 1 1 1 1 1 1 1 1 1 1 1 1 1 1 1 1 8 1 1 1 1 1 1 1 8 1 1 12 10 1 1 1 1 1 1 1 1 1 1 1 1 1 1 1 1 12 10 1 1 1 1 1 1 1 1 1 1 1 1 1 8 1 100 10 1 1 12 10 1 12 10 1 12 10 1 1 12 11 1 1 1 1 1 1 12 10 1 100 10 12 10 1 1 1 1 1 1 11 11 1 1 1 1 1 1 1 1 1 1 1 1 1 100 1 1 12 10 1 1 12 10 1 1 1 1 1 8 1 1 12 10 1 1 1 1 1 1 1 1 1 1 12 10 1 1 1 8 1 100 1 1 12 11 1 1 1 1 1 12 10 1 1 12 10 1 1 1 1 1 1 12 11 1 1 1 1 1 1 1 100 1 12 10 1 1 12 10 1 1 1 1 100 10 1 1 1 1 1 1 1 1 1 12 11 1 7 1 7 1 1 12 10 1 1 12 10 12 10 1 1 1 1 1 1 1 1 1 1 1 1 12 10 1 1 1 1 1 1 1 1 1 12 10 1 1 1 1 1 1 1 1 1 11 1 1 100 1 1 1 1 1 12 10 1 1 1 100 1 1 1 1 100 1 1 12 10 1 1 1 100 1 1 1 1 1 12 10 1 1 1 100 1 1 1 1 1 12 10 1 1 1 100 1 1 1 1 1 100 1 1 1 1 1 12 10 1 1 1 100 1 1 1 1 1 12 10 1 1 1 100 1 1 1 1 7 1 12 10 1 100 10 1 100 1 100 1 12 10 1 12 10 1 12 11 1 1 1 1 1 1 1 1 1 8 1 1 1 1 1 1 1 8 1 1 1 1 1 1 1 1 1 1 1 1 8 1 1 1 1 1 1 1 1 1 1 1 1 1 1 1 100 10 12 10 1 1 12 10 1 1 1 1 12 10 1 1 1 1 7 1 1 12 10 1 1 12 10 1 7 10 1 7 10 1 1 12 10 1 1 1 1 1 12 10 1 1 1 1 1 1 1 1 1 1 1 7 1 12 10 1 1 1 1 1 1 1 1 1 1 1 1 1 1 1 1 1 1 1 1 10 12 11 11 1 1 1 1 1 1 1 1 1 1 1 1 1 1 1 1 1 1 1 1 1 1 1 1 1 1 1 1 100 1 12 10 1 100 1 1 1 1 1 1 1 1 1 1 1 1 1 1 1 1 1 1 1 1 1 1 1 1 1 1 1 1 1 1 1 1 1 1 1 1 1 1 1 1 1 1 1 1 1 1 1 1 1 1 1 1 7 16 1 1 12 10 15 16 1 12 18 1 12 10 1 1 1 12 10 1 1 1 10 10 1 1 1 1 1 1 1 1 8 1 1 12 10 11 1 1 1 1 1 10 1 1 1 1 1 1 1 1 1 1 1 1 1 1 12 10 1 1 1 1 1 1 1 1 8 1 1 1 1 1 1 1 1 100 1 12 11 1 1 1 1 1 1 1 1 1 1 1 1 12 11 1 1 1 1 1 1 8 1 1 1 1 1 1 1 1 1 10 1 7 1 1 12 10 1 1 1 1 12 10 1 1 1 12 11 1 1 1 1 1 1 1 1 1 1 1 1 1 1 1 1 1 1 1 1 1 1 100 1 12 10 1 1 1 1 100 1 12 10 1 1 1 1 1 1 1 1 1 1 1 1 1 1 1 1 1 1 1 1 12 10 1 12 10 1 1 1 1 1 1 1 1 1 1 1 1 1 1 1 1 1 1 1 1 1 1 1 1 1 1 1 1 1 1 1 1 1 1 1 1 1 1 1 1 1 1 1 100 1 8 10 1 1 1 1 1 1 1 1 1 1 1 1 1 1 1 1 1 8 1 1 1 1 1 1 1 1 1 1 1 1 1 1 1 1 1 1 1 1 1 1 1 1 1 1 1 1 1 1 1 1 1 1 1 1 1 1 1 1 1 1 1 1 1 1 1 1 1 1 1 1 1 1 1 1 1 1 1 1 1 1 1 1 1 1 1 1 1 1 1 1 1 1 1 1 1 1 1 1 1 1 1 1 100 1 12 10 1 12 10 1 1 1 100 12 10 1 12 10 1 1 1 8 1 12 10 1 12 10 1 1 1 1 1 1 1 12 10 1 1 1 1 12 10 1 1 1 1 1 1 1 1 1 8 1 12 10 1 1 1 1 100 1 1 1 1 1 1 100 1 12 10 11 1 1 12 10 1 1 1 1 1 12 10 1 1 1 1 1 12 10 1 1 1 12 10 1 12 10 1 12 10 1 1 12 10 1 1 1 1 12 10 1 1 1 100 1 1 12 10 1 12 10 1 1 12 10 1 1 1 1 1 1 1 1 1 1 1 1 100 12 10 1 12 10 1 1 1 1 1 1 12 10 1 7 1 1 12 10 1 1 1 1 1 1 1 1 1 1 1 1 1 1 1 1 1 1 1 1 1 1 1 1 1 1 1 1 1 1 1 1 1 8 1 8 1 8 1 8 1 8 1 7 1 12 11 1 7 1 1 12 10 1 1 1 1 1 1 1 8 1 7 1 8 1 8 12 10 1 1 1 1 1 1 12 10 1 1 1 1 1 1 7 1 12 10 1 1 1 6 0 1 1 1 1 1 1 1 1 1 1 1 1 1 1 1 1 1 1 1 1 100 1 8 10 1 1 10 1 1 1 1 3 3 3 1 3 1 3 1 1 1 1 1 1 1 1 1 1 1 1 1 1 1 1 1 1 1 1 1 1 1 1 1 1 1 1 1 1 1 1 1 100 1 100 1 1 100 1 1 100 1 1 100 1 1 1 1 1 1 1 1 1 1 1 1 1 1 1 1 1 1
ciInstanceKlass kotlin/collections/CollectionsKt 0 0 33 1 100 1 100 1 1 12 10 1 1 1 1 3 3 3 1 1 3 1 1 1 1 1 1 1 1 1 1 1 1 1 1
instanceKlass kotlin/collections/MapsKt__MapsKt
ciInstanceKlass kotlin/collections/MapsKt__MapsJVMKt 1 1 301 1 100 1 100 1 1 1 1 1 8 1 7 1 1 12 10 1 7 1 1 12 10 1 12 10 1 7 1 1 12 10 1 8 1 12 10 1 1 1 1 1 1 1 1 1 1 8 1 100 1 1 12 10 1 100 1 1 12 11 1 1 12 10 1 1 1 1 12 10 1 1 1 1 7 1 1 12 10 1 7 1 1 12 10 1 1 8 12 10 1 1 1 1 1 1 1 8 1 8 1 100 1 1 12 9 1 1 12 10 1 100 12 11 1 1 1 1 1 1 100 1 1 100 1 12 11 1 1 12 11 1 1 1 1 1 1 1 12 10 1 1 1 1 1 1 1 1 1 100 1 1 12 9 1 100 1 12 10 1 1 1 12 10 1 1 1 1 1 100 1 12 10 1 100 1 1 1 1 8 1 12 10 1 12 10 1 1 1 1 1 1 1 1 8 10 1 12 10 1 1 1 1 1 1 1 1 1 1 1 1 100 10 10 1 1 1 1 1 1 1 12 10 1 1 1 1 12 11 1 100 1 1 12 11 1 100 1 12 11 1 100 1 12 11 1 12 11 1 8 1 1 1 1 1 1 3 4 3 1 10 1 1 1 1 1 3 3 3 1 3 1 3 1 1 1 1 1 1 1 1 1 1 1 1 1 1 1 1 1 1 1 1 1 1 1 1 1 1 1 1
ciInstanceKlass kotlin/collections/MapsKt 0 0 28 1 100 1 100 1 1 12 10 1 1 1 1 3 3 3 1 1 3 1 1 1 1 1 1 1 1 1
instanceKlass kotlin/ranges/RangesKt
ciInstanceKlass kotlin/ranges/RangesKt___RangesKt 1 1 681 1 100 1 100 1 1 1 1 1 1 1 8 1 100 1 1 12 10 1 100 1 1 12 10 1 100 1 100 1 1 12 10 1 8 1 1 12 10 1 12 10 1 8 1 1 12 10 1 12 10 1 1 12 10 1 1 1 1 100 10 1 12 10 1 1 1 100 10 1 12 10 1 1 1 1 1 100 1 1 12 10 1 1 1 100 1 12 10 1 1 100 1 12 10 1 1 12 10 1 12 10 12 10 1 1 1 1 1 1 1 100 1 1 12 9 1 100 1 12 10 1 1 1 1 12 10 1 1 1 12 10 1 1 100 8 1 100 1 1 12 10 1 12 10 1 1 1 1 1 12 10 1 100 10 10 1 12 10 1 1 1 1 12 10 1 1 1 12 10 1 1 12 10 1 7 10 1 100 10 10 1 1 1 12 10 1 12 10 1 1 1 1 1 12 10 1 12 10 1 1 1 12 10 1 12 10 1 1 1 1 1 1 1 100 1 100 1 12 11 1 1 1 1 1 1 1 1 100 1 12 10 1 1 1 1 1 1 1 1 1 1 100 1 12 10 1 1 100 1 12 10 1 1 1 1 1 1 1 100 11 1 1 1 1 12 10 1 12 10 1 1 1 12 10 1 1 1 1 1 1 12 10 1 1 1 1 12 10 1 1 1 100 1 1 12 10 1 1 1 1 1 12 10 1 1 1 12 10 1 1 12 10 1 1 12 10 1 1 1 1 1 1 1 1 12 10 1 1 1 12 10 1 1 1 1 1 1 1 1 12 10 1 1 1 12 10 1 1 1 1 12 10 1 1 1 12 10 1 1 1 1 1 1 1 1 1 12 10 1 1 1 1 1 1 12 10 1 1 1 1 1 1 1 12 10 1 12 10 1 1 1 1 12 9 1 100 1 1 12 10 1 1 1 1 12 9 5 0 1 100 1 12 10 1 1 1 1 12 9 1 100 1 12 10 1 1 1 1 1 1 1 1 1 1 1 1 1 1 1 1 12 10 1 1 12 10 1 10 1 1 1 100 1 1 12 10 1 1 1 1 12 10 1 5 0 5 0 6 0 6 0 4 4 5 0 5 0 1 6 0 6 0 4 4 6 0 6 0 1 4 4 3 1 5 0 5 0 6 0 6 0 4 4 1 1 1 12 10 1 1 1 12 10 1 1 1 1 12 9 1 100 1 1 12 10 1 12 10 1 3 1 12 9 1 100 1 12 10 1 1 1 1 5 0 1 12 9 1 100 1 12 10 1 1 1 1 1 1 1 1 1 1 1 8 1 1 12 11 1 1 1 1 1 1 1 1 1 8 1 1 1 1 1 8 1 8 1 12 10 10 1 1 1 12 10 1 1 1 1 12 10 1 1 12 10 1 1 12 10 1 1 1 1 8 1 100 11 1 8 1 1 12 11 1 1 12 11 1 12 11 1 1 1 12 10 11 11 11 1 1 10 1 1 10 10 1 1 1 1 3 3 3 1 3 1 3 1 1 1 1 1 1 1 1 100 1 1 1 1 1 1 1 1 1 1 1 1 1 1 1
ciInstanceKlass kotlin/ranges/RangesKt 0 0 25 1 100 1 100 1 1 12 10 1 1 1 1 3 3 3 1 1 3 1 1 1 1 1 1
ciInstanceKlass kotlin/collections/EmptyList 1 1 195 1 7 1 7 1 7 1 100 1 100 1 100 1 1 12 10 1 1 1 1 1 1 1 12 11 1 1 1 1 1 1 1 1 8 1 1 1 1 8 1 7 1 1 12 10 1 1 1 1 8 1 7 11 1 1 1 1 100 1 100 10 1 8 1 1 12 10 1 12 10 1 12 10 12 10 1 12 10 1 1 1 1 1 1 1 1 7 1 1 12 9 1 7 1 1 1 7 1 1 8 1 1 1 8 1 8 1 1 1 1 12 9 1 1 100 1 8 10 1 1 1 1 1 1 1 1 1 1 1 12 10 1 7 12 10 12 10 1 12 10 12 10 1 1 1 1 1 1 8 1 7 1 12 10 1 1 1 12 10 1 10 1 1 5 0 1 1 3 3 3 1 3 1 3 1 1 1 1 1 1 1 1 1 1 1 1 1 1 1 1 1 1 1 1
staticfield kotlin/collections/EmptyList INSTANCE Lkotlin/collections/EmptyList; kotlin/collections/EmptyList
ciInstanceKlass org/jetbrains/kotlin/commonizer/CommonizerSettings 1 0 36 1 100 1 100 1 1 1 1 1 1 3 3 1 3 1 3 1 1 1 1 1 1 1 1 1 1 1 100 1 1 1 1 1 1 1
ciInstanceKlass kotlin/collections/builders/ListBuilder 1 1 378 1 7 1 1 7 1 7 1 100 1 100 1 100 1 1 1 12 10 1 7 1 1 12 10 1 1 12 9 1 1 1 1 1 12 10 1 1 1 1 1 12 10 1 1 12 9 1 12 9 1 12 9 1 1 1 100 1 7 1 12 10 1 100 1 8 1 12 10 1 1 1 1 1 1 1 1 7 1 1 12 9 1 7 1 1 12 10 1 1 1 1 1 1 1 1 1 1 7 1 1 12 10 1 1 1 1 1 1 1 12 10 1 7 1 1 1 1 12 10 1 7 1 12 10 1 7 1 1 1 1 1 12 10 1 1 1 1 1 8 1 1 12 10 1 12 11 1 1 12 10 1 1 1 1 1 1 12 10 1 1 1 12 10 1 12 10 12 10 1 1 1 1 12 10 1 1 1 1 1 1 12 10 1 100 1 12 10 1 1 1 1 1 1 8 1 100 1 1 12 10 1 100 1 1 12 10 1 8 1 12 10 1 7 1 1 12 10 1 100 1 1 12 10 1 1 12 10 1 1 1 1 12 10 1 1 1 1 12 10 1 1 1 1 12 10 1 1 12 9 1 100 10 1 1 12 10 1 100 10 1 1 12 10 1 1 12 10 1 1 1 1 1 12 10 1 1 12 10 12 10 12 10 1 12 11 1 12 11 1 1 1 1 1 12 10 1 1 12 10 1 1 1 1 12 11 1 1 100 12 10 1 1 1 1 1 1 1 1 1 1 1 1 1 1 1 1 1 1 1 1 7 1 12 10 1 12 9 1 1 1 1 3 3 3 1 3 1 3 1 1 1 1 1 1 1 1 1 1 1 1 1 1 1 1 1 1 1 1 1 1 1 1 1 1 1 1 1
staticfield kotlin/collections/builders/ListBuilder Companion Lkotlin/collections/builders/ListBuilder$Companion; kotlin/collections/builders/ListBuilder$Companion
staticfield kotlin/collections/builders/ListBuilder Empty Lkotlin/collections/builders/ListBuilder; kotlin/collections/builders/ListBuilder
ciInstanceKlass org/jetbrains/kotlin/library/KlibFormat$Directory 1 1 41 3 3 3 3 7 100 7 9 10 10 12 12 1 1 1 1 1 1 1 1 1 1 1 1 1 1 1 1 1 1 1 1 1 1 1 1 1 1 1 1
staticfield org/jetbrains/kotlin/library/KlibFormat$Directory INSTANCE Lorg/jetbrains/kotlin/library/KlibFormat$Directory; org/jetbrains/kotlin/library/KlibFormat$Directory
ciInstanceKlass org/jetbrains/kotlin/commonizer/TargetDependent 1 1 166 1 7 1 1 100 1 7 1 100 1 1 1 1 12 11 1 7 1 12 11 1 1 1 1 1 1 1 8 1 7 1 1 12 10 1 12 11 1 1 1 1 1 8 1 16 1 1 12 11 15 1 16 1 7 1 1 12 10 15 1 1 12 18 1 7 1 1 12 10 1 1 1 1 1 7 1 1 12 10 1 7 1 7 1 12 10 1 1 1 1 1 1 12 11 12 11 1 1 12 11 1 7 1 1 1 100 1 12 10 12 11 1 12 11 1 1 1 1 1 7 1 1 12 9 1 12 9 1 1 3 3 3 1 3 1 3 1 1 1 1 1 1 1 1 1 1 1 1 1 1 1 1 100 1 1 1 1 1 1 1 1 1 1 1 1
staticfield org/jetbrains/kotlin/commonizer/TargetDependent Companion Lorg/jetbrains/kotlin/commonizer/TargetDependent$Companion; org/jetbrains/kotlin/commonizer/TargetDependent$Companion
ciInstanceKlass org/jetbrains/kotlin/commonizer/FactoryBasedTargetDependent 1 1 193 1 7 1 1 7 1 100 1 1 1 3 3 3 1 3 1 3 1 1 1 1 1 1 1 1 1 1 1 1 1 1 1 1 1 1 1 1 1 1 1 1 1 1 1 1 1 1 7 1 7 1 1 7 1 7 1 1 1 1 1 1 1 1 8 1 7 1 1 12 10 1 12 10 12 9 12 9 12 10 1 7 1 7 1 7 1 1 12 11 1 12 10 1 1 12 11 1 7 1 7 1 1 12 11 1 1 12 11 1 7 1 1 12 9 1 1 12 11 12 9 1 1 1 1 1 1 1 1 1 1 1 1 1 8 1 12 10 1 100 1 1 12 10 1 100 10 1 12 9 1 8 1 100 1 1 12 10 1 12 10 1 12 11 1 12 11 1 1 12 11 1 7 11 1 12 11 1 1 1 1 1 1 1 1 1 1 1 1 1 1 1 1
ciInstanceKlass org/jetbrains/kotlin/commonizer/cir/CirEntityId 1 1 182 1 7 1 7 1 1 1 12 10 1 1 12 9 1 1 12 9 1 1 12 10 1 7 1 12 10 1 1 12 9 1 1 1 1 1 1 1 1 1 1 1 1 7 7 1 1 1 1 1 1 1 1 1 7 1 1 12 10 1 12 10 1 1 1 1 7 10 1 1 12 10 1 7 1 8 1 7 1 7 1 1 12 10 1 1 12 10 1 8 12 10 1 1 1 1 1 12 10 1 1 1 1 1 1 1 8 1 1 12 10 1 1 12 9 1 1 12 10 1 7 1 1 12 10 1 1 1 12 10 1 1 12 10 1 1 1 1 12 9 1 12 10 1 1 1 1 12 10 1 7 10 1 1 1 3 3 3 1 3 1 3 1 1 1 1 1 1 1 1 1 1 1 1 1 1 1 1 1 1 1 1
staticfield org/jetbrains/kotlin/commonizer/cir/CirEntityId Companion Lorg/jetbrains/kotlin/commonizer/cir/CirEntityId$Companion; org/jetbrains/kotlin/commonizer/cir/CirEntityId$Companion
staticfield org/jetbrains/kotlin/commonizer/cir/CirEntityId interner Lorg/jetbrains/kotlin/commonizer/utils/Interner; org/jetbrains/kotlin/commonizer/utils/Interner
ciInstanceKlass org/jetbrains/kotlin/commonizer/cir/CirName 1 1 107 1 7 1 7 1 1 1 12 10 1 1 12 9 1 1 1 1 1 1 1 1 1 7 1 1 12 10 1 1 1 1 12 10 1 1 1 1 100 1 1 1 8 1 7 1 8 1 7 1 1 12 10 1 1 1 1 12 9 1 12 10 1 1 1 1 7 1 12 10 1 1 12 9 1 7 10 1 1 1 3 3 3 1 3 1 3 1 1 1 1 1 1 1 1 1 1 1 1 1 1 1 1 1 1 1 1
staticfield org/jetbrains/kotlin/commonizer/cir/CirName Companion Lorg/jetbrains/kotlin/commonizer/cir/CirName$Companion; org/jetbrains/kotlin/commonizer/cir/CirName$Companion
staticfield org/jetbrains/kotlin/commonizer/cir/CirName interner Lorg/jetbrains/kotlin/commonizer/utils/Interner; org/jetbrains/kotlin/commonizer/utils/Interner
ciInstanceKlass kotlin/collections/EmptyIterator 1 1 74 1 7 1 7 1 100 1 100 1 1 12 10 1 1 1 1 1 1 1 1 1 1 1 1 100 10 1 1 1 100 1 8 1 12 10 1 1 1 1 1 1 12 10 12 10 1 1 1 10 1 12 9 1 1 3 3 3 1 3 1 3 1 1 1 1 1 1 1 1 1 1 1 1
staticfield kotlin/collections/EmptyIterator INSTANCE Lkotlin/collections/EmptyIterator; kotlin/collections/EmptyIterator
ciInstanceKlass org/jetbrains/kotlin/commonizer/cir/AnyClassifier 1 0 25 1 100 1 100 1 1 3 3 3 1 3 1 3 1 1 1 1 1 1 1 1 1 1 1
ciInstanceKlass org/jetbrains/kotlin/commonizer/cir/CirHasVisibility 1 0 29 1 100 1 100 1 1 1 1 1 3 3 3 1 3 1 3 1 1 1 1 1 1 1 1 1 1 1 1
ciInstanceKlass org/jetbrains/kotlin/commonizer/cir/AnyClass 1 0 27 1 100 1 100 1 100 1 1 3 3 3 1 3 1 3 1 1 1 1 1 1 1 1 1 1 1
ciInstanceKlass org/jetbrains/kotlin/descriptors/ClassKind 1 1 124 3 3 3 3 8 8 8 8 8 8 8 8 8 8 8 7 7 7 7 7 7 9 9 9 9 9 9 9 9 9 10 10 10 10 10 10 12 12 12 12 12 12 12 12 12 12 12 12 12 12 12 1 1 1 1 1 1 1 1 1 1 1 1 1 1 1 1 1 1 1 1 1 1 1 1 1 1 1 1 1 1 1 1 1 1 1 1 1 1 1 1 1 1 1 1 1 1 1 1 1 1 1 1 1 1 1 1 1 1 1 1 1 1 1 1 1 1 1 1 1 1 1 1
staticfield org/jetbrains/kotlin/descriptors/ClassKind CLASS Lorg/jetbrains/kotlin/descriptors/ClassKind; org/jetbrains/kotlin/descriptors/ClassKind
staticfield org/jetbrains/kotlin/descriptors/ClassKind INTERFACE Lorg/jetbrains/kotlin/descriptors/ClassKind; org/jetbrains/kotlin/descriptors/ClassKind
staticfield org/jetbrains/kotlin/descriptors/ClassKind ENUM_CLASS Lorg/jetbrains/kotlin/descriptors/ClassKind; org/jetbrains/kotlin/descriptors/ClassKind
staticfield org/jetbrains/kotlin/descriptors/ClassKind ENUM_ENTRY Lorg/jetbrains/kotlin/descriptors/ClassKind; org/jetbrains/kotlin/descriptors/ClassKind
staticfield org/jetbrains/kotlin/descriptors/ClassKind ANNOTATION_CLASS Lorg/jetbrains/kotlin/descriptors/ClassKind; org/jetbrains/kotlin/descriptors/ClassKind
staticfield org/jetbrains/kotlin/descriptors/ClassKind OBJECT Lorg/jetbrains/kotlin/descriptors/ClassKind; org/jetbrains/kotlin/descriptors/ClassKind
staticfield org/jetbrains/kotlin/descriptors/ClassKind $VALUES [Lorg/jetbrains/kotlin/descriptors/ClassKind; 6 [Lorg/jetbrains/kotlin/descriptors/ClassKind;
staticfield org/jetbrains/kotlin/descriptors/ClassKind $ENTRIES Lkotlin/enums/EnumEntries; kotlin/enums/EnumEntriesList
ciInstanceKlass kotlin/collections/AbstractList$IteratorImpl 1 1 82 1 7 1 1 7 1 100 1 100 1 1 1 1 1 12 9 12 10 1 1 1 1 1 1 12 9 1 1 1 1 1 1 7 1 12 10 1 1 1 12 10 1 100 10 1 1 12 10 1 1 100 1 8 1 12 10 1 1 1 3 3 3 1 3 1 3 1 1 1 1 1 1 1 1 1 1 1 1 1 1 1
ciInstanceKlass org/jetbrains/kotlin/descriptors/Modality 1 1 104 3 3 3 3 8 8 8 8 7 7 7 7 7 7 7 9 9 9 9 9 9 9 10 10 10 10 10 10 10 12 12 12 12 12 12 12 12 12 12 12 12 12 1 1 1 1 1 1 1 1 1 1 1 1 1 1 1 1 1 1 1 1 1 1 1 1 1 1 1 1 1 1 1 1 1 1 1 1 1 1 1 1 1 1 1 1 1 1 1 1 1 1 1 1 1 1 1 1 1 1 1 1 1
staticfield org/jetbrains/kotlin/descriptors/Modality Companion Lorg/jetbrains/kotlin/descriptors/Modality$Companion; org/jetbrains/kotlin/descriptors/Modality$Companion
staticfield org/jetbrains/kotlin/descriptors/Modality FINAL Lorg/jetbrains/kotlin/descriptors/Modality; org/jetbrains/kotlin/descriptors/Modality
staticfield org/jetbrains/kotlin/descriptors/Modality SEALED Lorg/jetbrains/kotlin/descriptors/Modality; org/jetbrains/kotlin/descriptors/Modality
staticfield org/jetbrains/kotlin/descriptors/Modality OPEN Lorg/jetbrains/kotlin/descriptors/Modality; org/jetbrains/kotlin/descriptors/Modality
staticfield org/jetbrains/kotlin/descriptors/Modality ABSTRACT Lorg/jetbrains/kotlin/descriptors/Modality; org/jetbrains/kotlin/descriptors/Modality
staticfield org/jetbrains/kotlin/descriptors/Modality $VALUES [Lorg/jetbrains/kotlin/descriptors/Modality; 4 [Lorg/jetbrains/kotlin/descriptors/Modality;
staticfield org/jetbrains/kotlin/descriptors/Modality $ENTRIES Lkotlin/enums/EnumEntries; kotlin/enums/EnumEntriesList
instanceKlass org/jetbrains/kotlin/descriptors/Visibilities$PrivateToThis
instanceKlass org/jetbrains/kotlin/descriptors/Visibilities$Unknown
instanceKlass org/jetbrains/kotlin/descriptors/Visibilities$Protected
instanceKlass org/jetbrains/kotlin/descriptors/Visibilities$Internal
instanceKlass org/jetbrains/kotlin/descriptors/Visibilities$Private
instanceKlass org/jetbrains/kotlin/descriptors/Visibilities$Public
ciInstanceKlass org/jetbrains/kotlin/descriptors/Visibility 1 1 87 3 3 3 3 8 8 8 8 7 7 7 7 9 9 9 10 10 10 10 12 12 12 12 12 12 12 1 1 1 1 1 1 1 1 1 1 1 1 1 1 1 1 1 1 1 1 1 1 1 1 1 1 1 1 1 1 1 1 1 1 1 1 1 1 1 1 1 1 1 1 1 1 1 1 1 1 1 1 1 1 1 1 1 1 1 1
ciInstanceKlass org/jetbrains/kotlin/descriptors/Visibilities$Public 1 1 48 3 3 3 3 8 100 7 7 9 10 10 12 12 12 1 1 1 1 1 1 1 1 1 1 1 1 1 1 1 1 1 1 1 1 1 1 1 1 1 1 1 1 1 1 1 1 1
staticfield org/jetbrains/kotlin/descriptors/Visibilities$Public INSTANCE Lorg/jetbrains/kotlin/descriptors/Visibilities$Public; org/jetbrains/kotlin/descriptors/Visibilities$Public
ciInstanceKlass org/jetbrains/kotlin/descriptors/Visibilities$Private 1 1 48 3 3 3 3 8 100 7 7 9 10 10 12 12 12 1 1 1 1 1 1 1 1 1 1 1 1 1 1 1 1 1 1 1 1 1 1 1 1 1 1 1 1 1 1 1 1 1
staticfield org/jetbrains/kotlin/descriptors/Visibilities$Private INSTANCE Lorg/jetbrains/kotlin/descriptors/Visibilities$Private; org/jetbrains/kotlin/descriptors/Visibilities$Private
ciInstanceKlass org/jetbrains/kotlin/commonizer/cir/CirDeclaration 1 0 23 1 100 1 100 1 1 3 3 3 1 3 1 3 1 1 1 1 1 1 1 1 1
instanceKlass org/jetbrains/kotlin/commonizer/cir/CirFlexibleType
instanceKlass org/jetbrains/kotlin/commonizer/cir/CirSimpleType
ciInstanceKlass org/jetbrains/kotlin/commonizer/cir/CirType 1 1 62 1 7 1 7 1 1 12 10 1 1 1 1 1 1 100 10 1 1 12 10 12 10 1 1 1 1 1 10 1 1 1 1 3 3 3 1 3 1 3 1 1 1 1 1 1 1 1 1 1 1 1 1 1 1 1 1 1 1 1 1 1
instanceKlass org/jetbrains/kotlin/commonizer/cir/CirTypeAliasType
instanceKlass org/jetbrains/kotlin/commonizer/cir/CirClassType
ciInstanceKlass org/jetbrains/kotlin/commonizer/cir/CirClassOrTypeAliasType 1 1 125 1 7 1 7 1 100 1 1 1 12 10 1 1 1 1 1 1 1 1 1 1 1 8 1 100 1 1 12 10 1 1 12 10 1 12 10 1 100 1 1 12 10 1 100 1 1 12 10 1 100 1 1 12 10 12 10 1 100 1 1 12 11 1 100 1 100 1 8 1 100 1 8 1 100 1 1 12 10 12 10 1 1 1 100 1 1 1 12 10 1 1 1 1 3 3 3 1 3 1 3 1 1 1 1 1 1 1 1 1 1 1 1 1 1 1 1 1 1 1 1 1 1 1 1
instanceKlass org/jetbrains/kotlin/commonizer/cir/CirClassTypeInternedImpl
ciInstanceKlass org/jetbrains/kotlin/commonizer/cir/CirClassType 1 1 155 1 7 1 7 1 1 1 12 10 1 1 1 1 1 1 1 1 1 1 1 1 12 10 1 100 1 1 12 11 1 100 1 1 12 11 1 1 12 11 1 8 1 7 1 1 12 10 1 100 1 100 1 1 1 1 1 1 1 1 1 1 8 1 1 12 10 12 10 1 1 12 10 1 100 1 1 12 10 12 10 1 1 1 1 1 1 1 1 8 1 12 10 1 1 12 10 1 1 12 9 1 7 1 1 12 10 1 1 1 1 1 12 9 1 10 1 7 12 10 1 1 1 3 3 3 1 3 1 3 1 1 1 1 1 1 1 1 1 1 1 1 1 1 1 1 1 1 1 1 1 1 1 1 1
staticfield org/jetbrains/kotlin/commonizer/cir/CirClassType Companion Lorg/jetbrains/kotlin/commonizer/cir/CirClassType$Companion; org/jetbrains/kotlin/commonizer/cir/CirClassType$Companion
staticfield org/jetbrains/kotlin/commonizer/cir/CirClassType interner Lorg/jetbrains/kotlin/commonizer/utils/Interner; org/jetbrains/kotlin/commonizer/utils/Interner
ciInstanceKlass org/jetbrains/kotlin/commonizer/cir/CirClassTypeInternedImpl 1 1 161 1 7 1 7 1 1 1 1 1 1 8 1 7 1 1 12 10 1 8 1 8 1 12 10 1 12 9 1 1 12 9 1 12 9 1 1 12 9 12 9 1 1 12 10 1 7 1 1 12 10 1 1 12 10 1 1 12 10 1 12 10 1 7 1 1 12 10 1 12 10 1 7 1 7 1 1 12 11 1 7 1 12 10 1 12 9 1 1 1 1 1 1 1 1 1 1 1 1 1 1 1 1 100 1 100 100 1 1 100 1 12 10 12 10 1 1 1 1 10 1 1 12 10 10 10 10 10 1 1 1 1 1 3 3 3 1 3 1 3 1 1 1 1 1 1 1 1 1 1 1 1 1 1 1 1 1 1 1 1 1
ciInstanceKlass kotlin/jvm/internal/CollectionToArray 1 1 183 1 7 1 7 1 1 1 1 1 1 1 1 1 1 1 1 1 1 1 8 1 7 1 1 12 10 1 7 1 1 12 11 1 1 12 9 1 1 12 11 1 100 1 1 12 11 1 1 12 11 3 1 100 1 1 12 10 1 100 1 1 12 10 1 8 1 12 10 1 1 1 1 1 1 1 1 1 1 1 1 1 1 100 1 1 1 1 100 10 1 1 12 10 1 100 1 12 10 1 100 1 1 12 10 1 8 1 12 10 1 1 1 1 1 1 1 1 100 1 12 11 1 100 1 1 12 10 1 100 1 12 11 1 100 1 12 11 1 1 1 1 1 1 1 1 1 1 1 1 1 1 3 3 3 1 1 3 1 1 1 1 1 1 1 1 1 1 1 1 1 1 1 1 1 1 1 1 1 1 1 1 1
staticfield kotlin/jvm/internal/CollectionToArray EMPTY [Ljava/lang/Object; 0 [Ljava/lang/Object;
ciInstanceKlass org/jetbrains/kotlin/commonizer/cir/CirFunctionOrProperty$Kind 1 1 99 1 7 1 1 7 1 1 1 12 10 1 1 1 1 1 1 1 1 1 1 12 9 1 7 1 1 12 10 7 1 1 1 12 10 1 1 1 1 1 1 1 12 9 1 1 12 9 1 12 9 1 12 9 1 12 9 1 8 10 8 8 8 12 10 1 7 1 7 1 1 12 10 1 1 3 3 3 1 3 1 3 1 1 1 1 1 1 100 1 1 1 1 1 1 1 1 1 1
staticfield org/jetbrains/kotlin/commonizer/cir/CirFunctionOrProperty$Kind DECLARATION Lorg/jetbrains/kotlin/commonizer/cir/CirFunctionOrProperty$Kind; org/jetbrains/kotlin/commonizer/cir/CirFunctionOrProperty$Kind
staticfield org/jetbrains/kotlin/commonizer/cir/CirFunctionOrProperty$Kind FAKE_OVERRIDE Lorg/jetbrains/kotlin/commonizer/cir/CirFunctionOrProperty$Kind; org/jetbrains/kotlin/commonizer/cir/CirFunctionOrProperty$Kind
staticfield org/jetbrains/kotlin/commonizer/cir/CirFunctionOrProperty$Kind DELEGATION Lorg/jetbrains/kotlin/commonizer/cir/CirFunctionOrProperty$Kind; org/jetbrains/kotlin/commonizer/cir/CirFunctionOrProperty$Kind
staticfield org/jetbrains/kotlin/commonizer/cir/CirFunctionOrProperty$Kind SYNTHESIZED Lorg/jetbrains/kotlin/commonizer/cir/CirFunctionOrProperty$Kind; org/jetbrains/kotlin/commonizer/cir/CirFunctionOrProperty$Kind
staticfield org/jetbrains/kotlin/commonizer/cir/CirFunctionOrProperty$Kind $VALUES [Lorg/jetbrains/kotlin/commonizer/cir/CirFunctionOrProperty$Kind; 4 [Lorg/jetbrains/kotlin/commonizer/cir/CirFunctionOrProperty$Kind;
staticfield org/jetbrains/kotlin/commonizer/cir/CirFunctionOrProperty$Kind $ENTRIES Lkotlin/enums/EnumEntries; kotlin/enums/EnumEntriesList
ciInstanceKlass org/jetbrains/kotlin/commonizer/cir/CirAnnotation 1 1 52 1 7 1 100 1 1 1 1 1 1 1 1 1 1 1 7 1 1 12 9 1 12 9 1 1 3 3 3 1 3 1 3 1 1 1 1 1 1 1 1 1 1 1 1 1 1 1 1 1 1 1
staticfield org/jetbrains/kotlin/commonizer/cir/CirAnnotation Companion Lorg/jetbrains/kotlin/commonizer/cir/CirAnnotation$Companion; org/jetbrains/kotlin/commonizer/cir/CirAnnotation$Companion
ciInstanceKlass org/jetbrains/kotlin/commonizer/cir/CirAnnotationInternedImpl 1 1 145 1 7 1 7 1 7 1 1 1 1 1 8 1 7 1 1 12 10 1 8 1 8 1 12 10 1 12 9 1 12 9 12 9 1 1 12 10 1 1 12 10 1 1 12 10 1 12 10 1 12 9 1 1 1 1 1 1 1 1 1 100 1 100 1 1 1 1 1 11 1 1 12 10 11 11 1 1 1 1 1 1 1 12 10 1 1 12 10 1 1 1 100 10 1 8 1 1 12 10 1 12 10 1 8 1 8 1 12 10 12 10 1 1 1 1 3 3 3 1 3 1 3 1 1 1 1 1 1 1 1 1 1 1 1 1 1 1 1 1 1 1 1 1 1
ciInstanceKlass org/jetbrains/kotlin/commonizer/cir/CirHasAnnotations 1 0 31 1 100 1 100 1 1 1 1 1 1 3 3 3 1 3 1 3 1 1 1 1 1 1 1 1 1 1 1 1 1
ciInstanceKlass org/jetbrains/kotlin/commonizer/cir/CirHasName 1 0 29 1 100 1 100 1 1 1 1 1 3 3 3 1 3 1 3 1 1 1 1 1 1 1 1 1 1 1 1
ciInstanceKlass org/jetbrains/kotlin/commonizer/cir/CirHasTypeParameters 1 0 31 1 100 1 100 1 1 1 1 1 1 3 3 3 1 3 1 3 1 1 1 1 1 1 1 1 1 1 1 1 1
ciInstanceKlass org/jetbrains/kotlin/commonizer/cir/CirHasModality 1 0 29 1 100 1 100 1 1 1 1 1 3 3 3 1 3 1 3 1 1 1 1 1 1 1 1 1 1 1 1
ciInstanceKlass org/jetbrains/kotlin/commonizer/cir/CirMaybeCallableMemberOfClass 1 1 51 1 100 1 100 1 1 1 1 1 1 1 8 1 100 1 1 12 10 1 100 1 1 12 10 1 1 1 1 1 3 3 3 1 3 1 3 1 1 1 1 1 1 1 1 1 1 1 1 1 1
ciInstanceKlass org/jetbrains/kotlin/commonizer/cir/CirFunctionOrProperty 1 1 144 1 7 1 100 1 100 1 100 1 100 1 100 1 100 1 100 1 100 1 1 1 1 1 1 1 1 1 1 1 1 12 11 1 7 1 1 12 9 1 7 1 1 12 10 1 1 12 11 1 7 1 1 12 9 1 1 12 11 1 7 11 1 12 11 1 7 1 1 12 9 1 1 1 1 3 3 3 1 3 1 3 1 1 1 1 1 1 1 1 1 1 1 1 1 1 1 1 1 1 1 1 100 1 100 1 1 1 1 1 1 1 1 1 1 1 100 1 8 1 1 12 10 1 1 1 8 1 1 1 8 1 1 8 1 1 1 8 1 1 1 8 1 1
ciInstanceKlass org/jetbrains/kotlin/commonizer/cir/CirLiftedUpDeclaration 1 0 28 1 100 1 100 1 100 1 1 1 1 3 3 3 1 3 1 3 1 1 1 1 1 1 1 1 1 1
ciInstanceKlass org/jetbrains/kotlin/commonizer/cir/CirProperty 1 1 299 1 7 1 7 1 100 1 100 1 1 1 1 1 1 8 1 7 1 1 12 10 1 8 1 8 1 8 1 8 1 8 1 8 1 8 1 8 1 8 1 12 10 1 12 9 1 12 9 12 9 1 12 9 1 12 9 1 1 12 9 1 1 12 9 1 12 9 1 12 9 1 1 12 9 1 12 9 1 12 9 1 12 9 1 1 12 9 1 1 12 9 12 9 12 9 1 12 9 1 1 1 1 1 1 1 1 1 1 1 1 1 1 1 1 1 1 1 1 1 1 1 1 1 1 1 1 1 1 1 1 1 8 3 1 1 12 10 1 1 1 1 1 1 1 1 1 1 1 1 1 1 1 1 1 1 1 1 1 12 10 3 3 3 12 10 1 1 1 100 10 1 8 1 1 12 10 1 12 10 1 8 1 8 1 8 1 8 1 8 1 8 1 8 1 8 1 8 1 12 10 1 8 1 8 1 8 1 8 1 8 1 8 1 8 1 8 1 12 10 12 10 1 1 12 10 1 100 10 1 100 10 1 100 10 1 100 10 1 100 10 1 100 10 1 100 1 12 10 1 100 10 1 1 1 1 1 1 12 10 1 1 1 12 10 1 100 1 1 1 1 3 3 3 1 3 1 3 1 1 1 1 1 1 1 1 1 1 1 1 1 1 1 1 1 1 1 1 1
ciInstanceKlass org/jetbrains/kotlin/commonizer/cir/CirCallableMemberWithParameters 1 0 40 1 100 1 100 1 1 1 1 1 1 1 1 1 1 1 1 1 3 3 3 1 3 1 3 1 1 1 1 1 1 1 1 1 1 1 1 1 1 1
ciInstanceKlass org/jetbrains/kotlin/commonizer/cir/CirFunction 1 1 258 1 7 1 7 1 100 1 100 1 1 1 1 1 1 8 1 7 1 1 12 10 1 8 1 8 1 8 1 8 1 8 1 8 1 8 1 8 1 12 10 1 12 9 1 12 9 12 9 1 12 9 1 12 9 1 1 12 9 12 9 1 1 12 9 1 1 12 9 1 12 9 1 12 9 1 12 9 1 1 1 1 1 1 1 1 1 1 1 1 1 1 1 1 1 1 1 1 1 8 1 1 1 1 1 1 1 1 1 1 1 1 1 1 8 1 1 12 10 1 1 1 1 1 1 1 1 1 1 1 1 1 1 1 12 10 12 10 1 1 1 100 10 1 8 1 1 12 10 1 12 10 1 8 1 8 1 8 1 8 1 8 1 8 1 8 1 12 10 1 8 1 8 1 8 1 8 1 12 10 12 10 1 1 12 10 1 100 10 1 100 10 1 100 10 1 100 1 12 10 1 100 10 1 100 10 1 100 10 1 1 1 1 1 1 12 10 1 1 1 12 10 1 100 1 1 1 1 1 3 3 3 1 3 1 3 1 1 1 1 1 1 1 1 1 1 1 1 1 1 1 1 1 1 1 1 1 1
ciInstanceKlass org/jetbrains/kotlin/commonizer/cir/CirClassifier 1 0 42 1 100 1 100 1 100 1 100 1 100 1 100 1 100 1 100 1 1 3 3 3 1 3 1 3 1 1 1 1 1 1 1 1 1 1 1 1 1 1 1 1
ciInstanceKlass org/jetbrains/kotlin/commonizer/cir/CirContainingClass 1 0 35 1 100 1 100 1 100 1 1 1 1 1 1 1 1 3 3 3 1 3 1 3 1 1 1 1 1 1 1 1 1 1 1 1 1
ciInstanceKlass org/jetbrains/kotlin/commonizer/cir/CirClass 1 1 66 1 7 1 100 1 100 1 100 1 100 1 1 1 1 1 1 1 1 1 1 1 1 1 1 1 1 7 1 1 12 9 1 12 9 1 1 3 3 3 1 3 1 3 1 1 1 1 1 1 1 1 1 1 1 1 1 1 1 1 1 1 1 1 1 1
staticfield org/jetbrains/kotlin/commonizer/cir/CirClass Companion Lorg/jetbrains/kotlin/commonizer/cir/CirClass$Companion; org/jetbrains/kotlin/commonizer/cir/CirClass$Companion
ciInstanceKlass org/jetbrains/kotlin/commonizer/cir/CirClassImpl 1 1 226 1 7 1 7 1 100 1 1 1 1 1 1 8 1 7 1 1 12 10 1 8 1 8 1 8 1 8 1 8 1 8 1 12 10 1 12 9 1 12 9 12 9 12 9 1 12 9 1 12 9 1 12 9 1 12 9 1 1 12 9 1 12 9 1 12 9 1 12 9 1 12 9 1 1 1 1 1 1 1 1 1 1 1 1 1 1 1 1 1 1 1 1 1 1 1 1 1 1 1 1 1 1 1 1 1 1 1 1 1 1 1 12 10 1 1 12 10 1 1 1 100 10 1 8 1 1 12 10 1 12 10 1 8 1 8 1 8 1 8 1 8 1 8 1 8 1 8 1 12 10 1 8 1 8 1 8 1 8 1 12 10 12 10 1 1 12 10 1 100 10 1 100 10 1 100 10 1 100 10 1 100 1 12 10 1 1 1 1 1 1 12 10 1 1 1 1 1 1 1 3 3 3 1 3 1 3 1 1 1 1 1 1 1 1 1 1 1 1 1 1 1 1 1 1 1
ciInstanceKlass org/jetbrains/kotlin/descriptors/Visibilities$Protected 1 1 48 3 3 3 3 8 100 7 7 9 10 10 12 12 12 1 1 1 1 1 1 1 1 1 1 1 1 1 1 1 1 1 1 1 1 1 1 1 1 1 1 1 1 1 1 1 1 1
staticfield org/jetbrains/kotlin/descriptors/Visibilities$Protected INSTANCE Lorg/jetbrains/kotlin/descriptors/Visibilities$Protected; org/jetbrains/kotlin/descriptors/Visibilities$Protected
ciInstanceKlass org/jetbrains/kotlin/commonizer/cir/CirExtensionReceiver 1 1 114 1 7 1 7 1 100 1 1 1 1 1 8 1 7 1 1 12 10 1 8 1 12 10 1 12 9 1 12 9 1 1 1 1 1 1 1 1 1 1 1 1 12 10 1 1 12 10 1 1 1 100 10 1 8 1 1 12 10 1 12 10 1 8 1 12 10 12 10 1 1 12 10 1 100 10 1 1 1 1 1 1 1 12 10 1 1 1 1 1 3 3 3 1 3 1 3 1 1 1 1 1 1 1 1 1 1 1 1 1 1 1 1 1
ciInstanceKlass org/jetbrains/kotlin/commonizer/mergedtree/CirKnownClassifiers 1 1 91 1 7 1 7 1 1 1 1 1 8 1 7 1 1 12 10 1 8 1 8 1 8 1 8 1 12 10 1 12 9 12 9 1 12 9 1 12 9 1 12 9 1 1 1 1 7 1 1 12 10 12 10 1 1 1 1 1 1 1 1 1 1 1 1 1 1 1 3 3 3 1 3 1 3 1 1 1 1 1 1 1 1 1 1 1 1 1 1 1 1
ciInstanceKlass org/jetbrains/kotlin/commonizer/core/Commonizer 1 0 35 1 100 1 1 100 1 1 1 1 1 1 1 1 3 3 3 1 3 1 3 1 1 1 1 1 1 1 1 1 1 1 1 1 1
ciInstanceKlass org/jetbrains/kotlin/commonizer/utils/CommonizedGroup 1 1 154 1 7 1 1 7 1 1 1 1 1 8 1 7 1 1 12 10 1 12 10 1 1 12 9 1 12 10 1 7 1 7 1 1 12 10 1 7 1 1 12 11 1 1 12 9 1 1 1 100 1 1 1 8 1 100 11 1 100 1 12 10 12 10 1 1 16 1 1 12 10 15 1 16 1 7 1 1 12 10 15 1 12 18 1 1 1 1 1 1 1 12 10 1 100 10 1 1 12 10 1 8 1 12 10 1 8 1 12 10 1 1 12 10 1 100 10 1 12 10 1 1 1 1 1 1 1 3 3 3 1 3 1 3 1 1 1 1 1 1 1 1 1 1 1 1 1 1 1 1 1 1 1 1
ciInstanceKlass org/jetbrains/kotlin/commonizer/core/CommonizerKt 1 1 114 1 100 1 100 1 1 1 1 1 1 8 1 7 1 1 12 10 1 8 1 7 1 1 12 11 1 7 1 1 12 11 1 1 12 11 1 7 1 1 12 11 1 12 11 1 1 1 1 1 1 1 1 1 1 1 1 1 1 1 100 1 8 1 1 12 10 1 1 1 1 1 1 12 10 1 100 1 12 10 12 10 1 1 1 1 1 1 3 3 3 1 1 3 1 1 1 1 1 1 1 1 1 1 1 1 1 1 1 1 1 1 1 1
ciInstanceKlass org/jetbrains/kotlin/commonizer/core/NullableContextualSingleInvocationCommonizer 1 0 35 1 100 1 1 100 1 1 1 1 1 1 1 3 3 3 1 3 1 3 1 1 1 1 1 1 1 1 1 1 1 1 1 1 1
ciInstanceKlass org/jetbrains/kotlin/commonizer/core/FunctionOrPropertyBaseCommonizer 1 1 335 1 7 1 1 7 1 100 1 1 1 1 8 1 7 1 1 12 10 1 8 1 8 1 8 1 8 1 12 10 1 12 9 1 12 9 1 12 9 1 12 9 1 12 9 1 1 1 1 7 1 12 10 1 7 10 12 10 1 1 1 1 1 8 1 7 1 1 12 11 1 7 1 7 11 1 1 12 11 1 7 1 12 11 1 1 12 11 1 7 1 1 12 11 1 7 1 1 12 9 1 12 9 1 1 12 11 1 100 1 1 12 10 1 12 10 1 7 1 1 12 10 1 7 1 1 12 11 1 7 1 7 1 1 12 10 1 12 10 1 1 12 11 1 1 12 11 1 7 1 1 12 10 1 7 1 1 12 9 1 7 1 12 11 1 7 1 1 12 10 1 12 10 1 1 12 10 1 1 12 10 1 1 12 10 1 1 12 11 1 1 12 11 1 1 12 11 1 1 12 10 1 7 10 1 7 1 1 12 11 1 7 1 12 10 1 7 1 7 1 1 12 9 1 7 1 1 12 10 1 7 1 1 12 11 1 12 10 1 7 1 12 10 1 7 10 1 12 11 1 7 1 12 10 1 1 1 1 1 1 1 1 1 1 1 1 1 1 1 1 1 1 1 1 1 1 1 1 1 1 1 1 1 1 1 1 1 1 1 100 1 100 1 100 1 100 1 100 1 100 12 10 1 1 3 3 3 1 3 1 3 1 1 1 1 1 1 1 1 1 1 1 1 1 1 1 1 1 1 1 1 1 1 1 1
ciInstanceKlass org/jetbrains/kotlin/commonizer/core/NullableSingleInvocationCommonizer 1 0 34 1 100 1 1 100 1 1 1 1 1 1 1 3 3 3 1 3 1 3 1 1 1 1 1 1 1 1 1 1 1 1 1 1
ciInstanceKlass org/jetbrains/kotlin/commonizer/core/TypeCommonizer 1 1 187 1 7 1 1 7 1 100 1 1 1 1 8 1 7 1 1 12 10 1 8 1 8 1 12 10 1 12 9 1 12 9 1 12 9 1 7 1 12 10 1 1 12 9 1 7 1 12 10 1 1 12 9 1 1 1 1 7 1 1 12 9 1 7 1 1 12 10 12 10 1 1 1 1 1 1 8 1 7 1 1 12 11 1 1 12 11 1 7 1 12 10 1 7 1 100 1 7 1 1 12 9 1 100 1 7 1 1 12 10 1 100 1 12 10 1 1 1 1 1 1 1 1 1 1 1 1 1 1 1 1 1 1 12 10 1 1 1 8 12 10 1 100 1 12 11 12 10 1 1 1 12 10 1 1 3 3 3 1 3 1 3 1 1 1 1 1 1 1 1 1 1 1 1 1 1 1 1 1 1 1 1 1 1 1 1 1
ciInstanceKlass org/jetbrains/kotlin/commonizer/core/TypeCommonizer$Context 1 1 141 1 7 1 7 1 1 1 12 10 1 1 12 9 1 12 9 1 12 9 1 1 1 12 10 1 1 1 1 1 1 1 1 1 12 10 1 1 1 12 10 1 1 12 10 1 1 12 10 1 1 12 10 1 1 1 1 1 12 10 1 1 1 100 10 1 8 1 1 12 10 1 12 10 1 8 1 8 1 12 10 12 10 1 1 1 100 1 12 10 1 1 1 1 1 1 1 12 10 1 1 1 12 9 1 1 7 1 12 10 1 1 12 9 1 1 3 3 3 1 3 1 3 1 1 1 1 1 1 100 1 1 1 1 1 1 1 1 1 1 1
staticfield org/jetbrains/kotlin/commonizer/core/TypeCommonizer$Context Companion Lorg/jetbrains/kotlin/commonizer/core/TypeCommonizer$Context$Companion; org/jetbrains/kotlin/commonizer/core/TypeCommonizer$Context$Companion
staticfield org/jetbrains/kotlin/commonizer/core/TypeCommonizer$Context default Lorg/jetbrains/kotlin/commonizer/core/TypeCommonizer$Context; org/jetbrains/kotlin/commonizer/core/TypeCommonizer$Context
ciInstanceKlass org/jetbrains/kotlin/commonizer/core/AssociativeCommonizer 1 0 33 1 100 1 1 100 1 1 1 1 1 1 3 3 3 1 3 1 3 1 1 1 1 1 1 1 1 1 1 1 1 1 1
ciInstanceKlass org/jetbrains/kotlin/commonizer/core/EqualTypeNullabilityCommonizer 1 1 63 1 7 1 7 1 100 1 1 12 10 1 1 1 1 1 1 7 1 1 12 10 1 1 1 1 1 1 12 10 12 10 1 1 10 1 12 9 1 1 1 3 3 3 1 3 1 3 1 1 1 1 1 1 1 1 1 1 1 1 1 1 1
staticfield org/jetbrains/kotlin/commonizer/core/EqualTypeNullabilityCommonizer INSTANCE Lorg/jetbrains/kotlin/commonizer/core/EqualTypeNullabilityCommonizer; org/jetbrains/kotlin/commonizer/core/EqualTypeNullabilityCommonizer
ciInstanceKlass org/jetbrains/kotlin/commonizer/core/ExtensionReceiverCommonizer 1 1 173 1 7 1 1 7 1 100 1 1 1 1 8 1 7 1 1 12 10 1 12 10 1 12 9 1 1 1 1 1 1 1 8 1 7 1 7 1 1 12 11 1 1 12 11 1 7 1 12 11 1 1 12 11 1 7 1 7 1 1 12 9 1 7 1 1 12 10 1 7 1 1 12 10 1 7 1 1 12 10 1 12 10 1 8 1 100 1 1 12 10 1 12 10 1 1 12 10 1 1 12 11 1 7 1 7 1 12 10 1 12 10 1 12 10 1 1 1 1 1 1 1 1 1 1 1 1 1 1 1 1 1 1 1 1 1 1 100 1 12 10 1 1 3 3 3 1 3 1 3 1 1 1 1 1 1 1 1 1 1 1 1 1 1 1 1 1 1 1 1 1 1 1
ciInstanceKlass org/jetbrains/kotlin/commonizer/core/ReturnTypeCommonizer 1 1 168 1 7 1 1 7 1 100 1 1 1 1 8 1 7 1 1 12 10 1 12 10 1 12 9 1 1 1 1 1 1 1 8 1 7 1 1 12 11 1 7 1 7 11 1 1 12 11 1 7 1 12 11 1 1 12 11 1 7 1 1 12 11 1 7 1 12 10 1 7 1 1 12 10 1 7 1 1 12 10 1 1 12 10 1 7 1 7 1 1 12 10 1 12 10 1 1 12 11 1 1 12 11 12 10 1 1 1 1 1 1 1 1 1 1 1 1 1 1 1 1 1 1 1 1 1 1 1 1 1 1 1 1 1 1 10 1 1 3 3 3 1 3 1 3 1 1 1 1 1 1 1 1 1 1 1 1 1 1 1 1 1 1 1 1 1 1 1
ciInstanceKlass org/jetbrains/kotlin/commonizer/core/AssociativeCommonizerKt 1 1 125 1 100 1 100 1 1 1 1 1 1 8 1 7 1 1 12 10 1 8 1 7 1 1 12 11 1 1 12 11 1 100 1 1 12 10 1 7 1 1 12 11 1 7 1 12 11 1 100 1 8 1 1 12 10 1 1 12 11 1 7 1 12 11 1 1 1 1 1 1 1 1 1 1 1 1 1 1 1 1 1 7 1 12 10 1 1 1 1 1 7 10 1 7 1 1 1 3 3 3 1 1 3 1 1 1 1 1 1 1 1 1 1 1 1 1 1 1 1 1 1 1 1 1 1
ciInstanceKlass org/jetbrains/kotlin/commonizer/core/CovariantTypeNullabilityCommonizer 1 1 62 1 7 1 7 1 100 1 1 12 10 1 1 1 1 1 1 7 1 1 12 10 1 1 1 1 1 1 12 10 12 10 1 1 10 1 12 9 1 1 3 3 3 1 3 1 3 1 1 1 1 1 1 1 1 1 1 1 1 1 1 1
staticfield org/jetbrains/kotlin/commonizer/core/CovariantTypeNullabilityCommonizer INSTANCE Lorg/jetbrains/kotlin/commonizer/core/CovariantTypeNullabilityCommonizer; org/jetbrains/kotlin/commonizer/core/CovariantTypeNullabilityCommonizer
instanceKlass org/jetbrains/kotlin/commonizer/core/TypeParameterUpperBoundsCommonizer
instanceKlass org/jetbrains/kotlin/commonizer/core/ValueParameterListCommonizer
instanceKlass org/jetbrains/kotlin/commonizer/core/TypeParameterListCommonizer
instanceKlass org/jetbrains/kotlin/commonizer/core/TypeArgumentListCommonizer
ciInstanceKlass org/jetbrains/kotlin/commonizer/core/AbstractListCommonizer 1 1 176 1 7 1 1 7 1 7 1 1 1 1 1 8 1 7 1 1 12 10 1 12 10 1 12 9 1 1 1 1 1 1 1 1 12 9 1 1 12 9 1 100 1 1 12 10 1 100 10 1 12 10 1 7 1 7 1 12 10 1 7 1 12 11 1 1 12 11 1 7 1 1 1 1 1 1 1 1 1 1 1 1 1 1 1 1 100 1 1 1 1 8 1 1 12 11 1 7 1 1 12 10 1 7 1 1 12 11 11 1 1 12 11 12 11 1 1 1 1 1 1 1 1 1 8 1 7 1 12 11 1 1 1 1 1 12 10 12 10 1 1 1 1 3 3 3 1 3 1 3 1 1 1 1 1 1 1 1 1 1 1 1 1 1 1 1 1 1 1 1 1 1 1 1 1 1
ciInstanceKlass org/jetbrains/kotlin/commonizer/core/TypeArgumentListCommonizer 1 1 82 1 7 1 1 7 1 1 1 1 8 1 7 1 1 12 10 1 16 1 1 12 10 15 1 16 1 7 1 1 12 10 15 1 1 12 18 1 12 10 1 1 1 1 7 12 10 1 7 1 7 1 1 12 10 1 1 1 1 1 3 3 3 1 3 1 3 1 1 1 1 1 1 1 1 1 1 1 1 1 1 1
ciInstanceKlass  @bci org/jetbrains/kotlin/commonizer/core/TypeArgumentListCommonizer <init> (Lorg/jetbrains/kotlin/commonizer/core/TypeCommonizer;)V 8 <appendix> member <vmtarget> ; 1 1 32 1 7 1 7 1 100 1 1 1 1 1 12 10 12 9 1 1 1 7 1 1 12 10 1 7 1 1 12 10 1 1
ciInstanceKlass org/jetbrains/kotlin/commonizer/core/TypeParameterListCommonizer 1 1 76 1 7 1 1 7 1 1 1 1 8 1 7 1 1 12 10 1 16 1 1 12 10 15 1 16 1 7 1 1 12 10 15 1 1 12 18 1 12 10 1 1 1 1 7 12 10 1 7 1 1 1 1 1 3 3 3 1 3 1 3 1 1 1 1 1 1 1 1 1 1 1 1 1 1 1
ciInstanceKlass  @bci org/jetbrains/kotlin/commonizer/core/TypeParameterListCommonizer <init> (Lorg/jetbrains/kotlin/commonizer/core/TypeCommonizer;)V 8 <appendix> member <vmtarget> ; 1 1 32 1 7 1 7 1 100 1 1 1 1 1 12 10 12 9 1 1 1 7 1 1 12 10 1 7 1 1 12 10 1 1
ciInstanceKlass org/jetbrains/kotlin/commonizer/core/ModalityCommonizer 1 1 105 1 7 1 1 7 1 7 1 1 12 10 1 1 1 1 1 1 1 12 9 1 1 12 9 1 100 1 1 12 10 1 100 10 1 12 10 1 1 1 1 1 1 1 1 7 1 1 1 8 1 7 1 1 12 10 1 12 9 1 12 9 1 1 1 1 1 1 1 1 12 10 1 12 10 1 1 1 3 3 3 1 3 1 3 1 1 1 1 1 1 1 1 1 1 1 1 1 1 1 1 1 1 1 1
instanceKlass org/jetbrains/kotlin/commonizer/core/LoweringVisibilityCommonizer
instanceKlass org/jetbrains/kotlin/commonizer/core/EqualizingVisibilityCommonizer
ciInstanceKlass org/jetbrains/kotlin/commonizer/core/VisibilityCommonizer 1 1 136 1 7 1 1 7 1 7 1 1 12 10 1 1 1 1 1 1 1 12 9 1 7 1 1 12 9 1 7 1 1 12 10 1 100 1 1 12 10 1 100 10 1 12 10 1 1 1 1 1 1 1 1 1 7 1 1 1 8 1 1 12 10 1 7 1 12 11 1 7 1 12 9 1 1 12 10 1 12 10 1 1 12 10 1 1 1 1 12 10 1 12 10 1 1 7 1 12 10 1 1 12 9 1 1 1 3 3 3 1 3 1 3 1 1 1 1 1 1 1 1 1 1 1 1 1 1 1 1 1 1 1 1 1 1 1
staticfield org/jetbrains/kotlin/commonizer/core/VisibilityCommonizer Companion Lorg/jetbrains/kotlin/commonizer/core/VisibilityCommonizer$Companion; org/jetbrains/kotlin/commonizer/core/VisibilityCommonizer$Companion
ciInstanceKlass org/jetbrains/kotlin/commonizer/core/VisibilityCommonizer$Companion 1 1 51 1 7 1 7 1 1 12 10 1 1 1 1 1 1 7 10 1 7 1 1 7 10 1 10 1 1 1 1 3 3 3 1 3 1 3 1 1 1 1 1 1 1 1 1 1 1 1 1 1 1
ciInstanceKlass org/jetbrains/kotlin/commonizer/core/EqualizingVisibilityCommonizer 1 1 77 1 100 1 7 1 1 12 10 1 1 1 1 1 1 8 1 7 1 1 12 10 1 1 1 1 8 1 7 1 1 12 9 1 1 12 10 1 7 1 1 12 10 1 100 1 12 9 1 100 1 1 1 3 3 3 1 3 1 3 1 1 1 1 1 1 1 1 1 1 1 1 1 1 1 1 1
ciInstanceKlass org/jetbrains/kotlin/commonizer/core/AnnotationsCommonizer 1 1 379 1 7 1 1 7 1 100 1 1 12 10 1 1 1 1 1 1 1 8 1 7 1 1 12 10 1 8 1 7 1 7 1 1 12 10 1 7 1 1 12 10 1 7 1 1 12 10 1 7 1 12 10 1 7 1 1 12 11 1 7 1 1 12 11 1 1 12 11 1 7 1 1 12 11 1 7 1 1 12 10 1 1 12 11 1 1 12 10 1 12 9 1 12 10 1 7 1 7 1 1 12 11 1 1 12 10 1 1 12 11 1 1 12 10 1 1 12 10 1 1 12 10 1 1 1 1 1 1 1 1 1 1 1 1 1 1 1 1 1 1 1 1 1 1 7 10 1 7 1 1 12 10 11 1 12 11 1 12 9 1 1 12 10 1 1 12 9 1 12 9 1 12 10 1 7 1 1 12 10 1 1 12 10 1 12 11 1 1 12 11 1 7 11 1 7 1 12 11 1 7 1 12 11 1 7 1 1 12 11 1 1 12 10 1 7 1 1 12 10 1 8 1 12 10 1 8 1 8 1 8 1 8 1 7 1 8 1 12 10 1 100 1 12 10 1 7 1 12 9 1 100 1 100 10 1 8 1 1 12 10 1 12 10 1 12 10 10 10 1 12 10 1 12 10 1 7 1 1 12 10 1 1 1 1 1 1 1 1 1 1 1 1 1 1 1 1 1 1 1 1 1 1 1 1 1 1 12 11 1 1 12 10 1 1 1 1 1 12 10 1 7 1 12 9 1 12 10 1 1 1 12 10 11 1 12 11 11 1 12 10 1 10 1 12 10 1 1 3 3 3 1 3 1 3 1 1 1 1 1 1 1 1 1 1 1 1 1 1 1 1 1 1 1 1 1 1 1 1
staticfield org/jetbrains/kotlin/commonizer/core/AnnotationsCommonizer INSTANCE Lorg/jetbrains/kotlin/commonizer/core/AnnotationsCommonizer; org/jetbrains/kotlin/commonizer/core/AnnotationsCommonizer
staticfield org/jetbrains/kotlin/commonizer/core/AnnotationsCommonizer objCCallableAnnotation Lorg/jetbrains/kotlin/commonizer/cir/CirAnnotation; org/jetbrains/kotlin/commonizer/cir/CirAnnotationInternedImpl
ciInstanceKlass org/jetbrains/kotlin/commonizer/core/NullableSingleInvocationCommonizerKt$asCommonizer$1 1 1 86 1 7 1 1 7 1 100 1 1 1 1 1 12 9 1 12 10 1 7 10 1 7 1 1 12 9 1 1 1 1 1 1 1 7 1 1 12 11 1 1 1 1 8 1 7 1 1 12 10 1 12 11 1 1 1 1 1 3 3 3 1 3 1 3 1 1 1 1 1 1 1 1 100 1 1 12 1 1 1 1 1 1 1 1 1
ciInstanceKlass org/jetbrains/kotlin/commonizer/core/LoweringVisibilityCommonizer 1 1 94 1 7 1 7 1 1 12 10 1 1 1 1 1 1 8 1 7 1 1 12 10 1 1 12 9 1 7 1 1 12 11 1 12 9 1 1 100 1 1 1 8 1 7 1 1 12 9 1 1 12 10 1 7 1 1 12 10 1 100 1 12 9 1 100 1 1 1 1 1 3 3 3 1 3 1 3 1 1 1 1 1 1 1 1 1 1 1 1 1 1 1 1 1
ciInstanceKlass org/jetbrains/kotlin/descriptors/Visibilities$Unknown 1 1 55 3 3 3 3 8 8 100 100 7 7 9 10 10 10 12 12 12 12 1 1 1 1 1 1 1 1 1 1 1 1 1 1 1 1 1 1 1 1 1 1 1 1 1 1 1 1 1 1 1 1 1 1 1 1
staticfield org/jetbrains/kotlin/descriptors/Visibilities$Unknown INSTANCE Lorg/jetbrains/kotlin/descriptors/Visibilities$Unknown; org/jetbrains/kotlin/descriptors/Visibilities$Unknown
ciInstanceKlass org/jetbrains/kotlin/descriptors/Visibilities 1 1 161 3 3 3 3 8 8 8 7 7 7 7 7 7 100 7 100 100 7 7 7 7 100 7 9 9 9 9 9 9 9 9 10 10 10 10 10 10 10 10 10 11 11 12 12 12 12 12 12 12 12 12 12 12 12 12 12 12 12 12 12 1 1 1 1 1 1 1 1 1 1 1 1 1 1 1 1 1 1 1 1 1 1 1 1 1 1 1 1 1 1 1 1 1 1 1 1 1 1 1 1 1 1 1 1 1 1 1 1 1 1 1 1 1 1 1 1 1 1 1 1 1 1 1 1 1 1 1 1 1 1 1 1 1 1 1 1 1 1 1 1 1 1 1 1 1 1 1 1 1 1 1 1 1 1 1 1 1 1 1 1
staticfield org/jetbrains/kotlin/descriptors/Visibilities INSTANCE Lorg/jetbrains/kotlin/descriptors/Visibilities; org/jetbrains/kotlin/descriptors/Visibilities
staticfield org/jetbrains/kotlin/descriptors/Visibilities ORDERED_VISIBILITIES Ljava/util/Map; kotlin/collections/builders/MapBuilder
staticfield org/jetbrains/kotlin/descriptors/Visibilities DEFAULT_VISIBILITY Lorg/jetbrains/kotlin/descriptors/Visibilities$Public; org/jetbrains/kotlin/descriptors/Visibilities$Public
ciInstanceKlass org/jetbrains/kotlin/descriptors/Visibilities$PrivateToThis 1 1 53 3 3 3 3 8 8 100 7 7 9 10 10 12 12 12 1 1 1 1 1 1 1 1 1 1 1 1 1 1 1 1 1 1 1 1 1 1 1 1 1 1 1 1 1 1 1 1 1 1 1 1 1
staticfield org/jetbrains/kotlin/descriptors/Visibilities$PrivateToThis INSTANCE Lorg/jetbrains/kotlin/descriptors/Visibilities$PrivateToThis; org/jetbrains/kotlin/descriptors/Visibilities$PrivateToThis
ciInstanceKlass org/jetbrains/kotlin/commonizer/core/UnsafeNumberAnnotationUtilsKt 1 1 242 1 7 1 100 1 1 1 1 1 1 8 1 7 1 1 12 10 1 8 1 8 1 8 1 8 1 1 12 10 1 7 1 1 12 10 1 7 1 7 1 7 1 1 12 10 1 1 12 11 1 7 1 1 12 11 1 1 12 11 1 7 1 12 10 1 7 1 12 10 1 7 1 7 1 1 12 10 1 7 1 1 12 10 1 7 1 1 12 10 1 1 12 11 1 7 1 1 12 11 1 7 1 1 12 10 1 1 12 11 1 1 12 11 1 1 12 10 1 7 1 1 12 11 12 10 1 7 1 1 1 1 1 1 1 1 1 1 1 1 1 1 1 1 1 1 1 1 1 1 1 1 1 1 7 1 1 7 1 1 12 9 1 7 1 1 12 11 1 7 1 12 10 1 7 1 12 11 1 7 10 1 7 1 12 10 1 7 1 7 1 1 12 10 1 1 12 9 1 1 1 1 1 1 1 1 1 1 1 1 1 3 3 3 1 1 3 1 1 1 1 1 1 1 100 1 1 1 1 1 1 1 1 1 1 1 1 1 1 1 1 1
ciInstanceKlass org/jetbrains/kotlin/commonizer/core/ExtensionReceiverCommonizer$Commonized 1 1 106 1 7 1 7 1 1 1 1 12 10 1 1 12 9 1 1 1 1 1 1 1 1 12 10 1 1 12 10 1 1 1 100 10 1 8 1 1 12 10 1 12 10 1 12 10 12 10 1 1 1 100 12 10 1 1 1 100 1 1 12 10 1 1 1 1 1 12 9 1 1 7 1 12 10 1 1 12 9 1 1 3 3 3 1 3 1 3 1 1 1 1 1 1 100 1 1 1 1 1 1 1 1 1 1 1
staticfield org/jetbrains/kotlin/commonizer/core/ExtensionReceiverCommonizer$Commonized Companion Lorg/jetbrains/kotlin/commonizer/core/ExtensionReceiverCommonizer$Commonized$Companion; org/jetbrains/kotlin/commonizer/core/ExtensionReceiverCommonizer$Commonized$Companion
staticfield org/jetbrains/kotlin/commonizer/core/ExtensionReceiverCommonizer$Commonized NULL Lorg/jetbrains/kotlin/commonizer/core/ExtensionReceiverCommonizer$Commonized; org/jetbrains/kotlin/commonizer/core/ExtensionReceiverCommonizer$Commonized
ciInstanceKlass org/jetbrains/kotlin/commonizer/core/ExtensionReceiverCommonizer$Commonized$Companion 1 1 51 1 7 1 7 1 1 12 10 1 1 1 1 1 1 7 1 12 10 1 10 1 1 1 1 3 3 3 1 3 1 3 1 1 1 1 1 1 1 1 100 1 1 1 1 1 1 1 1 1 1
ciInstanceKlass org/jetbrains/kotlin/commonizer/core/FunctionOrPropertyBaseCommonizer$FunctionOrProperty 1 1 193 1 7 1 7 1 1 1 1 1 1 8 1 7 1 1 12 10 1 8 1 8 1 8 1 8 1 8 1 8 1 12 10 1 12 9 1 12 9 1 12 9 1 12 9 1 1 12 9 1 12 9 1 12 9 12 9 1 1 1 1 1 1 1 1 1 1 1 1 1 1 1 1 1 1 1 1 1 1 1 1 1 1 1 1 1 1 12 10 1 1 12 10 1 1 1 100 10 1 8 1 1 12 10 1 12 10 1 8 1 8 1 8 1 8 1 8 1 8 1 8 1 12 10 12 10 1 1 1 100 12 10 1 100 10 1 100 10 1 100 10 1 100 10 1 100 10 10 1 1 1 1 1 1 12 10 1 1 1 1 1 1 3 3 3 1 3 1 3 1 1 1 1 1 1 1 1 100 1 1 100 1 1 1 1 1 1 1 1 1 1 1 1
ciInstanceKlass  @bci org/jetbrains/kotlin/commonizer/core/ValueParameterListCommonizer <init> (Lorg/jetbrains/kotlin/commonizer/core/TypeCommonizer;)V 8 <appendix> member <vmtarget> ; 1 1 32 1 7 1 7 1 100 1 1 1 1 1 12 10 12 9 1 1 1 7 1 1 12 10 1 7 1 1 12 10 1 1
ciInstanceKlass org/jetbrains/kotlin/commonizer/core/ValueParameterCommonizer 1 1 162 1 7 1 1 7 1 1 1 1 8 1 7 1 1 12 10 1 12 10 1 7 1 7 1 1 12 10 1 12 9 1 1 12 9 1 12 9 1 1 1 1 1 1 1 7 1 1 12 9 1 7 1 1 12 10 1 1 12 9 8 1 1 12 10 1 7 1 1 12 11 1 7 1 1 12 9 1 7 1 1 12 10 1 100 1 100 1 1 1 8 1 1 12 10 1 1 12 10 1 12 10 12 10 1 1 1 1 8 1 12 10 1 7 1 1 12 10 1 12 10 1 12 11 1 1 1 12 10 1 12 10 1 12 10 1 1 1 3 3 3 1 3 1 3 1 1 1 1 1 1 1 1 1 1 1 1 1 1 1 1 1
ciMethod java/lang/Object <init> ()V 1024 0 14344131 0 80
ciMethod java/lang/Object equals (Ljava/lang/Object;)Z 514 0 265515 0 96
ciMethod java/lang/System arraycopy (Ljava/lang/Object;ILjava/lang/Object;II)V 256 0 128 0 -1
ciMethod java/util/Map get (Ljava/lang/Object;)Ljava/lang/Object; 0 0 1 0 -1
ciMethod java/util/Map put (Ljava/lang/Object;Ljava/lang/Object;)Ljava/lang/Object; 0 0 1 0 -1
ciMethod java/lang/invoke/DirectMethodHandle constructorMethod (Ljava/lang/Object;)Ljava/lang/Object; 514 0 996436 0 128
ciMethod java/lang/invoke/DirectMethodHandle allocateInstance (Ljava/lang/Object;)Ljava/lang/Object; 514 0 996436 0 400
ciMethod jdk/internal/misc/Unsafe allocateInstance (Ljava/lang/Class;)Ljava/lang/Object; 256 0 128 0 -1
ciMethod java/lang/Enum equals (Ljava/lang/Object;)Z 6376 0 49328 0 0
ciMethod java/lang/Iterable iterator ()Ljava/util/Iterator; 0 0 1 0 -1
ciMethod java/util/Collection size ()I 0 0 1 0 -1
ciMethod java/util/Collection isEmpty ()Z 0 0 1 0 -1
ciMethod java/util/Collection iterator ()Ljava/util/Iterator; 0 0 1 0 -1
ciMethod java/util/Collection toArray ()[Ljava/lang/Object; 0 0 1 0 -1
ciMethod java/util/Collection add (Ljava/lang/Object;)Z 0 0 1 0 -1
ciMethod java/util/List size ()I 0 0 1 0 -1
ciMethod java/util/List isEmpty ()Z 0 0 1 0 -1
ciMethod java/util/List add (Ljava/lang/Object;)Z 0 0 1 0 -1
ciMethod java/util/List addAll (Ljava/util/Collection;)Z 0 0 1 0 -1
ciMethod java/util/List get (I)Ljava/lang/Object; 0 0 1 0 -1
ciMethod java/util/ArrayList <init> (I)V 516 0 5534 0 872
ciMethod java/util/ArrayList <init> (Ljava/util/Collection;)V 4178 0 28165 0 -1
ciMethod java/util/ArrayList grow (I)[Ljava/lang/Object; 32 0 26604 0 1560
ciMethod java/util/ArrayList grow ()[Ljava/lang/Object; 30 0 435115 0 984
ciMethod java/util/ArrayList size ()I 256 0 128 0 0
ciMethod java/util/ArrayList isEmpty ()Z 512 0 154628 0 96
ciMethod java/util/ArrayList elementData (I)Ljava/lang/Object; 514 0 13983 0 136
ciMethod java/util/ArrayList get (I)Ljava/lang/Object; 514 0 9148 0 200
ciMethod java/util/ArrayList add (Ljava/lang/Object;[Ljava/lang/Object;I)V 294 0 1811621 0 0
ciMethod java/util/ArrayList add (Ljava/lang/Object;)Z 294 0 1811613 0 2064
ciMethod java/util/ArrayList addAll (Ljava/util/Collection;)Z 10 0 19718 0 536
ciMethod java/util/ArrayList iterator ()Ljava/util/Iterator; 516 0 270716 0 200
ciMethod java/util/AbstractList <init> ()V 68 0 1975620 0 88
ciMethod java/util/AbstractCollection <init> ()V 524 0 2405314 0 80
ciMethod java/lang/Integer valueOf (I)Ljava/lang/Integer; 592 0 1025674 0 208
ciMethod java/lang/Integer <init> (I)V 526 0 432270 0 -1
ciMethod java/lang/Integer intValue ()I 260 0 130 0 -1
ciMethod java/util/Iterator hasNext ()Z 0 0 1 0 -1
ciMethod java/util/Iterator next ()Ljava/lang/Object; 0 0 1 0 -1
ciMethod java/util/Objects checkIndex (II)I 514 0 14781 0 -1
ciMethod java/lang/Math max (II)I 754 0 88252 0 -1
ciMethod jdk/internal/util/Preconditions checkIndex (IILjava/util/function/BiFunction;)I 794 0 4660 0 -1
ciMethod java/util/Arrays copyOf ([Ljava/lang/Object;I)[Ljava/lang/Object; 60 0 95941 0 -1
ciMethod jdk/internal/util/ArraysSupport newLength (III)I 514 0 3068 0 -1
ciMethodData java/lang/Object <init> ()V 2 14343654 orig 80 0 0 0 0 0 0 0 0 0 0 0 0 0 0 0 0 0 0 0 0 0 0 0 0 0 0 0 0 0 0 0 0 0 0 0 0 0 0 0 0 0 0 0 0 0 0 0 0 0 0 0 0 0 0 0 0 0 0 0 0 0 0 0 0 0 0 0 0 0 0 0 0 0 0 0 0 0 0 0 0 data 4 0x0 0x9 0x1 0x0 oops 0 methods 0
ciMethod java/util/Collections singletonList (Ljava/lang/Object;)Ljava/util/List; 522 0 110483 0 -1
ciMethodData java/util/AbstractCollection <init> ()V 2 2405052 orig 80 0 0 0 0 0 0 0 0 0 0 0 0 187 1 0 0 0 0 0 0 0 0 0 0 0 0 0 0 0 0 0 0 0 0 0 0 0 0 0 0 0 0 0 0 0 0 0 0 0 0 0 0 0 0 0 0 0 0 0 0 0 0 0 0 0 0 0 0 0 0 0 0 0 0 0 0 0 0 0 0 data 7 0x10002 0x24b2bc 0x0 0x0 0x9 0x1 0x0 oops 0 methods 0
ciMethod java/util/LinkedHashMap <init> (I)V 1024 0 234540 0 -1
ciMethod java/lang/invoke/DirectMethodHandle$Holder newInvokeSpecial (Ljava/lang/Object;Ljava/lang/Object;)Ljava/lang/Object; 768 0 530166 0 -1
ciMethod kotlin/jvm/internal/Intrinsics checkNotNullExpressionValue (Ljava/lang/Object;Ljava/lang/String;)V 810 0 5527 0 -1
ciMethod kotlin/jvm/internal/Intrinsics checkNotNullParameter (Ljava/lang/Object;Ljava/lang/String;)V 566 0 33385055 0 104
ciMethod kotlin/jvm/internal/Intrinsics throwParameterIsNullNPE (Ljava/lang/String;)V 0 0 1 0 -1
ciMethod kotlin/jvm/internal/Intrinsics areEqual (Ljava/lang/Object;Ljava/lang/Object;)Z 512 0 3102890 0 128
ciMethod java/util/ArrayList$Itr <init> (Ljava/util/ArrayList;)V 514 0 325331 0 0
ciMethod java/util/ArrayList$Itr hasNext ()Z 512 0 325633 0 112
ciMethod java/util/ArrayList$Itr next ()Ljava/lang/Object; 516 0 5537 0 272
ciMethod java/util/ArrayList$Itr checkForComodification ()V 516 0 5538 0 0
ciMethod java/lang/invoke/Invokers$Holder linkToTargetMethod (Ljava/lang/Object;Ljava/lang/Object;)Ljava/lang/Object; 768 0 530130 0 -1
ciMethod kotlin/jvm/functions/Function1 invoke (Ljava/lang/Object;)Ljava/lang/Object; 0 0 1 0 -1
ciMethod kotlin/collections/CollectionsKt___CollectionsKt first (Ljava/util/List;)Ljava/lang/Object; 2156 0 65761 0 0
ciMethod kotlin/collections/CollectionsKt___CollectionsKt distinct (Ljava/lang/Iterable;)Ljava/util/List; 3800 0 58194 0 -1
ciMethodData java/util/ArrayList get (I)Ljava/lang/Object; 2 8891 orig 80 0 0 0 0 0 0 0 0 0 0 0 0 187 1 0 0 0 0 0 0 0 0 0 0 0 0 0 0 0 0 0 0 0 0 0 0 0 0 0 0 0 0 0 0 0 0 0 0 0 0 0 0 0 0 0 0 0 0 0 0 0 0 0 0 0 0 0 0 0 0 0 0 0 0 0 0 0 0 0 0 data 19 0x50002 0x22bb 0xb0005 0x0 0x0 0x1bb6783c1e8 0x22bb 0x0 0x0 0x0 0x0 0x0 0x0 0x0 0x0 0x9 0x2 0x0 0x0 oops 1 5 java/util/ArrayList methods 0
ciMethodData java/util/Objects checkIndex (II)I 2 14524 orig 80 0 0 0 0 0 0 0 0 0 0 0 0 187 1 0 0 0 0 0 0 0 0 0 0 0 0 0 0 0 0 0 0 0 0 0 0 0 0 0 0 0 0 0 0 0 0 0 0 0 0 0 0 0 0 0 0 0 0 0 0 0 0 0 0 0 0 0 0 0 0 0 0 0 0 0 0 0 0 0 0 data 12 0x30002 0x38bc 0x0 0x0 0x0 0x0 0x0 0x0 0x9 0x2 0x0 0x0 oops 0 methods 0
ciMethodData java/util/ArrayList elementData (I)Ljava/lang/Object; 2 13726 orig 80 0 0 0 0 0 0 0 0 0 0 0 0 187 1 0 0 0 0 0 0 0 0 0 0 0 0 0 0 0 0 0 0 0 0 0 0 0 0 0 0 0 0 0 0 0 0 0 0 0 0 0 0 0 0 0 0 0 0 0 0 0 0 0 0 0 0 0 0 0 0 0 0 0 0 0 0 0 0 0 0 data 8 0x0 0x0 0x0 0x0 0x9 0x2 0x0 0x0 oops 0 methods 0
ciMethodData java/util/ArrayList add (Ljava/lang/Object;)Z 2 1811478 orig 80 1 0 0 0 0 0 0 0 0 0 0 0 187 1 0 0 0 0 0 0 0 0 0 0 0 0 0 0 0 0 0 0 0 0 0 0 0 0 0 0 0 0 0 0 0 0 0 0 0 0 0 0 0 0 0 0 0 0 0 0 0 0 0 0 0 0 0 0 0 0 0 0 0 0 0 0 0 0 0 0 data 17 0x140005 0x1ba416 0x0 0x0 0x0 0x0 0x0 0x0 0x0 0x0 0x0 0x0 0x0 0x9 0x2 0xe 0x0 oops 0 methods 0
ciMethodData java/util/ArrayList add (Ljava/lang/Object;[Ljava/lang/Object;I)V 2 1811517 orig 80 0 0 0 0 0 0 0 0 0 0 0 0 187 1 0 0 0 0 0 0 0 0 0 0 0 0 0 0 0 0 0 0 0 0 0 0 0 0 0 0 0 0 0 0 0 0 0 0 0 0 0 0 0 0 0 0 0 0 0 0 0 0 0 0 0 0 0 0 0 0 0 0 0 0 0 0 0 0 0 0 data 30 0x30007 0x1500fa 0x58 0x6a343 0x70005 0x6a343 0x0 0x0 0x0 0x0 0x0 0xe0004 0x0 0x0 0x1bb67838818 0x471 0x1bb67838788 0x1685c 0x0 0x0 0x0 0x0 0x0 0x0 0x9 0x4 0xc 0x0 0xffffffffffffffff 0x0 oops 2 14 java/lang/Class 16 java/lang/String methods 0
ciMethodData java/util/ArrayList grow ()[Ljava/lang/Object; 2 436349 orig 80 0 0 0 0 0 0 0 0 0 0 0 0 187 1 0 0 0 0 0 0 0 0 0 0 0 0 0 0 0 0 0 0 0 0 0 0 0 0 0 0 0 0 0 0 0 0 0 0 0 0 0 0 0 0 0 0 0 0 0 0 0 0 0 0 0 0 0 0 0 0 0 0 0 0 0 0 0 0 0 0 data 16 0x70005 0x6a87d 0x0 0x0 0x0 0x0 0x0 0x0 0x0 0x0 0x0 0x0 0x0 0x9 0x1 0xc oops 0 methods 0
ciMethodData java/util/ArrayList grow (I)[Ljava/lang/Object; 2 26588 orig 80 0 0 0 0 0 0 0 0 0 0 0 0 187 1 0 0 0 0 0 0 0 0 0 0 0 0 0 0 0 0 0 0 0 0 0 0 0 0 0 1 0 0 0 0 0 0 0 0 0 0 0 0 0 0 0 0 0 0 0 0 0 0 0 0 0 0 0 0 0 0 0 0 0 0 0 0 0 0 0 0 data 24 0x70007 0x128 0x40 0x66b4 0x8000000600110007 0x62e0 0x40 0x3d5 0x1b0002 0x4fd 0x250002 0x4fd 0x310002 0x62e0 0x0 0x0 0x0 0x0 0x0 0x0 0x9 0x2 0xc 0x0 oops 0 methods 0
ciMethodData java/util/AbstractList <init> ()V 2 1975589 orig 80 0 0 0 0 0 0 0 0 0 0 0 0 187 1 0 0 0 0 0 0 0 0 0 0 0 0 0 0 0 0 0 0 0 0 0 0 0 0 0 0 0 0 0 0 0 0 0 0 0 0 0 0 0 0 0 0 0 0 0 0 0 0 0 0 0 0 0 0 0 0 0 0 0 0 0 0 0 0 0 0 data 9 0x10002 0x1e2525 0x0 0x0 0x0 0x0 0x9 0x1 0x6 oops 0 methods 0
ciMethodData java/util/ArrayList addAll (Ljava/util/Collection;)Z 2 19713 orig 80 0 0 0 0 0 0 0 0 0 0 0 0 187 1 0 0 0 0 0 0 0 0 0 0 0 0 0 0 0 0 0 0 0 0 0 0 0 0 0 0 0 0 0 0 0 0 0 0 0 0 0 0 0 0 0 0 0 0 0 0 0 0 0 0 0 0 0 0 0 0 0 0 0 0 0 0 0 0 0 0 data 34 0x10005 0x4cf4 0x0 0x1bb6c6e30d0 0xa 0x1bb6c6e3180 0x3 0x150007 0x25ee 0x20 0x2713 0x2b0007 0x25e5 0x58 0x9 0x330005 0x9 0x0 0x0 0x0 0x0 0x0 0x3f0002 0x25ee 0x0 0x0 0x0 0x0 0x0 0x0 0x9 0x2 0xe 0xffffffffffffffff oops 2 3 java/util/Collections$SingletonSet 5 java/util/LinkedHashSet methods 0
ciMethodData java/util/ArrayList$Itr hasNext ()Z 2 325377 orig 80 0 0 0 0 0 0 0 0 0 0 0 0 187 1 0 0 0 0 0 0 0 0 0 0 0 0 0 0 0 0 0 0 0 0 0 0 0 0 0 0 0 0 0 0 0 0 0 0 0 0 0 0 0 0 0 0 0 0 0 0 0 0 0 0 0 0 0 0 0 0 0 0 0 0 0 0 0 0 0 0 data 14 0xb0007 0x266bb 0x38 0x29046 0xf0003 0x29046 0x18 0x0 0x0 0x0 0x0 0x9 0x1 0x0 oops 0 methods 0
ciMethodData java/util/ArrayList$Itr next ()Ljava/lang/Object; 2 5279 orig 80 0 0 0 0 0 0 0 0 0 0 0 0 187 1 0 0 0 0 0 0 0 0 0 0 0 0 0 0 0 0 0 0 0 0 0 0 0 0 0 0 0 0 0 0 0 0 0 0 0 0 0 0 0 0 0 0 0 0 0 0 0 0 0 0 0 0 0 0 0 0 0 0 0 0 0 0 0 0 0 0 data 28 0x10005 0x149f 0x0 0x0 0x0 0x0 0x0 0x110007 0x149f 0x30 0x0 0x180002 0x0 0x270007 0x149f 0x30 0x0 0x2e0002 0x0 0x0 0x0 0x0 0x0 0x0 0x0 0x9 0x1 0x6 oops 0 methods 0
ciMethodData java/util/ArrayList$Itr checkForComodification ()V 2 5280 orig 80 0 0 0 0 0 0 0 0 0 0 0 0 187 1 0 0 0 0 0 0 0 0 0 0 0 0 0 0 0 0 0 0 0 0 0 0 0 0 0 0 0 0 0 0 0 0 0 0 0 0 0 0 0 0 0 0 0 0 0 0 0 0 0 0 0 0 0 0 0 0 0 0 0 0 0 0 0 0 0 0 data 13 0xb0007 0x14a0 0x30 0x0 0x120002 0x0 0x0 0x0 0x0 0x0 0x9 0x1 0x0 oops 0 methods 0
ciMethodData java/lang/Object equals (Ljava/lang/Object;)Z 2 265462 orig 80 0 0 0 0 0 0 0 0 0 0 0 0 187 1 0 0 0 0 0 0 0 0 0 0 0 0 0 0 0 0 0 0 0 0 0 0 0 0 0 0 0 0 0 0 0 0 0 0 0 0 0 0 0 0 0 0 0 0 0 0 0 0 0 0 0 0 0 0 0 0 0 0 0 0 0 0 0 0 0 0 data 17 0x20007 0x20b38 0x38 0x201be 0x60003 0x201be 0x18 0x0 0x0 0x0 0x0 0x0 0x0 0x9 0x2 0x0 0x0 oops 0 methods 0
ciMethodData java/util/ArrayList$Itr <init> (Ljava/util/ArrayList;)V 2 325089 orig 80 0 0 0 0 0 0 0 0 0 0 0 0 187 1 0 0 0 0 0 0 0 0 0 0 0 0 0 0 0 0 0 0 0 0 0 0 0 0 0 0 0 0 0 0 0 0 0 0 0 0 0 0 0 0 0 0 0 0 0 0 0 0 0 0 0 0 0 0 0 0 0 0 0 0 0 0 0 0 0 0 data 10 0x60002 0x4f5e1 0x0 0x0 0x0 0x0 0x9 0x2 0xc 0x0 oops 0 methods 0
ciMethodData java/util/ArrayList iterator ()Ljava/util/Iterator; 2 270462 orig 80 0 0 0 0 0 0 0 0 0 0 0 0 187 1 0 0 0 0 0 0 0 0 0 0 0 0 0 0 0 0 0 0 0 0 0 0 0 0 0 0 0 0 0 0 0 0 0 0 0 0 0 0 0 0 0 0 0 0 0 0 0 0 0 0 0 0 0 0 0 0 0 0 0 0 0 0 0 0 0 0 data 8 0x50002 0x4207e 0x0 0x0 0x0 0x9 0x1 0x0 oops 0 methods 0
ciMethodData java/util/ArrayList <init> (I)V 2 5276 orig 80 0 0 0 0 0 0 0 0 0 0 0 0 187 1 0 0 0 0 0 0 0 0 0 0 0 0 0 0 0 0 0 0 0 0 0 0 0 0 0 0 0 0 0 0 0 0 0 0 0 0 0 0 0 0 0 0 0 0 0 0 0 0 0 0 0 0 0 0 0 0 0 0 0 0 0 0 0 0 0 0 data 51 0x10002 0x149c 0x50007 0x76 0x38 0x1426 0x100003 0x1426 0x118 0x140007 0x0 0x38 0x76 0x1e0003 0x76 0xe0 0x290002 0x0 0x2e0005 0x0 0x0 0x0 0x0 0x0 0x0 0x320005 0x0 0x0 0x0 0x0 0x0 0x0 0x350005 0x0 0x0 0x0 0x0 0x0 0x0 0x380002 0x0 0x0 0x0 0x0 0x0 0x0 0x0 0x9 0x2 0xe 0x0 oops 0 methods 0
ciMethodData java/lang/invoke/DirectMethodHandle allocateInstance (Ljava/lang/Object;)Ljava/lang/Object; 2 996179 orig 80 0 0 0 0 0 0 0 0 0 0 0 0 187 1 0 0 0 0 0 0 0 0 0 0 0 0 0 0 0 0 0 0 0 0 0 0 0 0 0 0 0 0 0 0 0 0 0 0 0 0 0 0 0 0 0 0 0 0 0 0 0 0 0 0 0 0 0 0 0 0 0 0 0 0 0 0 0 0 0 0 data 23 0x10004 0x0 0x0 0x1bb679489b8 0x3e4b 0x0 0x0 0xc0005 0xf3353 0x0 0x0 0x0 0x0 0x0 0x0 0x0 0x0 0x0 0x0 0x0 0x9 0x1 0x0 oops 1 3 java/lang/invoke/DirectMethodHandle$Constructor methods 0
ciMethodData java/lang/invoke/DirectMethodHandle constructorMethod (Ljava/lang/Object;)Ljava/lang/Object; 2 996179 orig 80 0 0 0 0 0 0 0 0 0 0 0 0 187 1 0 0 0 0 0 0 0 0 0 0 0 0 0 0 0 0 0 0 0 0 0 0 0 0 0 0 0 0 0 0 0 0 0 0 0 0 0 0 0 0 0 0 0 0 0 0 0 0 0 0 0 0 0 0 0 0 0 0 0 0 0 0 0 0 0 0 data 16 0x10004 0x0 0x0 0x1bb679489b8 0x3e4b 0x0 0x0 0x0 0x0 0x0 0x0 0x0 0x0 0x9 0x1 0x0 oops 1 3 java/lang/invoke/DirectMethodHandle$Constructor methods 0
ciMethodData java/lang/invoke/Invokers$Holder linkToTargetMethod (Ljava/lang/Object;Ljava/lang/Object;)Ljava/lang/Object; 2 529754 orig 80 0 0 0 0 0 0 0 0 0 0 0 0 187 1 0 0 0 0 0 0 0 0 0 0 0 0 0 0 0 0 0 0 0 0 0 0 0 0 0 0 0 0 0 0 0 0 0 0 0 0 0 0 0 0 0 0 0 0 0 0 0 0 0 0 0 0 0 0 0 0 0 0 0 0 0 0 0 0 0 0 data 34 0x10004 0x0 0x0 0x1bb679489b8 0xf08 0x0 0x0 0x5000b 0x8155a 0x0 0x0 0x0 0x0 0x0 0x3 0x1 0x2 0x2 0x0 0x0 0x0 0x0 0x0 0x0 0x9 0x2 0x0 0x0 0xc 0x4 0x0 0x2 0x1 0x1bb679489b8 oops 2 3 java/lang/invoke/DirectMethodHandle$Constructor 33 java/lang/invoke/DirectMethodHandle$Constructor methods 0
ciMethodData java/lang/invoke/DirectMethodHandle$Holder newInvokeSpecial (Ljava/lang/Object;Ljava/lang/Object;)Ljava/lang/Object; 2 529782 orig 80 0 0 0 0 0 0 0 0 0 0 0 0 187 1 0 0 0 0 0 0 0 0 0 0 0 0 0 0 0 0 0 0 0 0 0 0 0 0 0 0 0 0 0 0 0 0 0 0 0 0 0 0 0 0 0 0 0 0 0 0 0 0 0 0 0 0 0 0 0 0 0 0 0 0 0 0 0 0 0 0 data 42 0x1000a 0x81576 0x3 0x0 0x1bb679489b8 0x2 0x6000a 0x81576 0x3 0x0 0x1bb679489b8 0x1bb6783aef8 0xd0004 0x0 0x0 0x0 0x0 0x0 0x0 0x10000a 0x81576 0x4 0x0 0x2 0x1 0x2 0x0 0x0 0x0 0x0 0x0 0x0 0x9 0x2 0x0 0x0 0xc 0x4 0x0 0x1bb679489b8 0x1 0x2 oops 4 4 java/lang/invoke/DirectMethodHandle$Constructor 10 java/lang/invoke/DirectMethodHandle$Constructor 11 java/lang/invoke/MemberName 39 java/lang/invoke/DirectMethodHandle$Constructor methods 0
ciMethodData java/util/ArrayList isEmpty ()Z 2 154375 orig 80 0 0 0 0 0 0 0 0 0 0 0 0 187 1 0 0 0 0 0 0 0 0 0 0 0 0 0 0 0 0 0 0 0 0 0 0 0 0 0 0 0 0 0 0 0 0 0 0 0 0 0 0 0 0 0 0 0 0 0 0 0 0 0 0 0 0 0 0 0 0 0 0 0 0 0 0 0 0 0 0 data 13 0x40007 0x137b1 0x38 0x12356 0x80003 0x12356 0x18 0x0 0x0 0x0 0x9 0x1 0x0 oops 0 methods 0
ciMethod kotlin/collections/CollectionsKt___CollectionsKt plus (Ljava/util/Collection;Ljava/lang/Iterable;)Ljava/util/List; 1024 0 16165 0 2352
ciMethod kotlin/collections/CollectionsKt__MutableCollectionsKt addAll (Ljava/util/Collection;Ljava/lang/Iterable;)Z 512 0 5395 0 -1
ciMethod kotlin/collections/CollectionsKt__IterablesKt collectionSizeOrDefault (Ljava/lang/Iterable;I)I 356 0 1092194 0 232
ciMethod kotlin/collections/CollectionsKt__CollectionsKt emptyList ()Ljava/util/List; 376 0 813550 0 88
ciMethod kotlin/collections/CollectionsKt__CollectionsKt listOfNotNull (Ljava/lang/Object;)Ljava/util/List; 452 0 29000 0 0
ciMethod kotlin/collections/CollectionsKt__CollectionsJVMKt listOf (Ljava/lang/Object;)Ljava/util/List; 2552 0 41313 0 0
ciMethod kotlin/collections/CollectionsKt__CollectionsJVMKt createListBuilder ()Ljava/util/List; 4180 0 66842 0 -1
ciMethod kotlin/collections/CollectionsKt__CollectionsJVMKt build (Ljava/util/List;)Ljava/util/List; 182936 0 200486 0 -1
ciMethod kotlin/collections/MapsKt__MapsJVMKt mapCapacity (I)I 1024 0 23040 0 -1
ciMethod kotlin/ranges/RangesKt___RangesKt coerceAtLeast (II)I 4294 0 171396 0 -1
ciMethodData kotlin/jvm/internal/Intrinsics checkNotNullParameter (Ljava/lang/Object;Ljava/lang/String;)V 2 33385632 orig 80 0 0 0 0 0 0 0 0 0 0 0 0 187 1 0 0 0 0 0 0 0 0 0 0 0 0 0 0 0 0 0 0 0 0 0 0 0 0 0 0 0 0 0 0 0 0 0 0 0 0 0 0 0 0 0 0 0 0 0 0 0 0 0 0 0 0 0 0 0 0 0 0 0 0 0 0 0 0 0 0 data 16 0x10007 0x1fd6ca0 0x30 0x0 0x50002 0x0 0x0 0x0 0x0 0x0 0x0 0x0 0x9 0x2 0x0 0xffffffffffffffff oops 0 methods 0
ciMethod kotlin/collections/EmptyList getSize ()I 274 0 6337 0 0
ciMethod kotlin/collections/EmptyList size ()I 4096 0 8251 0 80
ciMethod kotlin/collections/EmptyList toArray ()[Ljava/lang/Object; 1024 0 30723 0 88
ciMethodData kotlin/jvm/internal/Intrinsics areEqual (Ljava/lang/Object;Ljava/lang/Object;)Z 2 3107065 orig 80 0 0 0 0 0 0 0 0 0 0 0 0 187 1 0 0 0 0 0 0 0 0 0 0 0 0 0 0 0 0 0 0 0 0 0 0 0 0 0 0 0 0 0 0 0 0 0 0 0 0 0 0 0 0 0 0 0 0 0 0 0 0 0 0 0 0 0 0 0 0 0 0 0 0 0 0 0 0 0 0 data 31 0x10007 0x2d97d0 0x70 0x1d129 0x50007 0x9428 0x38 0x13d01 0x90003 0x13d01 0x68 0xd0003 0x9428 0x50 0x120005 0x2c4425 0x0 0x1bb6d6f1168 0x814 0x1bb67838788 0x5d47 0x0 0x0 0x0 0x0 0x0 0x0 0x9 0x2 0xffffffffffffffff 0xffffffffffffffff oops 2 17 org/jetbrains/kotlin/library/KlibFormat$Directory 19 java/lang/String methods 0
ciMethodData kotlin/collections/CollectionsKt__IterablesKt collectionSizeOrDefault (Ljava/lang/Iterable;I)I 2 1093887 orig 80 0 0 0 0 0 0 0 0 0 0 0 0 187 1 0 0 0 0 0 0 0 0 0 0 0 0 0 0 0 0 0 0 0 0 0 0 0 0 0 0 0 0 0 0 0 0 0 0 0 0 0 0 0 0 0 0 0 0 0 0 0 0 0 0 0 0 0 0 0 0 0 0 0 0 0 0 0 0 0 0 data 40 0x30002 0x10b0fc 0x70004 0xfffffffffffff731 0x0 0x1bb6783c1e8 0xa169f 0x1bb6d59b608 0x3 0xa0007 0x8cf 0xa8 0x10a82d 0xe0004 0x0 0x0 0x1bb6783c1e8 0xa169f 0x1bb6d59b608 0x3 0x110005 0x5dbe3 0x0 0x1bb6783c1e8 0xacc47 0x1bb6d59b608 0x3 0x160003 0x10a82d 0x18 0x0 0x0 0x0 0x0 0x0 0x0 0x9 0x2 0xffffffffffffffff 0x0 oops 6 5 java/util/ArrayList 7 java/util/Arrays$ArrayList 16 java/util/ArrayList 18 java/util/Arrays$ArrayList 23 java/util/ArrayList 25 java/util/Arrays$ArrayList methods 0
ciMethodData kotlin/collections/CollectionsKt__CollectionsKt emptyList ()Ljava/util/List; 2 813678 orig 80 0 0 0 0 0 0 0 0 0 0 0 0 187 1 0 0 0 0 0 0 0 0 0 0 0 0 0 0 0 0 0 0 0 0 0 0 0 0 0 0 0 0 0 0 0 0 0 0 0 0 0 0 0 0 0 0 0 0 0 0 0 0 0 0 0 0 0 0 0 0 0 0 0 0 0 0 0 0 0 0 data 15 0x30004 0x0 0x0 0x1bb6d62c578 0x42 0x0 0x0 0x0 0x0 0x0 0x0 0x0 0x0 0x9 0x0 oops 1 3 kotlin/collections/EmptyList methods 0
ciMethodData kotlin/collections/CollectionsKt__CollectionsJVMKt listOf (Ljava/lang/Object;)Ljava/util/List; 2 40037 orig 80 0 0 0 0 0 0 0 0 0 0 0 0 187 1 0 0 0 0 0 0 0 0 0 0 0 0 0 0 0 0 0 0 0 0 0 0 0 0 0 0 0 0 0 0 0 0 0 0 0 0 0 0 0 0 0 0 0 0 0 0 0 0 0 0 0 0 0 0 0 0 0 0 0 0 0 0 0 0 0 0 data 13 0x10002 0x9c65 0x70002 0x9c65 0x0 0x0 0x0 0x0 0x0 0x0 0x9 0x1 0x0 oops 0 methods 0
ciMethod org/jetbrains/kotlin/commonizer/TargetDependent getTargets ()Ljava/util/List; 0 0 1 0 -1
ciMethod org/jetbrains/kotlin/commonizer/FactoryBasedTargetDependent getTargets ()Ljava/util/List; 262 0 131 0 0
ciMethod org/jetbrains/kotlin/commonizer/cir/CirHasVisibility getVisibility ()Lorg/jetbrains/kotlin/descriptors/Visibility; 0 0 1 0 -1
ciMethodData java/lang/Enum equals (Ljava/lang/Object;)Z 2 48867 orig 80 0 0 0 0 0 0 0 0 0 0 0 0 187 1 0 0 0 0 0 0 0 0 0 0 0 0 0 0 0 0 0 0 0 0 0 0 0 0 0 0 0 0 0 0 0 0 0 0 0 0 0 0 0 0 0 0 0 0 0 0 0 0 0 0 0 0 0 0 0 0 0 0 0 0 0 0 0 0 0 0 data 17 0x20007 0x1 0x38 0xbee2 0x60003 0xbee2 0x18 0x0 0x0 0x0 0x0 0x0 0x0 0x9 0x2 0x0 0x0 oops 0 methods 0
ciMethod org/jetbrains/kotlin/descriptors/Visibility compareTo (Lorg/jetbrains/kotlin/descriptors/Visibility;)Ljava/lang/Integer; 1024 0 44228 0 0
ciMethodData kotlin/collections/CollectionsKt___CollectionsKt plus (Ljava/util/Collection;Ljava/lang/Iterable;)Ljava/util/List; 2 15653 orig 80 1 0 0 0 0 0 0 0 0 0 0 0 0 0 0 0 0 0 0 0 4 0 0 0 0 0 0 0 0 0 0 0 0 0 0 0 0 0 0 0 0 0 0 0 0 0 0 0 0 0 0 0 0 0 0 0 0 0 0 0 0 0 0 0 0 0 0 0 0 0 0 0 0 0 0 0 0 0 0 0 data 94 0x30002 0x3d26 0xa0002 0x3d26 0x80000004000e0004 0x0 0x0 0x1bb6783c1e8 0x3cb5 0x1bb6e3ea210 0x2 0x110007 0x0 0x1b8 0x3d2a 0x190005 0x2 0x0 0x1bb6783c1e8 0x3cff 0x1bb6d62c578 0x29 0x1f0004 0x0 0x0 0x1bb6783c1e8 0x3cb5 0x1bb6e3ea210 0x2 0x220005 0x73 0x0 0x1bb6783c1e8 0x3cb5 0x1bb6e3ea210 0x2 0x280002 0x3d2a 0x2e0005 0x0 0x0 0x1bb6783c1e8 0x3d2a 0x0 0x0 0x340004 0x0 0x0 0x1bb6783c1e8 0x3cb5 0x1bb6e3ea210 0x2 0x370005 0x0 0x0 0x1bb6783c1e8 0x3d2a 0x0 0x0 0x3c0004 0x0 0x0 0x1bb6783c1e8 0xa3 0x0 0x0 0x450002 0x0 0x4a0004 0x0 0x0 0x0 0x0 0x0 0x0 0x4e0002 0x0 0x530004 0x0 0x0 0x0 0x0 0x0 0x0 0x0 0x0 0x0 0x0 0x0 0x0 0x9 0x2 0xffffffffffffffff 0xffffffffffffffff oops 13 7 java/util/ArrayList 9 java/util/Collections$SingletonList 18 java/util/ArrayList 20 kotlin/collections/EmptyList 25 java/util/ArrayList 27 java/util/Collections$SingletonList 32 java/util/ArrayList 34 java/util/Collections$SingletonList 41 java/util/ArrayList 48 java/util/ArrayList 50 java/util/Collections$SingletonList 55 java/util/ArrayList 62 java/util/ArrayList methods 0
ciMethodData kotlin/collections/EmptyList size ()I 2 6203 orig 80 0 0 0 0 0 0 0 0 0 0 0 0 187 1 0 0 0 0 0 0 0 0 0 0 0 0 0 0 0 0 0 0 0 0 0 0 0 0 0 0 0 0 0 0 0 0 0 0 0 0 0 0 0 0 0 0 0 0 0 0 0 0 0 0 0 0 0 0 0 0 0 0 0 0 0 0 0 0 0 0 data 16 0x10005 0x183b 0x0 0x0 0x0 0x0 0x0 0x0 0x0 0x0 0x0 0x0 0x0 0x9 0x1 0x0 oops 0 methods 0
ciMethodData kotlin/collections/EmptyList getSize ()I 2 6200 orig 80 0 0 0 0 0 0 0 0 0 0 0 0 187 1 0 0 0 0 0 0 0 0 0 0 0 0 0 0 0 0 0 0 0 0 0 0 0 0 0 0 0 0 0 0 0 0 0 0 0 0 0 0 0 0 0 0 0 0 0 0 0 0 0 0 0 0 0 0 0 0 0 0 0 0 0 0 0 0 0 0 data 4 0x0 0x9 0x1 0x0 oops 0 methods 0
ciMethod org/jetbrains/kotlin/commonizer/cir/CirClassOrTypeAliasType getClassifierId ()Lorg/jetbrains/kotlin/commonizer/cir/CirEntityId; 0 0 1 0 -1
ciMethod kotlin/jvm/internal/CollectionToArray toArray (Ljava/util/Collection;)[Ljava/lang/Object; 1024 0 30723 0 136
ciMethod org/jetbrains/kotlin/commonizer/cir/CirAnnotation getType ()Lorg/jetbrains/kotlin/commonizer/cir/CirClassType; 0 0 1 0 -1
ciMethod org/jetbrains/kotlin/commonizer/cir/CirHasModality getModality ()Lorg/jetbrains/kotlin/descriptors/Modality; 0 0 1 0 -1
ciMethod org/jetbrains/kotlin/commonizer/cir/CirFunctionOrProperty getExtensionReceiver ()Lorg/jetbrains/kotlin/commonizer/cir/CirExtensionReceiver; 0 0 1 0 -1
ciMethod org/jetbrains/kotlin/commonizer/cir/CirFunctionOrProperty getReturnType ()Lorg/jetbrains/kotlin/commonizer/cir/CirType; 0 0 1 0 -1
ciMethod org/jetbrains/kotlin/commonizer/cir/CirFunctionOrProperty getKind ()Lorg/jetbrains/kotlin/commonizer/cir/CirFunctionOrProperty$Kind; 0 0 1 0 -1
ciMethod org/jetbrains/kotlin/commonizer/cir/CirFunctionOrProperty isVirtual ()Z 4106 0 33561 0 0
ciMethod org/jetbrains/kotlin/commonizer/cir/CirFunctionOrProperty getAnnotations ()Ljava/util/List; 0 0 1 0 -1
ciMethod org/jetbrains/kotlin/commonizer/cir/CirFunctionOrProperty getName ()Lorg/jetbrains/kotlin/commonizer/cir/CirName; 0 0 1 0 -1
ciMethod org/jetbrains/kotlin/commonizer/cir/CirFunctionOrProperty getTypeParameters ()Ljava/util/List; 0 0 1 0 -1
ciMethod org/jetbrains/kotlin/commonizer/cir/CirFunctionOrProperty getVisibility ()Lorg/jetbrains/kotlin/descriptors/Visibility; 0 0 1 0 -1
ciMethod org/jetbrains/kotlin/commonizer/cir/CirFunctionOrProperty getModality ()Lorg/jetbrains/kotlin/descriptors/Modality; 0 0 1 0 -1
ciMethod org/jetbrains/kotlin/commonizer/cir/CirFunctionOrProperty getContainingClass ()Lorg/jetbrains/kotlin/commonizer/cir/CirContainingClass; 0 0 1 0 -1
ciMethod org/jetbrains/kotlin/commonizer/cir/CirProperty getAnnotations ()Ljava/util/List; 288 0 144 0 0
ciMethod org/jetbrains/kotlin/commonizer/cir/CirProperty getName ()Lorg/jetbrains/kotlin/commonizer/cir/CirName; 564 0 282 0 0
ciMethod org/jetbrains/kotlin/commonizer/cir/CirProperty getTypeParameters ()Ljava/util/List; 312 0 156 0 0
ciMethod org/jetbrains/kotlin/commonizer/cir/CirProperty getVisibility ()Lorg/jetbrains/kotlin/descriptors/Visibility; 292 0 146 0 0
ciMethod org/jetbrains/kotlin/commonizer/cir/CirProperty getModality ()Lorg/jetbrains/kotlin/descriptors/Modality; 284 0 142 0 0
ciMethod org/jetbrains/kotlin/commonizer/cir/CirProperty getContainingClass ()Lorg/jetbrains/kotlin/commonizer/cir/CirContainingClass; 256 0 128 0 0
ciMethod org/jetbrains/kotlin/commonizer/cir/CirProperty getExtensionReceiver ()Lorg/jetbrains/kotlin/commonizer/cir/CirExtensionReceiver; 592 0 296 0 0
ciMethod org/jetbrains/kotlin/commonizer/cir/CirProperty getReturnType ()Lorg/jetbrains/kotlin/commonizer/cir/CirType; 276 0 138 0 0
ciMethod org/jetbrains/kotlin/commonizer/cir/CirProperty getKind ()Lorg/jetbrains/kotlin/commonizer/cir/CirFunctionOrProperty$Kind; 276 0 138 0 0
ciMethod org/jetbrains/kotlin/commonizer/cir/CirProperty isVar ()Z 276 0 138 0 -1
ciMethod org/jetbrains/kotlin/commonizer/cir/CirFunction getAnnotations ()Ljava/util/List; 864 0 432 0 0
ciMethod org/jetbrains/kotlin/commonizer/cir/CirFunction getName ()Lorg/jetbrains/kotlin/commonizer/cir/CirName; 850 0 425 0 0
ciMethod org/jetbrains/kotlin/commonizer/cir/CirFunction getTypeParameters ()Ljava/util/List; 272 0 136 0 0
ciMethod org/jetbrains/kotlin/commonizer/cir/CirFunction getVisibility ()Lorg/jetbrains/kotlin/descriptors/Visibility; 314 0 157 0 0
ciMethod org/jetbrains/kotlin/commonizer/cir/CirFunction getModality ()Lorg/jetbrains/kotlin/descriptors/Modality; 314 0 157 0 0
ciMethod org/jetbrains/kotlin/commonizer/cir/CirFunction getContainingClass ()Lorg/jetbrains/kotlin/commonizer/cir/CirContainingClass; 306 0 153 0 0
ciMethod org/jetbrains/kotlin/commonizer/cir/CirFunction getExtensionReceiver ()Lorg/jetbrains/kotlin/commonizer/cir/CirExtensionReceiver; 858 0 429 0 0
ciMethod org/jetbrains/kotlin/commonizer/cir/CirFunction getReturnType ()Lorg/jetbrains/kotlin/commonizer/cir/CirType; 288 0 144 0 0
ciMethod org/jetbrains/kotlin/commonizer/cir/CirFunction getKind ()Lorg/jetbrains/kotlin/commonizer/cir/CirFunctionOrProperty$Kind; 264 0 132 0 0
ciMethod org/jetbrains/kotlin/commonizer/cir/CirContainingClass getKind ()Lorg/jetbrains/kotlin/descriptors/ClassKind; 0 0 1 0 -1
ciMethod org/jetbrains/kotlin/commonizer/cir/CirClassImpl getModality ()Lorg/jetbrains/kotlin/descriptors/Modality; 268 0 134 0 0
ciMethod org/jetbrains/kotlin/commonizer/cir/CirClassImpl getKind ()Lorg/jetbrains/kotlin/descriptors/ClassKind; 268 0 134 0 0
ciMethod org/jetbrains/kotlin/commonizer/cir/CirExtensionReceiver <init> (Ljava/util/List;Lorg/jetbrains/kotlin/commonizer/cir/CirType;)V 708 0 3705 0 -1
ciMethod org/jetbrains/kotlin/commonizer/cir/CirExtensionReceiver getType ()Lorg/jetbrains/kotlin/commonizer/cir/CirType; 316 0 158 0 -1
ciMethod org/jetbrains/kotlin/commonizer/mergedtree/CirKnownClassifiers getClassifierIndices ()Lorg/jetbrains/kotlin/commonizer/TargetDependent; 344 0 172 0 0
ciMethod org/jetbrains/kotlin/commonizer/core/Commonizer getResult ()Ljava/lang/Object; 0 0 1 0 -1
ciMethod org/jetbrains/kotlin/commonizer/core/Commonizer commonizeWith (Ljava/lang/Object;)Z 0 0 1 0 -1
ciMethodData kotlin/collections/EmptyList toArray ()[Ljava/lang/Object; 2 30211 orig 80 0 0 0 0 0 0 0 0 0 0 0 0 0 0 0 0 0 0 0 0 0 0 0 0 0 0 0 0 0 0 0 0 0 0 0 0 0 0 0 0 0 0 0 0 0 0 0 0 0 0 0 0 0 0 0 0 0 0 0 0 0 0 0 0 0 0 0 0 0 0 0 0 0 0 0 0 0 0 0 0 data 18 0x10004 0x0 0x0 0x1bb6d62c578 0x9c 0x0 0x0 0x40002 0x7604 0x0 0x0 0x0 0x0 0x0 0x0 0x9 0x1 0x0 oops 1 3 kotlin/collections/EmptyList methods 0
ciMethodData kotlin/jvm/internal/CollectionToArray toArray (Ljava/util/Collection;)[Ljava/lang/Object; 2 30211 orig 80 0 0 0 0 0 0 0 0 0 0 0 0 0 0 0 0 0 0 0 0 0 0 0 0 0 0 0 0 0 0 0 0 0 0 0 0 0 0 0 0 0 0 0 0 0 0 0 0 0 0 0 0 0 0 0 0 0 0 0 0 0 0 0 0 0 0 0 0 0 0 0 0 0 0 0 0 0 0 0 0 data 113 0x30002 0x7604 0xc0005 0x0 0x0 0x1bb6d62c578 0x7604 0x0 0x0 0x130007 0x0 0x38 0x7604 0x1c0003 0x7604 0x2d8 0x200005 0x0 0x0 0x0 0x0 0x0 0x0 0x290005 0x0 0x0 0x0 0x0 0x0 0x0 0x2e0007 0x0 0x38 0x0 0x370003 0x0 0x230 0x540005 0x0 0x0 0x0 0x0 0x0 0x0 0x590004 0x0 0x0 0x0 0x0 0x0 0x0 0x5f0007 0x0 0x118 0x0 0x640005 0x0 0x0 0x0 0x0 0x0 0x0 0x690007 0x0 0x38 0x0 0x6e0003 0x0 0x130 0x7f0007 0x0 0x50 0x0 0x860007 0x0 0x30 0x0 0x8d0002 0x0 0x990002 0x0 0x9f0002 0x0 0xa40003 0x0 0xfffffffffffffe90 0xa90005 0x0 0x0 0x0 0x0 0x0 0x0 0xae0007 0x0 0xfffffffffffffe40 0x0 0xc00002 0x0 0xc60002 0x0 0xc90003 0x0 0x18 0x0 0x0 0x0 0x0 0x0 0x0 0x9 0x1 0x0 oops 1 5 kotlin/collections/EmptyList methods 0
ciMethodData kotlin/collections/CollectionsKt___CollectionsKt first (Ljava/util/List;)Ljava/lang/Object; 2 64971 orig 80 0 0 0 0 0 0 0 0 0 0 0 0 187 1 0 0 0 0 0 0 0 0 0 0 0 0 0 0 0 0 0 0 0 0 0 0 0 0 0 0 0 0 0 0 0 0 0 0 0 0 0 0 0 0 0 0 0 0 0 0 0 0 0 0 0 0 0 0 0 0 0 0 0 0 0 0 0 0 0 0 data 31 0x30002 0xfdcb 0x70005 0x0 0x0 0x1bb6783c1e8 0xfdcb 0x0 0x0 0xc0007 0xfdcb 0x30 0x0 0x150002 0x0 0x1b0005 0x0 0x0 0x1bb6783c1e8 0xfdcb 0x0 0x0 0x0 0x0 0x0 0x0 0x0 0x0 0x9 0x1 0x0 oops 2 5 java/util/ArrayList 18 java/util/ArrayList methods 0
ciMethod org/jetbrains/kotlin/commonizer/core/CommonizerKt commonize (Lorg/jetbrains/kotlin/commonizer/core/Commonizer;Ljava/util/List;)Ljava/lang/Object; 4174 8288 21569 0 1680
ciMethod org/jetbrains/kotlin/commonizer/core/CommonizerKt failInEmptyState (Lorg/jetbrains/kotlin/commonizer/core/Commonizer;)Ljava/lang/Void; 0 0 1 0 -1
ciMethod org/jetbrains/kotlin/commonizer/core/CommonizerKt failInErrorState (Lorg/jetbrains/kotlin/commonizer/core/Commonizer;)Ljava/lang/Void; 0 0 1 0 -1
ciMethod org/jetbrains/kotlin/commonizer/core/FunctionOrPropertyBaseCommonizer invoke (Ljava/util/List;)Lorg/jetbrains/kotlin/commonizer/core/FunctionOrPropertyBaseCommonizer$FunctionOrProperty; 4222 63330 23158 0 -1
ciMethod org/jetbrains/kotlin/commonizer/core/TypeCommonizer getContext ()Lorg/jetbrains/kotlin/commonizer/core/TypeCommonizer$Context; 262 0 131 0 -1
ciMethod org/jetbrains/kotlin/commonizer/core/TypeCommonizer invoke (Ljava/util/List;)Lorg/jetbrains/kotlin/commonizer/cir/CirType; 4264 8528 32042 0 -1
ciMethod org/jetbrains/kotlin/commonizer/core/TypeCommonizer withContext (Lorg/jetbrains/kotlin/commonizer/core/TypeCommonizer$Context;)Lorg/jetbrains/kotlin/commonizer/core/TypeCommonizer; 4096 0 30354 0 -1
ciMethod org/jetbrains/kotlin/commonizer/core/TypeCommonizer$Context withCovariantNullabilityCommonizationEnabled (Z)Lorg/jetbrains/kotlin/commonizer/core/TypeCommonizer$Context; 4272 0 23627 0 -1
ciMethod org/jetbrains/kotlin/commonizer/core/AssociativeCommonizer commonize (Ljava/lang/Object;Ljava/lang/Object;)Ljava/lang/Object; 0 0 1 0 -1
ciMethod org/jetbrains/kotlin/commonizer/core/ExtensionReceiverCommonizer invoke (Ljava/util/List;)Lorg/jetbrains/kotlin/commonizer/core/ExtensionReceiverCommonizer$Commonized; 422 876 42594 0 -1
ciMethod org/jetbrains/kotlin/commonizer/core/ReturnTypeCommonizer invoke (Ljava/util/List;)Lorg/jetbrains/kotlin/commonizer/cir/CirType; 4282 18400 23627 0 -1
ciMethod org/jetbrains/kotlin/commonizer/core/AssociativeCommonizerKt commonize (Lorg/jetbrains/kotlin/commonizer/core/AssociativeCommonizer;Ljava/util/List;)Ljava/lang/Object; 4200 4200 54124 0 0
ciMethod org/jetbrains/kotlin/commonizer/core/AbstractListCommonizer <init> (Lkotlin/jvm/functions/Function1;)V 6824 0 160128 0 0
ciMethod org/jetbrains/kotlin/commonizer/core/AbstractListCommonizer getResult ()Ljava/util/List; 4206 752 64316 0 1168
ciMethod org/jetbrains/kotlin/commonizer/core/AbstractListCommonizer commonizeWith (Ljava/util/List;)Z 4136 940 18516 0 2512
ciMethod org/jetbrains/kotlin/commonizer/core/AbstractListCommonizer getResult ()Ljava/lang/Object; 4854 0 56214 0 1168
ciMethod org/jetbrains/kotlin/commonizer/core/AbstractListCommonizer commonizeWith (Ljava/lang/Object;)Z 4132 0 107908 0 232
ciMethod org/jetbrains/kotlin/commonizer/core/TypeParameterListCommonizer <init> (Lorg/jetbrains/kotlin/commonizer/core/TypeCommonizer;)V 4342 0 60948 0 0
ciMethod  @bci org/jetbrains/kotlin/commonizer/core/TypeParameterListCommonizer <init> (Lorg/jetbrains/kotlin/commonizer/core/TypeCommonizer;)V 8 <appendix> member <vmtarget> ; <init> (Lorg/jetbrains/kotlin/commonizer/core/TypeCommonizer;)V 830 0 59874 0 0
ciMethod org/jetbrains/kotlin/commonizer/core/ModalityCommonizer <init> ()V 1080 0 41362 0 0
ciMethod org/jetbrains/kotlin/commonizer/core/ModalityCommonizer getResult ()Lorg/jetbrains/kotlin/descriptors/Modality; 4126 0 34350 0 136
ciMethod org/jetbrains/kotlin/commonizer/core/ModalityCommonizer commonizeWith (Lorg/jetbrains/kotlin/descriptors/Modality;)Z 4132 0 59824 0 528
ciMethod org/jetbrains/kotlin/commonizer/core/ModalityCommonizer getResult ()Ljava/lang/Object; 4102 0 21802 0 136
ciMethod org/jetbrains/kotlin/commonizer/core/ModalityCommonizer commonizeWith (Ljava/lang/Object;)Z 4304 0 41318 0 552
ciMethod org/jetbrains/kotlin/commonizer/core/VisibilityCommonizer <init> ()V 2372 0 60594 0 0
ciMethod org/jetbrains/kotlin/commonizer/core/VisibilityCommonizer getResult ()Lorg/jetbrains/kotlin/descriptors/Visibility; 4130 0 45183 0 152
ciMethod org/jetbrains/kotlin/commonizer/core/VisibilityCommonizer commonizeWith (Lorg/jetbrains/kotlin/commonizer/cir/CirHasVisibility;)Z 4158 0 80046 0 0
ciMethod org/jetbrains/kotlin/commonizer/core/VisibilityCommonizer canBeCommonized (Lorg/jetbrains/kotlin/commonizer/cir/CirHasVisibility;)Z 0 0 1 0 -1
ciMethod org/jetbrains/kotlin/commonizer/core/VisibilityCommonizer getNext (Lorg/jetbrains/kotlin/descriptors/Visibility;Lorg/jetbrains/kotlin/descriptors/Visibility;)Lorg/jetbrains/kotlin/descriptors/Visibility; 0 0 1 0 -1
ciMethod org/jetbrains/kotlin/commonizer/core/VisibilityCommonizer getResult ()Ljava/lang/Object; 4104 0 27571 0 152
ciMethod org/jetbrains/kotlin/commonizer/core/VisibilityCommonizer commonizeWith (Ljava/lang/Object;)Z 4104 0 55561 0 0
ciMethod org/jetbrains/kotlin/commonizer/core/VisibilityCommonizer$Companion lowering ()Lorg/jetbrains/kotlin/commonizer/core/VisibilityCommonizer; 450 0 28998 0 0
ciMethod org/jetbrains/kotlin/commonizer/core/AnnotationsCommonizer commonize (Ljava/util/List;Ljava/util/List;)Ljava/util/List; 4258 9284 52095 0 -1
ciMethod org/jetbrains/kotlin/commonizer/core/AnnotationsCommonizer commonizedObjcCallableAnnotation (Ljava/util/List;Ljava/util/List;)Ljava/util/List; 4276 19354 63008 0 -1
ciMethod org/jetbrains/kotlin/commonizer/core/AnnotationsCommonizer commonizedSimpleAnnotations (Ljava/util/Map;Ljava/util/Map;)Ljava/util/List; 4134 4086 52098 0 -1
ciMethod org/jetbrains/kotlin/commonizer/core/AnnotationsCommonizer commonizedDeprecatedAnnotation (Ljava/util/Map;Ljava/util/Map;)Lorg/jetbrains/kotlin/commonizer/cir/CirAnnotation; 4286 0 49319 0 -1
ciMethod org/jetbrains/kotlin/commonizer/core/AnnotationsCommonizer commonize (Ljava/lang/Object;Ljava/lang/Object;)Ljava/lang/Object; 4280 0 41782 0 360
ciMethod org/jetbrains/kotlin/commonizer/core/LoweringVisibilityCommonizer <init> ()V 450 0 29290 0 0
ciMethod org/jetbrains/kotlin/commonizer/core/LoweringVisibilityCommonizer canBeCommonized (Lorg/jetbrains/kotlin/commonizer/cir/CirHasVisibility;)Z 4152 0 53711 0 0
ciMethod org/jetbrains/kotlin/commonizer/core/LoweringVisibilityCommonizer getNext (Lorg/jetbrains/kotlin/descriptors/Visibility;Lorg/jetbrains/kotlin/descriptors/Visibility;)Lorg/jetbrains/kotlin/descriptors/Visibility; 4130 0 25021 0 232
ciMethod org/jetbrains/kotlin/descriptors/Visibilities compare (Lorg/jetbrains/kotlin/descriptors/Visibility;Lorg/jetbrains/kotlin/descriptors/Visibility;)Ljava/lang/Integer; 4206 0 45819 0 176
ciMethod org/jetbrains/kotlin/descriptors/Visibilities compareLocal$org_jetbrains_kotlin_compiler_common (Lorg/jetbrains/kotlin/descriptors/Visibility;Lorg/jetbrains/kotlin/descriptors/Visibility;)Ljava/lang/Integer; 4274 0 45819 0 168
ciMethod org/jetbrains/kotlin/descriptors/Visibilities isPrivate (Lorg/jetbrains/kotlin/descriptors/Visibility;)Z 684 0 78313 0 0
ciMethod org/jetbrains/kotlin/commonizer/core/UnsafeNumberAnnotationUtilsKt createUnsafeNumberAnnotationIfNecessary (Ljava/util/List;Lorg/jetbrains/kotlin/commonizer/CommonizerSettings;Ljava/util/List;Ljava/util/List;Lorg/jetbrains/kotlin/commonizer/cir/CirType;)Lorg/jetbrains/kotlin/commonizer/cir/CirAnnotation; 446 0 63403 0 -1
ciMethod org/jetbrains/kotlin/commonizer/core/UnsafeNumberAnnotationUtilsKt shouldCreateAnnotation (Lorg/jetbrains/kotlin/commonizer/CommonizerSettings;Lorg/jetbrains/kotlin/commonizer/cir/CirType;Ljava/util/List;)Z 4146 17604 25873 0 -1
ciMethod org/jetbrains/kotlin/commonizer/core/ExtensionReceiverCommonizer$Commonized <init> (Lorg/jetbrains/kotlin/commonizer/cir/CirExtensionReceiver;)V 160 0 2762 0 -1
ciMethod org/jetbrains/kotlin/commonizer/core/ExtensionReceiverCommonizer$Commonized getReceiver ()Lorg/jetbrains/kotlin/commonizer/cir/CirExtensionReceiver; 272 0 136 0 0
ciMethod org/jetbrains/kotlin/commonizer/core/ExtensionReceiverCommonizer$Commonized$Companion getNULL ()Lorg/jetbrains/kotlin/commonizer/core/ExtensionReceiverCommonizer$Commonized; 1024 0 39833 0 -1
ciMethod org/jetbrains/kotlin/commonizer/core/FunctionOrPropertyBaseCommonizer$FunctionOrProperty <init> (Lorg/jetbrains/kotlin/commonizer/cir/CirName;Lorg/jetbrains/kotlin/commonizer/cir/CirFunctionOrProperty$Kind;Lorg/jetbrains/kotlin/descriptors/Modality;Lorg/jetbrains/kotlin/descriptors/Visibility;Lorg/jetbrains/kotlin/commonizer/cir/CirExtensionReceiver;Lorg/jetbrains/kotlin/commonizer/cir/CirType;Ljava/util/List;Ljava/util/List;)V 428 0 61888 0 2312
ciMethodData org/jetbrains/kotlin/commonizer/core/AbstractListCommonizer commonizeWith (Ljava/util/List;)Z 2 16448 orig 80 0 0 0 0 0 0 0 0 0 0 0 0 0 0 0 0 0 0 0 0 0 0 0 0 0 0 0 0 0 0 0 0 0 0 0 0 0 0 0 0 0 0 0 0 0 0 0 0 0 0 0 0 0 0 0 0 0 0 0 0 0 0 0 0 0 0 0 0 0 0 0 0 0 0 0 0 0 0 0 0 data 113 0x30002 0x4041 0xa0007 0x4041 0x20 0x0 0x140007 0x2021 0x110 0x2020 0x1c0005 0x3a7 0x0 0x1bb6d62c578 0x1b28 0x1bb6783c1e8 0x151 0x2e0007 0x2020 0xb8 0x74a 0x3f0002 0x74a 0x420005 0x2 0x0 0x1bb6c850fa8 0x2bc 0x1bb6c851058 0x48c 0x470004 0x0 0x0 0x1bb6c851108 0x2bc 0x1bb6c8511b8 0x48d 0x4b0003 0x74a 0xffffffffffffff60 0x660005 0x2a2 0x0 0x1bb6e3ea210 0x74f 0x1bb6d62c578 0x3650 0x6b0007 0x4041 0x38 0x0 0x730003 0x0 0x168 0x790004 0x0 0x0 0x1bb6e3ea210 0x74f 0x1bb6d62c578 0x3650 0x7c0005 0x2a2 0x0 0x1bb6e3ea210 0x74f 0x1bb6d62c578 0x3650 0x860007 0x4041 0xe0 0xe95 0x900005 0x0 0x0 0x1bb6e3ea210 0x74f 0x1bb6783c1e8 0x746 0x9b0005 0x2 0x0 0x1bb6c851108 0x579 0x1bb6c8511b8 0x91a 0xa00007 0xe95 0x38 0x0 0xa80003 0x0 0x30 0xae0003 0xe95 0xffffffffffffff38 0xb50007 0x0 0x38 0x4041 0xb90003 0x4041 0x18 0x0 0x0 0x0 0x0 0x0 0x0 0x9 0x2 0x0 0x0 oops 16 13 kotlin/collections/EmptyList 15 java/util/ArrayList 26  @bci org/jetbrains/kotlin/commonizer/core/ValueParameterListCommonizer <init> (Lorg/jetbrains/kotlin/commonizer/core/TypeCommonizer;)V 8 <appendix> member <vmtarget> ; 28  @bci org/jetbrains/kotlin/commonizer/core/TypeArgumentListCommonizer <init> (Lorg/jetbrains/kotlin/commonizer/core/TypeCommonizer;)V 8 <appendix> member <vmtarget> ; 33 org/jetbrains/kotlin/commonizer/core/ValueParameterCommonizer 35 org/jetbrains/kotlin/commonizer/core/NullableSingleInvocationCommonizerKt$asCommonizer$1 43 java/util/Collections$SingletonList 45 kotlin/collections/EmptyList 57 java/util/Collections$SingletonList 59 kotlin/collections/EmptyList 64 java/util/Collections$SingletonList 66 kotlin/collections/EmptyList 75 java/util/Collections$SingletonList 77 java/util/ArrayList 82 org/jetbrains/kotlin/commonizer/core/ValueParameterCommonizer 84 org/jetbrains/kotlin/commonizer/core/NullableSingleInvocationCommonizerKt$asCommonizer$1 methods 0
ciMethodData org/jetbrains/kotlin/commonizer/core/AbstractListCommonizer getResult ()Ljava/util/List; 2 62213 orig 80 0 0 0 0 0 0 0 0 0 0 0 0 187 1 0 0 0 0 0 0 0 0 0 0 0 0 0 0 0 0 0 0 0 0 0 0 0 0 0 0 0 0 0 0 0 0 0 0 0 0 0 0 0 0 0 0 0 0 0 0 0 0 0 0 0 0 0 0 0 0 0 0 0 0 0 0 0 0 0 0 data 87 0x10004 0x0 0x0 0x1bb6da8ad88 0x8 0x1bb6d62c8e8 0x3 0x140007 0xf305 0x40 0x0 0x180002 0x0 0x200002 0x0 0x250007 0xf305 0x40 0x0 0x290002 0x0 0x310002 0x0 0x370004 0x0 0x0 0x1bb6d6043a0 0xc 0x0 0x0 0x460002 0xf305 0x490004 0x0 0x0 0x1bb6783c1e8 0xc 0x0 0x0 0x5c0007 0xf305 0x100 0x2da5 0x690004 0x0 0x0 0x1bb6c851108 0x159c 0x1bb6c8511b8 0x17f6 0x750005 0x13 0x0 0x1bb6c851108 0x159c 0x1bb6c8511b8 0x17f6 0x7b0007 0x2da5 0x20 0x0 0x840005 0x0 0x0 0x1bb6783c1e8 0x2da5 0x0 0x0 0x8d0003 0x2da5 0xffffffffffffff18 0x920004 0x0 0x0 0x1bb6783c1e8 0xc 0x0 0x0 0x0 0x0 0x0 0x0 0x0 0x0 0x9 0x1 0x0 oops 10 3 org/jetbrains/kotlin/commonizer/core/TypeArgumentListCommonizer 5 org/jetbrains/kotlin/commonizer/core/TypeParameterListCommonizer 26 [Lorg/jetbrains/kotlin/commonizer/core/Commonizer; 35 java/util/ArrayList 46 org/jetbrains/kotlin/commonizer/core/ValueParameterCommonizer 48 org/jetbrains/kotlin/commonizer/core/NullableSingleInvocationCommonizerKt$asCommonizer$1 53 org/jetbrains/kotlin/commonizer/core/ValueParameterCommonizer 55 org/jetbrains/kotlin/commonizer/core/NullableSingleInvocationCommonizerKt$asCommonizer$1 64 java/util/ArrayList 74 java/util/ArrayList methods 0
ciMethodData org/jetbrains/kotlin/commonizer/core/AbstractListCommonizer commonizeWith (Ljava/lang/Object;)Z 2 105842 orig 80 0 0 0 0 0 0 0 0 0 0 0 0 187 1 0 0 0 0 0 0 0 0 0 0 0 0 0 0 0 0 0 0 0 0 0 0 0 0 0 0 0 0 0 0 0 0 0 0 0 0 0 0 0 0 0 0 0 0 0 0 0 0 0 0 0 0 0 0 0 0 0 0 0 0 0 0 0 0 0 0 data 24 0x20004 0x0 0x0 0x1bb6d62c578 0x176bc 0x1bb6e3ea210 0x20f0 0x50005 0x19d72 0x0 0x0 0x0 0x0 0x0 0x0 0x0 0x0 0x0 0x0 0x0 0x9 0x2 0x0 0x0 oops 2 3 kotlin/collections/EmptyList 5 java/util/Collections$SingletonList methods 0
ciMethodData org/jetbrains/kotlin/commonizer/core/CommonizerKt commonize (Lorg/jetbrains/kotlin/commonizer/core/Commonizer;Ljava/util/List;)Ljava/lang/Object; 2 19482 orig 80 0 0 0 0 0 0 0 0 0 0 0 0 0 0 0 0 0 0 0 0 0 0 0 0 0 0 0 0 0 0 0 0 0 0 0 0 0 0 0 0 0 0 0 0 0 0 0 0 0 0 0 0 0 0 0 0 0 0 0 0 0 0 0 0 0 0 0 0 0 0 0 0 0 0 0 0 0 0 0 0 data 67 0x30002 0x4c1b 0x90002 0x4c1b 0xd0004 0x0 0x0 0x1bb6783c1e8 0x3fea 0x1bb6da8ac28 0xc31 0x140005 0x0 0x0 0x1bb6783c1e8 0x3fea 0x1bb6da8ac28 0xc31 0x1d0005 0x0 0x0 0x1bb6d62c208 0xbfc0 0x1bb6da8acd8 0x2363 0x220007 0x4b84 0xc8 0x979f 0x270005 0x0 0x0 0x1bb6d62c208 0x7fd5 0x1bb6da8acd8 0x17ca 0x380005 0x4ec5 0x0 0x1bb6da8ad88 0x38ac 0x1bb6d62c628 0x102e 0x3d0007 0x9708 0x20 0x98 0x430003 0x9708 0xffffffffffffff18 0x480005 0x2717 0x0 0x1bb6da8ad88 0x1c56 0x1bb6d62c628 0x817 0x0 0x0 0x0 0x0 0x0 0x0 0x9 0x2 0xffffffffffffffff 0xffffffffffffffff oops 12 7 java/util/ArrayList 9 org/jetbrains/kotlin/commonizer/utils/CommonizedGroup 14 java/util/ArrayList 16 org/jetbrains/kotlin/commonizer/utils/CommonizedGroup 21 java/util/ArrayList$Itr 23 kotlin/collections/AbstractList$IteratorImpl 32 java/util/ArrayList$Itr 34 kotlin/collections/AbstractList$IteratorImpl 39 org/jetbrains/kotlin/commonizer/core/TypeArgumentListCommonizer 41 org/jetbrains/kotlin/commonizer/core/ModalityCommonizer 53 org/jetbrains/kotlin/commonizer/core/TypeArgumentListCommonizer 55 org/jetbrains/kotlin/commonizer/core/ModalityCommonizer methods 0
ciMethodData org/jetbrains/kotlin/commonizer/core/AbstractListCommonizer getResult ()Ljava/lang/Object; 2 53787 orig 80 0 0 0 0 0 0 0 0 0 0 0 0 187 1 0 0 0 0 0 0 0 0 0 0 0 0 0 0 0 0 0 0 0 0 0 0 0 0 0 0 0 0 0 0 0 0 0 0 0 0 0 0 0 0 0 0 0 0 0 0 0 0 0 0 0 0 0 0 0 0 0 0 0 0 0 0 0 0 0 0 data 16 0x10005 0xd21b 0x0 0x0 0x0 0x0 0x0 0x0 0x0 0x0 0x0 0x0 0x0 0x9 0x1 0x0 oops 0 methods 0
ciMethodData org/jetbrains/kotlin/commonizer/core/AbstractListCommonizer <init> (Lkotlin/jvm/functions/Function1;)V 2 156728 orig 80 0 0 0 0 0 0 0 0 0 0 0 0 187 1 0 0 0 0 0 0 0 0 0 0 0 0 0 0 0 0 0 0 0 0 0 0 0 0 0 0 0 0 0 0 0 0 0 0 0 0 0 0 0 0 0 0 0 0 0 0 0 0 0 0 0 0 0 0 0 0 0 0 0 0 0 0 0 0 0 0 data 14 0x30002 0x26438 0x70002 0x26438 0x0 0x0 0x0 0x0 0x0 0x0 0x9 0x2 0x4 0x0 oops 0 methods 0
ciMethodData org/jetbrains/kotlin/commonizer/core/AssociativeCommonizerKt commonize (Lorg/jetbrains/kotlin/commonizer/core/AssociativeCommonizer;Ljava/util/List;)Ljava/lang/Object; 2 52664 orig 80 1 0 0 0 0 0 0 0 0 0 0 0 187 1 0 0 0 0 0 0 0 0 0 0 0 0 0 0 0 0 0 0 0 0 0 0 0 0 0 1 0 0 0 0 0 0 0 0 0 0 0 0 0 0 0 0 0 0 0 0 0 0 0 0 0 0 0 0 0 0 0 0 0 0 0 0 0 0 0 0 data 104 0x30002 0xcdb6 0x90002 0xcdb6 0xd0005 0x0 0x0 0x1bb6783c1e8 0xcdb6 0x0 0x0 0x120007 0xcdb6 0x20 0x0 0x180005 0x0 0x0 0x1bb6783c1e8 0xcdb6 0x0 0x0 0x1e0007 0xcdb6 0x30 0x0 0x220002 0x0 0x270004 0x0 0x0 0x1bb6783c1e8 0xcdb6 0x0 0x0 0x2e0005 0x0 0x0 0x1bb6783c1e8 0xcdb6 0x0 0x0 0x370005 0x0 0x0 0x1bb6d62c208 0xcdb6 0x0 0x0 0x3c0007 0xcdb6 0x30 0x0 0x450002 0x0 0x4b0005 0x0 0x0 0x1bb6d62c208 0xcdb6 0x0 0x0 0x540005 0x0 0x0 0x1bb6d62c208 0x19b6c 0x0 0x0 0x590007 0xcdb6 0xc8 0xcdb6 0x600005 0x0 0x0 0x1bb6d62c208 0xcdb6 0x0 0x0 0x710005 0x2f71 0x0 0x1bb6e3e7728 0x7006 0x1bb6e3e77d8 0x2e3f 0x8000000600770007 0xcdb6 0x20 0x1 0x7f0003 0xcdb6 0xffffffffffffff18 0x0 0x0 0x0 0x0 0x0 0x0 0x9 0x2 0xffffffffffffffff 0xffffffffffffffff oops 10 7 java/util/ArrayList 18 java/util/ArrayList 31 java/util/ArrayList 38 java/util/ArrayList 45 java/util/ArrayList$Itr 58 java/util/ArrayList$Itr 65 java/util/ArrayList$Itr 76 java/util/ArrayList$Itr 83 org/jetbrains/kotlin/commonizer/core/EqualTypeNullabilityCommonizer 85 org/jetbrains/kotlin/commonizer/core/CovariantTypeNullabilityCommonizer methods 0
ciMethodData org/jetbrains/kotlin/commonizer/core/VisibilityCommonizer commonizeWith (Lorg/jetbrains/kotlin/commonizer/cir/CirHasVisibility;)Z 2 77975 orig 80 1 0 0 0 0 0 0 0 0 0 0 0 187 1 0 0 0 0 0 0 0 0 0 0 0 0 0 0 0 0 0 0 0 0 0 0 0 0 0 0 0 0 0 0 0 0 0 0 0 0 0 0 0 0 0 0 0 0 0 0 0 0 0 0 0 0 0 0 0 0 0 0 0 0 0 0 0 0 0 0 data 78 0x30002 0x13097 0xd0002 0x13097 0x100007 0x13097 0x20 0x0 0x160005 0x7e1c 0x0 0x1bb6d62c368 0x741f 0x1bb71051b88 0x3e5c 0x200005 0x13097 0x0 0x0 0x0 0x0 0x0 0x230007 0x11b 0x78 0x12f7c 0x280005 0x0 0x0 0x1bb6d62c788 0xcbef 0x1bb71051c38 0x638d 0x2b0007 0x12f7f 0x58 0x0 0x320004 0x0 0x0 0x0 0x0 0x0 0x0 0x400007 0x97c2 0x78 0x97bd 0x4c0005 0x0 0x0 0x1bb6d62c788 0x65f8 0x1bb71051c38 0x31c5 0x540007 0x97bd 0x20 0x0 0x630002 0x12f7f 0x660007 0x0 0x38 0x12f7f 0x6a0003 0x12f7f 0x18 0x0 0x0 0x0 0x0 0x0 0x0 0x9 0x2 0x0 0x0 oops 6 11 org/jetbrains/kotlin/commonizer/cir/CirFunction 13 org/jetbrains/kotlin/commonizer/cir/CirClassImpl 29 org/jetbrains/kotlin/commonizer/core/LoweringVisibilityCommonizer 31 org/jetbrains/kotlin/commonizer/core/EqualizingVisibilityCommonizer 51 org/jetbrains/kotlin/commonizer/core/LoweringVisibilityCommonizer 53 org/jetbrains/kotlin/commonizer/core/EqualizingVisibilityCommonizer methods 0
ciMethodData org/jetbrains/kotlin/descriptors/Visibilities isPrivate (Lorg/jetbrains/kotlin/descriptors/Visibility;)Z 2 77985 orig 80 0 0 0 0 0 0 0 0 0 0 0 0 187 1 0 0 0 0 0 0 0 0 0 0 0 0 0 0 0 0 0 0 0 0 0 0 0 0 0 0 0 0 0 0 0 0 0 0 0 0 0 0 0 0 0 0 0 0 0 0 0 0 0 0 0 0 0 0 0 0 0 0 0 0 0 0 0 0 0 0 data 23 0x30002 0x130a1 0xa0007 0x11b 0x40 0x12f86 0x110007 0x12f86 0x38 0x0 0x150003 0x11b 0x18 0x0 0x0 0x0 0x0 0x0 0x0 0x9 0x2 0x0 0x0 oops 0 methods 0
ciMethodData org/jetbrains/kotlin/commonizer/core/ModalityCommonizer commonizeWith (Lorg/jetbrains/kotlin/descriptors/Modality;)Z 2 57758 orig 80 0 0 0 0 0 0 0 0 0 0 0 0 187 1 0 0 0 0 0 0 0 0 0 0 0 0 0 0 0 0 0 0 0 0 0 0 0 0 0 0 0 0 0 0 0 0 0 0 0 0 0 0 0 0 0 0 0 0 0 0 0 0 0 0 0 0 0 0 0 0 0 0 0 0 0 0 0 0 0 0 data 66 0x30002 0xe19e 0xa0007 0xe19e 0x20 0x0 0x160007 0x70cf 0x120 0x70cf 0x2a0007 0x3ec7 0x58 0x3208 0x320007 0x3208 0x38 0x0 0x380003 0x0 0xa8 0x400007 0x3cb6 0x58 0x3419 0x480007 0x3419 0x38 0x0 0x4e0003 0x0 0x50 0x550007 0x0 0x38 0x70cf 0x5a0003 0x70cf 0x18 0x5f0003 0x70cf 0x18 0x6b0007 0xe19e 0x38 0x0 0x6f0003 0x0 0x18 0x7a0007 0x0 0x38 0xe19e 0x7e0003 0xe19e 0x18 0x0 0x0 0x0 0x0 0x0 0x0 0x9 0x2 0x0 0x0 oops 0 methods 0
ciMethodData org/jetbrains/kotlin/commonizer/core/VisibilityCommonizer commonizeWith (Ljava/lang/Object;)Z 2 53513 orig 80 1 0 0 0 0 0 0 0 0 0 0 0 187 1 0 0 0 0 0 0 0 0 0 0 0 0 0 0 0 0 0 0 0 0 0 0 0 0 0 0 0 0 0 0 0 0 0 0 0 0 0 0 0 0 0 0 0 0 0 0 0 0 0 0 0 0 0 0 0 0 0 0 0 0 0 0 0 0 0 0 data 24 0x20004 0x0 0x0 0x1bb6d62c368 0x726d 0x1bb6d62c2b8 0x3d8e 0x50005 0x0 0x0 0x1bb6d62c788 0xd109 0x0 0x0 0x0 0x0 0x0 0x0 0x0 0x0 0x9 0x2 0x0 0x0 oops 3 3 org/jetbrains/kotlin/commonizer/cir/CirFunction 5 org/jetbrains/kotlin/commonizer/cir/CirProperty 10 org/jetbrains/kotlin/commonizer/core/LoweringVisibilityCommonizer methods 0
ciMethodData org/jetbrains/kotlin/commonizer/core/LoweringVisibilityCommonizer canBeCommonized (Lorg/jetbrains/kotlin/commonizer/cir/CirHasVisibility;)Z 2 51637 orig 80 1 0 0 0 0 0 0 0 0 0 0 0 187 1 0 0 0 0 0 0 0 0 0 0 0 0 0 0 0 0 0 0 0 0 0 0 0 0 0 0 0 0 0 0 0 0 0 0 0 0 0 0 0 0 0 0 0 0 0 0 0 0 0 0 0 0 0 0 0 0 0 0 0 0 0 0 0 0 0 0 data 69 0x30002 0xc9b5 0xa0007 0x3242 0x170 0x9773 0xf0004 0xffffffffffffe640 0x0 0x1bb6d62c368 0x40b6 0x1bb6d62c2b8 0x3cfd 0x120007 0x19c0 0x70 0x7db3 0x160004 0x0 0x0 0x1bb6d62c368 0x40b6 0x1bb6d62c2b8 0x3cfd 0x190003 0x7db3 0x18 0x1e0007 0x19c0 0xa8 0x7db3 0x210005 0x0 0x0 0x1bb6d62c368 0x40b6 0x1bb6d62c2b8 0x3cfd 0x270007 0x4b72 0x38 0x3245 0x2b0003 0x3245 0x30 0x2f0003 0x4b72 0x18 0x3b0007 0x6532 0x40 0x6487 0x420007 0x0 0x38 0x6487 0x460003 0xc9b9 0x18 0x0 0x0 0x0 0x0 0x0 0x0 0x9 0x2 0x0 0x0 oops 6 9 org/jetbrains/kotlin/commonizer/cir/CirFunction 11 org/jetbrains/kotlin/commonizer/cir/CirProperty 20 org/jetbrains/kotlin/commonizer/cir/CirFunction 22 org/jetbrains/kotlin/commonizer/cir/CirProperty 34 org/jetbrains/kotlin/commonizer/cir/CirFunction 36 org/jetbrains/kotlin/commonizer/cir/CirProperty methods 0
ciMethodData org/jetbrains/kotlin/commonizer/core/ReturnTypeCommonizer invoke (Ljava/util/List;)Lorg/jetbrains/kotlin/commonizer/cir/CirType; 2 21486 orig 80 0 0 0 0 0 0 0 0 0 0 0 0 187 1 0 0 0 0 0 0 0 0 0 0 0 0 0 0 0 0 0 0 0 0 0 0 0 0 0 0 0 0 0 0 0 0 0 0 0 0 0 0 0 0 0 0 0 0 0 0 0 0 0 0 0 0 0 0 0 0 0 0 0 0 0 0 0 0 0 0 data 338 0x30002 0x53ee 0x70005 0x0 0x0 0x1bb6783c1e8 0x53ee 0x0 0x0 0xc0007 0x53ee 0x20 0x0 0x120004 0x0 0x0 0x1bb6783c1e8 0x53ee 0x0 0x0 0x1a0004 0x0 0x0 0x1bb6783c1e8 0x53ee 0x0 0x0 0x1d0007 0x0 0xc8 0x53ee 0x210004 0x0 0x0 0x1bb6783c1e8 0x53ee 0x0 0x0 0x240005 0x0 0x0 0x1bb6783c1e8 0x53ee 0x0 0x0 0x290007 0x53ee 0x38 0x0 0x2d0003 0x0 0x1c0 0x310005 0x0 0x0 0x1bb6783c1e8 0x53ee 0x0 0x0 0x3a0005 0x0 0x0 0x1bb6d62c208 0x9892 0x0 0x0 0x3f0007 0x2252 0x138 0x7640 0x440005 0x0 0x0 0x1bb6d62c208 0x7640 0x0 0x0 0x4d0004 0x0 0x0 0x1bb6d62c368 0x39ee 0x1bb6d62c2b8 0x3c52 0x570005 0x0 0x0 0x1bb6d62c368 0x39ee 0x1bb6d62c2b8 0x3c52 0x5c0007 0x319c 0x38 0x44a4 0x600003 0x44a4 0x18 0x640007 0x44a4 0xfffffffffffffec8 0x319c 0x680003 0x319c 0x18 0x6e0004 0x0 0x0 0x1bb6783c1e8 0x53ee 0x0 0x0 0x780004 0x0 0x0 0x1bb6783c1e8 0x53ee 0x0 0x0 0x7b0007 0x0 0xc8 0x53ee 0x800004 0x0 0x0 0x1bb6783c1e8 0x53ee 0x0 0x0 0x830005 0x0 0x0 0x1bb6783c1e8 0x53ee 0x0 0x0 0x880007 0x53ee 0x38 0x0 0x8c0003 0x0 0x250 0x910005 0x0 0x0 0x1bb6783c1e8 0x53ee 0x0 0x0 0x9a0005 0x0 0x0 0x1bb6d62c208 0xe8d2 0x0 0x0 0x9f0007 0x4a72 0x1c8 0x9e60 0xa40005 0x0 0x0 0x1bb6d62c208 0x9e60 0x0 0x0 0xad0004 0x0 0x0 0x1bb6d62c368 0x5eb0 0x1bb6d62c2b8 0x3fb0 0xb70004 0xffffffffffffa150 0x0 0x1bb6d62c368 0x14 0x1bb6d62c2b8 0x3fb0 0xba0007 0x5eb0 0xc8 0x3fb0 0xbf0004 0x0 0x0 0x1bb6d62c2b8 0x3fb0 0x0 0x0 0xc20005 0x3fb0 0x0 0x0 0x0 0x0 0x0 0xc50007 0x3634 0x38 0x97c 0xc90003 0x97c 0x18 0xcd0007 0x94e4 0xfffffffffffffe38 0x97c 0xd10003 0x97c 0x18 0xe40005 0x53ee 0x0 0x0 0x0 0x0 0x0 0xf10007 0x319c 0x58 0x2252 0xf50007 0x164 0x38 0x20ee 0xf90003 0x20ee 0x18 0xfd0005 0x53ee 0x0 0x0 0x0 0x0 0x0 0x1030005 0x53ee 0x0 0x0 0x0 0x0 0x0 0x1070004 0x0 0x0 0x1bb6783c1e8 0x53ee 0x0 0x0 0x11d0002 0x53ee 0x1200002 0x53ee 0x1230004 0x0 0x0 0x1bb6783c1e8 0xa 0x0 0x0 0x12d0005 0x0 0x0 0x1bb6783c1e8 0x53ee 0x0 0x0 0x1360005 0x0 0x0 0x1bb6d62c208 0xfbca 0x0 0x0 0x13b0007 0x53ee 0x118 0xa7dc 0x1400005 0x0 0x0 0x1bb6d62c208 0xa7dc 0x0 0x0 0x14b0004 0x0 0x0 0x1bb6d62c368 0x5eb0 0x1bb6d62c2b8 0x492c 0x1570005 0x0 0x0 0x1bb6d62c368 0x5eb0 0x1bb6d62c2b8 0x492c 0x15f0005 0x0 0x0 0x1bb6783c1e8 0xa7dc 0x0 0x0 0x1650003 0xa7dc 0xfffffffffffffec8 0x16a0004 0x0 0x0 0x1bb6783c1e8 0x53ee 0x0 0x0 0x1710005 0x53ee 0x0 0x0 0x0 0x0 0x0 0x0 0x0 0x0 0x0 0x0 0x0 0x9 0x2 0x0 0x0 oops 35 5 java/util/ArrayList 16 java/util/ArrayList 23 java/util/ArrayList 34 java/util/ArrayList 41 java/util/ArrayList 55 java/util/ArrayList 62 java/util/ArrayList$Itr 73 java/util/ArrayList$Itr 80 org/jetbrains/kotlin/commonizer/cir/CirFunction 82 org/jetbrains/kotlin/commonizer/cir/CirProperty 87 org/jetbrains/kotlin/commonizer/cir/CirFunction 89 org/jetbrains/kotlin/commonizer/cir/CirProperty 108 java/util/ArrayList 115 java/util/ArrayList 126 java/util/ArrayList 133 java/util/ArrayList 147 java/util/ArrayList 154 java/util/ArrayList$Itr 165 java/util/ArrayList$Itr 172 org/jetbrains/kotlin/commonizer/cir/CirFunction 174 org/jetbrains/kotlin/commonizer/cir/CirProperty 179 org/jetbrains/kotlin/commonizer/cir/CirFunction 181 org/jetbrains/kotlin/commonizer/cir/CirProperty 190 org/jetbrains/kotlin/commonizer/cir/CirProperty 250 java/util/ArrayList 261 java/util/ArrayList 268 java/util/ArrayList 275 java/util/ArrayList$Itr 286 java/util/ArrayList$Itr 293 org/jetbrains/kotlin/commonizer/cir/CirFunction 295 org/jetbrains/kotlin/commonizer/cir/CirProperty 300 org/jetbrains/kotlin/commonizer/cir/CirFunction 302 org/jetbrains/kotlin/commonizer/cir/CirProperty 307 java/util/ArrayList 317 java/util/ArrayList methods 0
ciMethodData org/jetbrains/kotlin/commonizer/core/ModalityCommonizer commonizeWith (Ljava/lang/Object;)Z 2 39166 orig 80 0 0 0 0 0 0 0 0 0 0 0 0 187 1 0 0 0 0 0 0 0 0 0 0 0 0 0 0 0 0 0 0 0 0 0 0 0 0 0 0 0 0 0 0 0 0 0 0 0 0 0 0 0 0 0 0 0 0 0 0 0 0 0 0 0 0 0 0 0 0 0 0 0 0 0 0 0 0 0 0 data 24 0x20004 0x0 0x0 0x1bb6d62c6d8 0x98fe 0x0 0x0 0x50005 0x98fe 0x0 0x0 0x0 0x0 0x0 0x0 0x0 0x0 0x0 0x0 0x0 0x9 0x2 0x0 0x0 oops 1 3 org/jetbrains/kotlin/descriptors/Modality methods 0
ciMethodData org/jetbrains/kotlin/commonizer/core/FunctionOrPropertyBaseCommonizer invoke (Ljava/util/List;)Lorg/jetbrains/kotlin/commonizer/core/FunctionOrPropertyBaseCommonizer$FunctionOrProperty; 2 21050 orig 80 1 0 0 0 0 0 0 0 0 0 0 0 187 1 0 0 0 0 0 0 0 0 0 0 0 0 0 0 0 0 0 0 0 0 0 0 0 0 0 0 0 0 0 0 0 0 0 0 0 0 0 0 0 0 0 0 0 0 0 0 0 0 0 0 0 0 0 0 0 0 0 0 0 0 0 0 0 0 0 0 data 884 0x30002 0x5238 0x70005 0x0 0x0 0x1bb6783c1e8 0x5238 0x0 0x0 0xc0007 0x5238 0x20 0x0 0x120004 0x0 0x0 0x1bb6783c1e8 0x5238 0x0 0x0 0x190004 0x0 0x0 0x1bb6783c1e8 0x5238 0x0 0x0 0x1c0007 0x0 0xc8 0x5238 0x200004 0x0 0x0 0x1bb6783c1e8 0x5238 0x0 0x0 0x230005 0x0 0x0 0x1bb6783c1e8 0x5238 0x0 0x0 0x280007 0x5238 0x38 0x0 0x2c0003 0x0 0x1c0 0x300005 0x0 0x0 0x1bb6783c1e8 0x5238 0x0 0x0 0x390005 0x0 0x0 0x1bb6d62c208 0xf6a8 0x0 0x0 0x3e0007 0x5238 0x138 0xa470 0x430005 0x0 0x0 0x1bb6d62c208 0xa470 0x0 0x0 0x4c0004 0x0 0x0 0x1bb6d62c2b8 0x3ab4 0x1bb6d62c368 0x69bc 0x560005 0x0 0x0 0x1bb6d62c2b8 0x3ab4 0x1bb6d62c368 0x69bc 0x5e0007 0xa470 0x38 0x0 0x620003 0x0 0x18 0x660007 0xa470 0xfffffffffffffec8 0x0 0x6a0003 0x0 0x18 0x6e0007 0x5238 0x20 0x0 0x740004 0x0 0x0 0x1bb6783c1e8 0x5238 0x0 0x0 0x7b0004 0x0 0x0 0x1bb6783c1e8 0x5238 0x0 0x0 0x7e0007 0x0 0xc8 0x5238 0x820004 0x0 0x0 0x1bb6783c1e8 0x5238 0x0 0x0 0x850005 0x0 0x0 0x1bb6783c1e8 0x5238 0x0 0x0 0x8a0007 0x5238 0x38 0x0 0x8e0003 0x0 0x298 0x920005 0x0 0x0 0x1bb6783c1e8 0x5238 0x0 0x0 0x9b0005 0x0 0x0 0x1bb6d62c208 0xf6a8 0x0 0x0 0xa00007 0x5238 0x210 0xa470 0xa50005 0x0 0x0 0x1bb6d62c208 0xa470 0x0 0x0 0xae0004 0x0 0x0 0x1bb6d62c2b8 0x3ab4 0x1bb6d62c368 0x69bc 0xb80005 0x0 0x0 0x1bb6d62c2b8 0x3ab4 0x1bb6d62c368 0x69bc 0xc00007 0xa470 0x110 0x0 0xc50005 0x0 0x0 0x0 0x0 0x0 0x0 0xcb0007 0x0 0x80 0x0 0xce0002 0x0 0xd20007 0x0 0x38 0x0 0xd60003 0x0 0x30 0xda0003 0x0 0x18 0xdf0007 0x0 0x38 0x0 0xe30003 0x0 0x18 0xe70007 0xa470 0xfffffffffffffdf0 0x0 0xeb0003 0x0 0x18 0xef0007 0x5238 0x20 0x0 0xf90005 0x5238 0x0 0x0 0x0 0x0 0x0 0xfd0007 0x5237 0x20 0x0 0x1080005 0x5237 0x0 0x0 0x0 0x0 0x0 0x10b0005 0x0 0x0 0x1bb6d62c418 0x5237 0x0 0x0 0x1160004 0x0 0x0 0x1bb6783c1e8 0x5237 0x0 0x0 0x1300002 0x5237 0x1330002 0x5237 0x1360004 0x0 0x0 0x1bb6783c1e8 0x43 0x0 0x0 0x1400005 0x0 0x0 0x1bb6783c1e8 0x5237 0x0 0x0 0x1490005 0x0 0x0 0x1bb6d62c208 0xf6a5 0x0 0x0 0x14e0007 0x5237 0x118 0xa46e 0x1530005 0x0 0x0 0x1bb6d62c208 0xa46e 0x0 0x0 0x15e0004 0x0 0x0 0x1bb6d62c2b8 0x3ab2 0x1bb6d62c368 0x69bc 0x16a0005 0x0 0x0 0x1bb6d62c2b8 0x3ab2 0x1bb6d62c368 0x69bc 0x1720005 0x0 0x0 0x1bb6783c1e8 0xa46e 0x0 0x0 0x1780003 0xa46e 0xfffffffffffffec8 0x17d0004 0x0 0x0 0x1bb6783c1e8 0x5237 0x0 0x0 0x18c0002 0x5237 0x1930004 0x0 0x0 0x1bb6d62c4c8 0x43 0x0 0x0 0x1970004 0x0 0x0 0x1bb6783c1e8 0x5237 0x0 0x0 0x1ad0002 0x5237 0x1b00002 0x5237 0x1b30004 0x0 0x0 0x1bb6783c1e8 0x43 0x0 0x0 0x1bd0005 0x0 0x0 0x1bb6783c1e8 0x5237 0x0 0x0 0x1c60005 0x0 0x0 0x1bb6d62c208 0xf6a5 0x0 0x0 0x1cb0007 0x5237 0x118 0xa46e 0x1d00005 0x0 0x0 0x1bb6d62c208 0xa46e 0x0 0x0 0x1db0004 0x0 0x0 0x1bb6d62c2b8 0x3ab2 0x1bb6d62c368 0x69bc 0x1e70005 0x0 0x0 0x1bb6d62c2b8 0x3ab2 0x1bb6d62c368 0x69bc 0x1ef0005 0x0 0x0 0x1bb6783c1e8 0xa46e 0x0 0x0 0x1f50003 0xa46e 0xfffffffffffffec8 0x1fa0004 0x0 0x0 0x1bb6783c1e8 0x44 0x0 0x0 0x2010002 0x5237 0x2040004 0x0 0x0 0x1bb6d62c578 0x1f83 0x1bb6783c1e8 0x31c8 0x2080007 0x5237 0x30 0x0 0x20c0002 0x0 0x20f0004 0x0 0x0 0x1bb6d62c578 0x1f83 0x1bb6783c1e8 0x31c8 0x2130002 0x5237 0x2160004 0x0 0x0 0x1bb6d62c578 0x5237 0x0 0x0 0x2190002 0x5237 0x21f0002 0x5237 0x2220004 0x0 0x0 0x1bb6d62c2b8 0x1d59 0x1bb6d62c368 0x34de 0x2250005 0x0 0x0 0x1bb6d62c2b8 0x1d59 0x1bb6d62c368 0x34de 0x2340005 0x0 0x0 0x1bb6783c1e8 0x5237 0x0 0x0 0x2390007 0x5237 0x38 0x0 0x23d0003 0x0 0x220 0x2430005 0x0 0x0 0x1bb6783c1e8 0x5237 0x0 0x0 0x2480004 0x0 0x0 0x1bb6d62c2b8 0x1d59 0x1bb6d62c368 0x34de 0x2520005 0x0 0x0 0x1bb6d62c2b8 0x1d59 0x1bb6d62c368 0x34de 0x25e0005 0x0 0x0 0x1bb6783c1e8 0x5237 0x0 0x0 0x2690007 0x5237 0x128 0x5237 0x2720005 0x0 0x0 0x1bb6783c1e8 0x5237 0x0 0x0 0x2770004 0x0 0x0 0x1bb6d62c2b8 0x1d59 0x1bb6d62c368 0x34de 0x2830005 0x0 0x0 0x1bb6d62c2b8 0x1d59 0x1bb6d62c368 0x34de 0x28b0002 0x5237 0x28e0007 0x5237 0x38 0x0 0x2920003 0x0 0x30 0x2980003 0x5237 0xfffffffffffffef0 0x2a10007 0x5237 0x20 0x0 0x2ab0002 0x5237 0x2ae0004 0x0 0x0 0x1bb6d62c628 0x43 0x0 0x0 0x2b20004 0x0 0x0 0x1bb6783c1e8 0x5237 0x0 0x0 0x2cc0002 0x5237 0x2cf0002 0x5237 0x2d20004 0x0 0x0 0x1bb6783c1e8 0x43 0x0 0x0 0x2dc0005 0x0 0x0 0x1bb6783c1e8 0x5237 0x0 0x0 0x2e50005 0x0 0x0 0x1bb6d62c208 0xf6a5 0x0 0x0 0x2ea0007 0x5237 0x118 0xa46e 0x2ef0005 0x0 0x0 0x1bb6d62c208 0xa46e 0x0 0x0 0x2fa0004 0x0 0x0 0x1bb6d62c2b8 0x3ab2 0x1bb6d62c368 0x69bc 0x3060005 0x0 0x0 0x1bb6d62c2b8 0x3ab2 0x1bb6d62c368 0x69bc 0x30e0005 0x0 0x0 0x1bb6783c1e8 0xa46e 0x0 0x0 0x3140003 0xa46e 0xfffffffffffffec8 0x3190004 0x0 0x0 0x1bb6783c1e8 0x5237 0x0 0x0 0x3270002 0x5237 0x32a0004 0x0 0x0 0x1bb6d62c6d8 0x5237 0x0 0x0 0x32e0007 0x5237 0x20 0x0 0x3370005 0x5237 0x0 0x0 0x0 0x0 0x0 0x33a0004 0x0 0x0 0x1bb6d62c788 0x43 0x0 0x0 0x33e0002 0x5237 0x3410004 0x0 0x0 0x1bb6d62c838 0x5238 0x0 0x0 0x3450007 0x5238 0x20 0x0 0x3500004 0x0 0x0 0x1bb6783c1e8 0x5238 0x0 0x0 0x36e0002 0x5238 0x3710002 0x5238 0x3740004 0x0 0x0 0x1bb6783c1e8 0x44 0x0 0x0 0x37e0005 0x0 0x0 0x1bb6783c1e8 0x5238 0x0 0x0 0x3870005 0x0 0x0 0x1bb6d62c208 0xf6a8 0x0 0x0 0x38c0007 0x5238 0x118 0xa470 0x3910005 0x0 0x0 0x1bb6d62c208 0xa470 0x0 0x0 0x39c0004 0x0 0x0 0x1bb6d62c2b8 0x3ab2 0x1bb6d62c368 0x69be 0x3a80005 0x0 0x0 0x1bb6d62c2b8 0x3ab2 0x1bb6d62c368 0x69be 0x3b00005 0x0 0x0 0x1bb6783c1e8 0xa470 0x0 0x0 0x3b60003 0xa470 0xfffffffffffffec8 0x3bb0004 0x0 0x0 0x1bb6783c1e8 0x5238 0x0 0x0 0x3cd0005 0x5238 0x0 0x0 0x0 0x0 0x0 0x3d10007 0x5238 0x20 0x0 0x3d70005 0x5238 0x0 0x0 0x0 0x0 0x0 0x3df0005 0x5238 0x0 0x0 0x0 0x0 0x0 0x3e30007 0x5238 0x20 0x0 0x3f10002 0x5238 0x3f40004 0x0 0x0 0x1bb6d62c8e8 0x44 0x0 0x0 0x3f80004 0x0 0x0 0x1bb6783c1e8 0x5238 0x0 0x0 0x41a0002 0x5238 0x41d0002 0x5238 0x4200004 0x0 0x0 0x1bb6783c1e8 0x44 0x0 0x0 0x42a0005 0x0 0x0 0x1bb6783c1e8 0x5238 0x0 0x0 0x4330005 0x0 0x0 0x1bb6d62c208 0xf6a8 0x0 0x0 0x4380007 0x5238 0x118 0xa470 0x43d0005 0x0 0x0 0x1bb6d62c208 0xa470 0x0 0x0 0x4480004 0x0 0x0 0x1bb6d62c2b8 0x3ab2 0x1bb6d62c368 0x69be 0x4540005 0x0 0x0 0x1bb6d62c2b8 0x3ab2 0x1bb6d62c368 0x69be 0x45c0005 0x0 0x0 0x1bb6783c1e8 0xa470 0x0 0x0 0x4620003 0xa470 0xfffffffffffffec8 0x4670004 0x0 0x0 0x1bb6783c1e8 0x5238 0x0 0x0 0x47d0002 0x5238 0x4800004 0x0 0x0 0x1bb6783c1e8 0x5238 0x0 0x0 0x4840007 0x5238 0x20 0x0 0x4b00002 0x5238 0x0 0x0 0x0 0x0 0x0 0x0 0x0 0x0 0x0 0x0 0x9 0x2 0x0 0x0 oops 107 5 java/util/ArrayList 16 java/util/ArrayList 23 java/util/ArrayList 34 java/util/ArrayList 41 java/util/ArrayList 55 java/util/ArrayList 62 java/util/ArrayList$Itr 73 java/util/ArrayList$Itr 80 org/jetbrains/kotlin/commonizer/cir/CirProperty 82 org/jetbrains/kotlin/commonizer/cir/CirFunction 87 org/jetbrains/kotlin/commonizer/cir/CirProperty 89 org/jetbrains/kotlin/commonizer/cir/CirFunction 112 java/util/ArrayList 119 java/util/ArrayList 130 java/util/ArrayList 137 java/util/ArrayList 151 java/util/ArrayList 158 java/util/ArrayList$Itr 169 java/util/ArrayList$Itr 176 org/jetbrains/kotlin/commonizer/cir/CirProperty 178 org/jetbrains/kotlin/commonizer/cir/CirFunction 183 org/jetbrains/kotlin/commonizer/cir/CirProperty 185 org/jetbrains/kotlin/commonizer/cir/CirFunction 253 org/jetbrains/kotlin/commonizer/FactoryBasedTargetDependent 260 java/util/ArrayList 271 java/util/ArrayList 278 java/util/ArrayList 285 java/util/ArrayList$Itr 296 java/util/ArrayList$Itr 303 org/jetbrains/kotlin/commonizer/cir/CirProperty 305 org/jetbrains/kotlin/commonizer/cir/CirFunction 310 org/jetbrains/kotlin/commonizer/cir/CirProperty 312 org/jetbrains/kotlin/commonizer/cir/CirFunction 317 java/util/ArrayList 327 java/util/ArrayList 336 org/jetbrains/kotlin/commonizer/core/AnnotationsCommonizer 343 java/util/ArrayList 354 java/util/ArrayList 361 java/util/ArrayList 368 java/util/ArrayList$Itr 379 java/util/ArrayList$Itr 386 org/jetbrains/kotlin/commonizer/cir/CirProperty 388 org/jetbrains/kotlin/commonizer/cir/CirFunction 393 org/jetbrains/kotlin/commonizer/cir/CirProperty 395 org/jetbrains/kotlin/commonizer/cir/CirFunction 400 java/util/ArrayList 410 java/util/ArrayList 419 kotlin/collections/EmptyList 421 java/util/ArrayList 432 kotlin/collections/EmptyList 434 java/util/ArrayList 441 kotlin/collections/EmptyList 452 org/jetbrains/kotlin/commonizer/cir/CirProperty 454 org/jetbrains/kotlin/commonizer/cir/CirFunction 459 org/jetbrains/kotlin/commonizer/cir/CirProperty 461 org/jetbrains/kotlin/commonizer/cir/CirFunction 466 java/util/ArrayList 480 java/util/ArrayList 487 org/jetbrains/kotlin/commonizer/cir/CirProperty 489 org/jetbrains/kotlin/commonizer/cir/CirFunction 494 org/jetbrains/kotlin/commonizer/cir/CirProperty 496 org/jetbrains/kotlin/commonizer/cir/CirFunction 501 java/util/ArrayList 512 java/util/ArrayList 519 org/jetbrains/kotlin/commonizer/cir/CirProperty 521 org/jetbrains/kotlin/commonizer/cir/CirFunction 526 org/jetbrains/kotlin/commonizer/cir/CirProperty 528 org/jetbrains/kotlin/commonizer/cir/CirFunction 551 org/jetbrains/kotlin/commonizer/core/ModalityCommonizer 558 java/util/ArrayList 569 java/util/ArrayList 576 java/util/ArrayList 583 java/util/ArrayList$Itr 594 java/util/ArrayList$Itr 601 org/jetbrains/kotlin/commonizer/cir/CirProperty 603 org/jetbrains/kotlin/commonizer/cir/CirFunction 608 org/jetbrains/kotlin/commonizer/cir/CirProperty 610 org/jetbrains/kotlin/commonizer/cir/CirFunction 615 java/util/ArrayList 625 java/util/ArrayList 634 org/jetbrains/kotlin/descriptors/Modality 652 org/jetbrains/kotlin/commonizer/core/LoweringVisibilityCommonizer 661 org/jetbrains/kotlin/descriptors/Visibilities$Public 672 java/util/ArrayList 683 java/util/ArrayList 690 java/util/ArrayList 697 java/util/ArrayList$Itr 708 java/util/ArrayList$Itr 715 org/jetbrains/kotlin/commonizer/cir/CirProperty 717 org/jetbrains/kotlin/commonizer/cir/CirFunction 722 org/jetbrains/kotlin/commonizer/cir/CirProperty 724 org/jetbrains/kotlin/commonizer/cir/CirFunction 729 java/util/ArrayList 739 java/util/ArrayList 777 org/jetbrains/kotlin/commonizer/core/TypeParameterListCommonizer 784 java/util/ArrayList 795 java/util/ArrayList 802 java/util/ArrayList 809 java/util/ArrayList$Itr 820 java/util/ArrayList$Itr 827 org/jetbrains/kotlin/commonizer/cir/CirProperty 829 org/jetbrains/kotlin/commonizer/cir/CirFunction 834 org/jetbrains/kotlin/commonizer/cir/CirProperty 836 org/jetbrains/kotlin/commonizer/cir/CirFunction 841 java/util/ArrayList 851 java/util/ArrayList 860 java/util/ArrayList methods 0
ciMethodData org/jetbrains/kotlin/commonizer/core/UnsafeNumberAnnotationUtilsKt createUnsafeNumberAnnotationIfNecessary (Ljava/util/List;Lorg/jetbrains/kotlin/commonizer/CommonizerSettings;Ljava/util/List;Ljava/util/List;Lorg/jetbrains/kotlin/commonizer/cir/CirType;)Lorg/jetbrains/kotlin/commonizer/cir/CirAnnotation; 2 63180 orig 80 0 0 0 0 0 0 0 0 0 0 0 0 187 1 0 0 0 0 0 0 0 0 0 0 0 0 0 0 0 0 0 0 0 0 0 0 0 0 0 0 0 0 0 0 0 0 0 0 0 0 0 0 0 0 0 0 0 0 0 0 0 0 0 0 0 0 0 0 0 0 0 0 0 0 0 0 0 0 0 0 data 340 0x30002 0xf6cc 0x90002 0xf6cc 0xf0002 0xf6cc 0x150002 0xf6cc 0x1c0002 0xf6cc 0x230002 0xf6cc 0x260007 0x0 0x20 0xf6cc 0x2f0002 0x0 0x320004 0x0 0x0 0x0 0x0 0x0 0x0 0x380004 0x0 0x0 0x0 0x0 0x0 0x0 0x3c0004 0x0 0x0 0x0 0x0 0x0 0x0 0x3f0002 0x0 0x420004 0x0 0x0 0x0 0x0 0x0 0x0 0x4c0005 0x0 0x0 0x0 0x0 0x0 0x0 0x550005 0x0 0x0 0x0 0x0 0x0 0x0 0x5a0007 0x0 0x368 0x0 0x5f0005 0x0 0x0 0x0 0x0 0x0 0x0 0x680004 0x0 0x0 0x0 0x0 0x0 0x0 0x720005 0x0 0x0 0x0 0x0 0x0 0x0 0x750004 0x0 0x0 0x0 0x0 0x0 0x0 0x7c0005 0x0 0x0 0x0 0x0 0x0 0x0 0x7f0004 0x0 0x0 0x0 0x0 0x0 0x0 0x860002 0x0 0x890004 0x0 0x0 0x0 0x0 0x0 0x0 0x930005 0x0 0x0 0x0 0x0 0x0 0x0 0x9c0005 0x0 0x0 0x0 0x0 0x0 0x0 0xa10007 0x0 0x128 0x0 0xa60005 0x0 0x0 0x0 0x0 0x0 0x0 0xaf0004 0x0 0x0 0x0 0x0 0x0 0x0 0xbb0005 0x0 0x0 0x0 0x0 0x0 0x0 0xc00002 0x0 0xc30005 0x0 0x0 0x0 0x0 0x0 0x0 0xcb0003 0x0 0xfffffffffffffeb8 0xd10003 0x0 0xfffffffffffffc78 0xd60004 0x0 0x0 0x0 0x0 0x0 0x0 0xe00005 0x0 0x0 0x0 0x0 0x0 0x0 0xe90005 0x0 0x0 0x0 0x0 0x0 0x0 0xee0007 0x0 0x318 0x0 0xf30005 0x0 0x0 0x0 0x0 0x0 0x0 0xfc0004 0x0 0x0 0x0 0x0 0x0 0x0 0x1060005 0x0 0x0 0x0 0x0 0x0 0x0 0x10b0004 0x0 0x0 0x0 0x0 0x0 0x0 0x1150005 0x0 0x0 0x0 0x0 0x0 0x0 0x11e0005 0x0 0x0 0x0 0x0 0x0 0x0 0x1230007 0x0 0xc8 0x0 0x1280005 0x0 0x0 0x0 0x0 0x0 0x0 0x1310004 0x0 0x0 0x0 0x0 0x0 0x0 0x1340007 0x0 0xffffffffffffff38 0x0 0x1390003 0x0 0x18 0x13d0004 0x0 0x0 0x0 0x0 0x0 0x0 0x1440007 0x0 0x90 0x0 0x14b0005 0x0 0x0 0x0 0x0 0x0 0x0 0x14e0005 0x0 0x0 0x0 0x0 0x0 0x0 0x1550003 0x0 0xfffffffffffffcc8 0x15b0005 0x0 0x0 0x0 0x0 0x0 0x0 0x1600004 0x0 0x0 0x0 0x0 0x0 0x0 0x1630002 0x0 0x1660005 0x0 0x0 0x0 0x0 0x0 0x0 0x16c0007 0x0 0x68 0x0 0x1750002 0x0 0x1780004 0x0 0x0 0x0 0x0 0x0 0x0 0x0 0x0 0x0 0x0 0x0 0x0 0x9 0x5 0x0 0x0 0x0 0x0 0x0 oops 0 methods 0
ciMethodData kotlin/collections/CollectionsKt__CollectionsKt listOfNotNull (Ljava/lang/Object;)Ljava/util/List; 2 28947 orig 80 0 0 0 0 0 0 0 0 0 0 0 0 187 1 0 0 0 0 0 0 0 0 0 0 0 0 0 0 0 0 0 0 0 0 0 0 0 0 0 0 0 0 0 0 0 0 0 0 0 0 0 0 0 0 0 0 0 0 0 0 0 0 0 0 0 0 0 0 0 0 0 0 0 0 0 0 0 0 0 0 data 20 0x20007 0x7111 0x48 0x2 0x50002 0x2 0x80003 0x2 0x28 0xc0002 0x7111 0x0 0x0 0x0 0x0 0x0 0x0 0x9 0x1 0x0 oops 0 methods 0
ciMethodData org/jetbrains/kotlin/commonizer/core/ModalityCommonizer <init> ()V 2 41057 orig 80 0 0 0 0 0 0 0 0 0 0 0 0 187 1 0 0 0 0 0 0 0 0 0 0 0 0 0 0 0 0 0 0 0 0 0 0 0 0 0 0 0 0 0 0 0 0 0 0 0 0 0 0 0 0 0 0 0 0 0 0 0 0 0 0 0 0 0 0 0 0 0 0 0 0 0 0 0 0 0 0 data 7 0x10002 0xa061 0x0 0x0 0x9 0x1 0x0 oops 0 methods 0
ciMethodData org/jetbrains/kotlin/commonizer/core/VisibilityCommonizer$Companion lowering ()Lorg/jetbrains/kotlin/commonizer/core/VisibilityCommonizer; 2 29066 orig 80 0 0 0 0 0 0 0 0 0 0 0 0 187 1 0 0 0 0 0 0 0 0 0 0 0 0 0 0 0 0 0 0 0 0 0 0 0 0 0 0 0 0 0 0 0 0 0 0 0 0 0 0 0 0 0 0 0 0 0 0 0 0 0 0 0 0 0 0 0 0 0 0 0 0 0 0 0 0 0 0 data 18 0x40002 0x718a 0x70004 0x0 0x0 0x1bb6d62c788 0x1a3 0x0 0x0 0x0 0x0 0x0 0x0 0x0 0x0 0x9 0x1 0x0 oops 1 5 org/jetbrains/kotlin/commonizer/core/LoweringVisibilityCommonizer methods 0
ciMethodData org/jetbrains/kotlin/commonizer/core/LoweringVisibilityCommonizer <init> ()V 2 29068 orig 80 0 0 0 0 0 0 0 0 0 0 0 0 187 1 0 0 0 0 0 0 0 0 0 0 0 0 0 0 0 0 0 0 0 0 0 0 0 0 0 0 0 0 0 0 0 0 0 0 0 0 0 0 0 0 0 0 0 0 0 0 0 0 0 0 0 0 0 0 0 0 0 0 0 0 0 0 0 0 0 0 data 7 0x10002 0x718c 0x0 0x0 0x9 0x1 0x0 oops 0 methods 0
ciMethodData org/jetbrains/kotlin/commonizer/core/VisibilityCommonizer <init> ()V 2 59409 orig 80 0 0 0 0 0 0 0 0 0 0 0 0 187 1 0 0 0 0 0 0 0 0 0 0 0 0 0 0 0 0 0 0 0 0 0 0 0 0 0 0 0 0 0 0 0 0 0 0 0 0 0 0 0 0 0 0 0 0 0 0 0 0 0 0 0 0 0 0 0 0 0 0 0 0 0 0 0 0 0 0 data 7 0x10002 0xe811 0x0 0x0 0x9 0x1 0x0 oops 0 methods 0
ciMethodData org/jetbrains/kotlin/commonizer/core/ExtensionReceiverCommonizer invoke (Ljava/util/List;)Lorg/jetbrains/kotlin/commonizer/core/ExtensionReceiverCommonizer$Commonized; 2 42383 orig 80 0 0 0 0 0 0 0 0 0 0 0 0 187 1 0 0 0 0 0 0 0 0 0 0 0 0 0 0 0 0 0 0 0 0 0 0 0 0 0 0 0 0 0 0 0 0 0 0 0 0 0 0 0 0 0 0 0 0 0 0 0 0 0 0 0 0 0 0 0 0 0 0 0 0 0 0 0 0 0 0 data 301 0x30002 0xa58f 0x70004 0x0 0x0 0x1bb6783c1e8 0xa58f 0x0 0x0 0xe0004 0x0 0x0 0x1bb6783c1e8 0xa58f 0x0 0x0 0x110007 0x0 0xc8 0xa58f 0x150004 0x0 0x0 0x1bb6783c1e8 0xa58f 0x0 0x0 0x180005 0x0 0x0 0x1bb6783c1e8 0xa58f 0x0 0x0 0x1d0007 0xa58f 0x38 0x0 0x210003 0x0 0x188 0x250005 0x0 0x0 0x1bb6783c1e8 0xa58f 0x0 0x0 0x2e0005 0x0 0x0 0x1bb6d62c208 0x1db2b 0x0 0x0 0x330007 0x9ace 0x100 0x1405d 0x380005 0x0 0x0 0x1bb6d62c208 0x1405d 0x0 0x0 0x410104 0x0 0x0 0x1bb6c51e1d8 0xac1 0x0 0x0 0x4b0007 0xac1 0x38 0x1359c 0x4f0003 0x1359c 0x18 0x530007 0x1359c 0xffffffffffffff00 0xac1 0x570003 0xac1 0x18 0x5b0007 0xac1 0x58 0x9ace 0x610005 0x9ace 0x0 0x0 0x0 0x0 0x0 0x660004 0x0 0x0 0x1bb6783c1e8 0xac1 0x0 0x0 0x6d0004 0x0 0x0 0x1bb6783c1e8 0xac1 0x0 0x0 0x700007 0x0 0xc8 0xac1 0x740004 0x0 0x0 0x1bb6783c1e8 0xac1 0x0 0x0 0x770005 0x0 0x0 0x1bb6783c1e8 0xac1 0x0 0x0 0x7c0007 0xac1 0x38 0x0 0x800003 0x0 0x188 0x840005 0x0 0x0 0x1bb6783c1e8 0xac1 0x0 0x0 0x8d0005 0x0 0x0 0x1bb6d62c208 0x2043 0x0 0x0 0x920007 0xac1 0x100 0x1582 0x970005 0x0 0x0 0x1bb6d62c208 0x1582 0x0 0x0 0xa00004 0x0 0x0 0x1bb6c51e1d8 0x1582 0x0 0x0 0xaa0007 0x1582 0x38 0x0 0xae0003 0x0 0x18 0xb20007 0x1582 0xffffffffffffff00 0x0 0xb60003 0x0 0x18 0xba0007 0xac1 0x20 0x0 0xbf0002 0xac1 0xc70004 0x0 0x0 0x1bb6783c1e8 0xac1 0x0 0x0 0xdc0002 0xac1 0xdf0002 0xac1 0xe20004 0x0 0x0 0x1bb6783c1e8 0x47 0x0 0x0 0xec0005 0x0 0x0 0x1bb6783c1e8 0xac1 0x0 0x0 0xf50005 0x0 0x0 0x1bb6d62c208 0x2043 0x0 0x0 0xfa0007 0xac1 0x180 0x1582 0xff0005 0x0 0x0 0x1bb6d62c208 0x1582 0x0 0x0 0x10a0004 0x0 0x0 0x1bb6c51e1d8 0x1582 0x0 0x0 0x1170007 0x1582 0x68 0x0 0x1250005 0x0 0x0 0x0 0x0 0x0 0x0 0x1280002 0x0 0x12c0005 0x1582 0x0 0x0 0x0 0x0 0x0 0x1320005 0x0 0x0 0x1bb6783c1e8 0x1582 0x0 0x0 0x1380003 0x1582 0xfffffffffffffe60 0x13d0004 0x0 0x0 0x1bb6783c1e8 0xac1 0x0 0x0 0x1490005 0xac1 0x0 0x0 0x0 0x0 0x0 0x14d0007 0xac1 0x20 0x0 0x15f0002 0xac1 0x16a0002 0xac1 0x0 0x0 0x0 0x0 0x0 0x0 0x9 0x2 0x0 0x0 oops 24 5 java/util/ArrayList 12 java/util/ArrayList 23 java/util/ArrayList 30 java/util/ArrayList 44 java/util/ArrayList 51 java/util/ArrayList$Itr 62 java/util/ArrayList$Itr 69 org/jetbrains/kotlin/commonizer/cir/CirExtensionReceiver 101 java/util/ArrayList 108 java/util/ArrayList 119 java/util/ArrayList 126 java/util/ArrayList 140 java/util/ArrayList 147 java/util/ArrayList$Itr 158 java/util/ArrayList$Itr 165 org/jetbrains/kotlin/commonizer/cir/CirExtensionReceiver 192 java/util/ArrayList 203 java/util/ArrayList 210 java/util/ArrayList 217 java/util/ArrayList$Itr 228 java/util/ArrayList$Itr 235 org/jetbrains/kotlin/commonizer/cir/CirExtensionReceiver 262 java/util/ArrayList 272 java/util/ArrayList methods 0
ciMethodData org/jetbrains/kotlin/commonizer/core/TypeParameterListCommonizer <init> (Lorg/jetbrains/kotlin/commonizer/core/TypeCommonizer;)V 2 59458 orig 80 0 0 0 0 0 0 0 0 0 0 0 0 187 1 0 0 0 0 0 0 0 0 0 0 0 0 0 0 0 0 0 0 0 0 0 0 0 0 0 0 0 0 0 0 0 0 0 0 0 0 0 0 0 0 0 0 0 0 0 0 0 0 0 0 0 0 0 0 0 0 0 0 0 0 0 0 0 0 0 0 data 20 0x30002 0xe842 0x8000a 0xe842 0x3 0x0 0x1bb6c51e8a0 0x1bb67948558 0xd0002 0xe842 0x0 0x0 0x0 0x0 0x0 0x0 0x9 0x2 0x4 0x0 oops 2 6 org/jetbrains/kotlin/commonizer/core/TypeCommonizer 7  @bci org/jetbrains/kotlin/commonizer/core/TypeParameterListCommonizer <init> (Lorg/jetbrains/kotlin/commonizer/core/TypeCommonizer;)V 8 <appendix> member <vmtarget> ; methods 0
ciMethodData  @bci org/jetbrains/kotlin/commonizer/core/TypeParameterListCommonizer <init> (Lorg/jetbrains/kotlin/commonizer/core/TypeCommonizer;)V 8 <appendix> member <vmtarget> ; <init> (Lorg/jetbrains/kotlin/commonizer/core/TypeCommonizer;)V 2 59459 orig 80 0 0 0 0 0 0 0 0 0 0 0 0 0 0 0 0 0 0 0 0 0 0 0 0 0 0 0 0 0 0 0 0 0 0 0 0 0 0 0 0 0 0 0 0 0 0 0 0 0 0 0 0 0 0 0 0 0 0 0 0 0 0 0 0 0 0 0 0 0 0 0 0 0 0 0 0 0 0 0 0 data 10 0x10002 0xe843 0x0 0x0 0x0 0x0 0x9 0x2 0x6 0x0 oops 0 methods 0
ciMethodData org/jetbrains/kotlin/commonizer/core/FunctionOrPropertyBaseCommonizer$FunctionOrProperty <init> (Lorg/jetbrains/kotlin/commonizer/cir/CirName;Lorg/jetbrains/kotlin/commonizer/cir/CirFunctionOrProperty$Kind;Lorg/jetbrains/kotlin/descriptors/Modality;Lorg/jetbrains/kotlin/descriptors/Visibility;Lorg/jetbrains/kotlin/commonizer/cir/CirExtensionReceiver;Lorg/jetbrains/kotlin/commonizer/cir/CirType;Ljava/util/List;Ljava/util/List;)V 2 61674 orig 80 0 0 0 0 0 0 0 0 0 0 0 0 187 1 0 0 0 0 0 0 0 0 0 0 0 0 0 0 0 0 0 0 0 0 0 0 0 0 0 0 0 0 0 0 0 0 0 0 0 0 0 0 0 0 0 0 0 0 0 0 0 0 0 0 0 0 0 0 0 0 0 0 0 0 0 0 0 0 0 0 data 34 0x30002 0xf0ea 0x90002 0xf0ea 0xf0002 0xf0ea 0x160002 0xf0ea 0x1d0002 0xf0ea 0x240002 0xf0ea 0x2b0002 0xf0ea 0x2f0002 0xf0ea 0x0 0x0 0x0 0x0 0x0 0x0 0x0 0x9 0x9 0x3e 0x0 0x0 0x0 0x0 0x0 0x0 0x0 0x0 oops 0 methods 0
ciMethodData org/jetbrains/kotlin/descriptors/Visibilities compare (Lorg/jetbrains/kotlin/descriptors/Visibility;Lorg/jetbrains/kotlin/descriptors/Visibility;)Ljava/lang/Integer; 2 43716 orig 80 0 0 0 0 0 0 0 0 0 0 0 0 0 0 0 0 0 0 0 0 0 0 0 0 0 0 0 0 0 0 0 0 0 0 0 0 0 0 0 0 0 0 0 0 0 0 0 0 0 0 0 0 0 0 0 0 0 0 0 0 0 0 0 0 0 0 0 0 0 0 0 0 0 0 0 0 0 0 0 0 data 49 0x30002 0xaac5 0x90002 0xaac5 0xe0005 0x0 0x0 0x1bb6d62c838 0xa56f 0x1bb6fa18d70 0x556 0x130007 0x0 0x20 0xaac5 0x1a0005 0x0 0x0 0x0 0x0 0x0 0x0 0x210007 0x0 0x80 0x0 0x260005 0x0 0x0 0x0 0x0 0x0 0x0 0x2a0002 0x0 0x2d0003 0x0 0x18 0x0 0x0 0x0 0x0 0x0 0x0 0x9 0x3 0x0 0xffffffffffffffff 0xffffffffffffffff oops 2 7 org/jetbrains/kotlin/descriptors/Visibilities$Public 9 org/jetbrains/kotlin/descriptors/Visibilities$Protected methods 0
ciMethodData org/jetbrains/kotlin/descriptors/Visibility compareTo (Lorg/jetbrains/kotlin/descriptors/Visibility;)Ljava/lang/Integer; 2 43716 orig 80 0 0 0 0 0 0 0 0 0 0 0 0 0 0 0 0 0 0 0 0 0 0 0 0 0 0 0 0 0 0 0 0 0 0 0 0 0 0 0 0 0 0 0 0 0 0 0 0 0 0 0 0 0 0 0 0 0 0 0 0 0 0 0 0 0 0 0 0 0 0 0 0 0 0 0 0 0 0 0 0 data 19 0x30002 0xaac5 0xb0005 0xaac5 0x0 0x0 0x0 0x0 0x0 0x0 0x0 0x0 0x0 0x0 0x0 0x9 0x2 0xffffffffffffffff 0xffffffffffffffff oops 0 methods 0
ciMethodData org/jetbrains/kotlin/descriptors/Visibilities compareLocal$org_jetbrains_kotlin_compiler_common (Lorg/jetbrains/kotlin/descriptors/Visibility;Lorg/jetbrains/kotlin/descriptors/Visibility;)Ljava/lang/Integer; 2 43682 orig 80 0 0 0 0 0 0 0 0 0 0 0 0 0 0 0 0 0 0 0 0 0 0 0 0 0 0 0 0 0 0 0 0 0 0 0 0 0 0 0 0 0 0 0 0 0 0 0 0 0 0 0 0 0 0 0 0 0 0 0 0 0 0 0 0 0 0 0 0 0 0 0 0 0 0 0 0 0 0 0 0 data 82 0x30002 0xaaa3 0x90002 0xaaa3 0xe0007 0x0 0x30 0xaaa3 0x120002 0xaaa3 0x1a0005 0x0 0x0 0x0 0x0 0x0 0x0 0x1f0004 0x0 0x0 0x0 0x0 0x0 0x0 0x270005 0x0 0x0 0x0 0x0 0x0 0x0 0x2c0004 0x0 0x0 0x0 0x0 0x0 0x0 0x320007 0x0 0x70 0x0 0x370007 0x0 0x50 0x0 0x3d0002 0x0 0x400007 0x0 0x38 0x0 0x440003 0x0 0x98 0x480005 0x0 0x0 0x0 0x0 0x0 0x0 0x4d0005 0x0 0x0 0x0 0x0 0x0 0x0 0x510002 0x0 0x0 0x0 0x0 0x0 0x0 0x0 0x9 0x3 0x0 0xffffffffffffffff 0xffffffffffffffff oops 0 methods 0
ciMethodData org/jetbrains/kotlin/commonizer/core/VisibilityCommonizer getResult ()Lorg/jetbrains/kotlin/descriptors/Visibility; 2 43118 orig 80 0 0 0 0 0 0 0 0 0 0 0 0 0 0 0 0 0 0 0 0 0 0 0 0 0 0 0 0 0 0 0 0 0 0 0 0 0 0 0 0 0 0 0 0 0 0 0 0 0 0 0 0 0 0 0 0 0 0 0 0 0 0 0 0 0 0 0 0 0 0 0 0 0 0 0 0 0 0 0 0 data 34 0x10004 0x0 0x0 0x1bb6d62c788 0x27 0x1bb71051c38 0xb 0x110002 0xa86f 0x1a0007 0xa86f 0x40 0x0 0x1e0002 0x0 0x260002 0x0 0x2b0007 0xa86f 0x40 0x0 0x2f0002 0x0 0x370002 0x0 0x0 0x0 0x0 0x0 0x0 0x0 0x9 0x1 0x0 oops 2 3 org/jetbrains/kotlin/commonizer/core/LoweringVisibilityCommonizer 5 org/jetbrains/kotlin/commonizer/core/EqualizingVisibilityCommonizer methods 0
ciMethodData org/jetbrains/kotlin/commonizer/core/AnnotationsCommonizer commonize (Ljava/util/List;Ljava/util/List;)Ljava/util/List; 2 49970 orig 80 1 0 0 0 0 0 0 0 0 0 0 0 0 0 0 0 0 0 0 0 0 0 0 0 0 0 0 0 0 0 0 0 0 0 0 0 0 0 0 0 0 0 0 0 0 0 0 0 0 0 0 0 0 0 0 0 0 0 0 0 0 0 0 0 0 0 0 0 0 0 0 0 0 0 0 0 0 0 0 0 data 232 0x30002 0xc332 0x90002 0xc332 0xd0004 0x0 0x0 0x1bb6e3ea210 0x684f 0x1bb6d62c578 0x3d11 0x190002 0xc332 0x1c0002 0xc332 0x210002 0xc332 0x300002 0xc332 0x330004 0x0 0x0 0x1bb6e0f7700 0x231 0x0 0x0 0x3d0005 0x1dd2 0x0 0x1bb6e3ea210 0x684f 0x1bb6d62c578 0x3d11 0x460005 0x60b3 0x0 0x1bb6e1031d0 0xd09e 0x1bb6e103280 0x3d11 0x4b0007 0xc332 0x150 0xab30 0x500005 0x0 0x0 0x1bb6e1031d0 0x684f 0x1bb6d62c208 0x42e1 0x5b0004 0x0 0x0 0x1bb6e103330 0xab30 0x0 0x0 0x670005 0x0 0x0 0x1bb6e103330 0xab30 0x0 0x0 0x6c0005 0xa97c 0x0 0x1bb6e1033e0 0x1b4 0x0 0x0 0x740005 0x0 0x0 0x1bb6e0f7700 0xab30 0x0 0x0 0x7a0003 0xab30 0xfffffffffffffe90 0x820004 0x0 0x0 0x1bb6e3ea210 0x6d67 0x1bb6d62c578 0x4189 0x8e0002 0xc332 0x910002 0xc332 0x960002 0xc332 0xa50002 0xc332 0xa80004 0x0 0x0 0x1bb6e0f7700 0x231 0x0 0x0 0xb20005 0x1442 0x0 0x1bb6e3ea210 0x6d67 0x1bb6d62c578 0x4189 0xbb0005 0x4f1f 0x0 0x1bb6e1031d0 0xdacf 0x1bb6e103280 0x4189 0xc00007 0xc333 0x150 0xa844 0xc50005 0x0 0x0 0x1bb6e1031d0 0x6d67 0x1bb6d62c208 0x3add 0xd00004 0x0 0x0 0x1bb6e103330 0xa844 0x0 0x0 0xdc0005 0x0 0x0 0x1bb6e103330 0xa844 0x0 0x0 0xe10005 0xa697 0x0 0x1bb6e1033e0 0x1ad 0x0 0x0 0xe90005 0x0 0x0 0x1bb6e0f7700 0xa844 0x0 0x0 0xef0003 0xa844 0xfffffffffffffe90 0xf70002 0xc333 0x10a0002 0xc333 0x10d0004 0x0 0x0 0x1bb6e103490 0xc333 0x0 0x0 0x1100005 0x0 0x0 0x1bb6e103490 0xc333 0x0 0x0 0x11c0002 0xc333 0x1200007 0xaeb4 0x70 0x147f 0x12c0005 0x0 0x0 0x1bb6e103490 0x147f 0x0 0x0 0x1320003 0x147f 0x18 0x13f0002 0xc333 0x1420004 0x0 0x0 0x1bb6783c1e8 0xc334 0x0 0x0 0x1450005 0x0 0x0 0x1bb6e103490 0xc334 0x0 0x0 0x14e0002 0xc334 0x1510004 0x0 0x0 0x1bb6e103490 0xc334 0x0 0x0 0x1540002 0xc334 0x0 0x0 0x0 0x0 0x0 0x0 0x9 0x3 0x0 0x0 0x0 oops 32 7 java/util/Collections$SingletonList 9 kotlin/collections/EmptyList 22 java/util/LinkedHashMap 29 java/util/Collections$SingletonList 31 kotlin/collections/EmptyList 36 java/util/Collections$1 38 kotlin/collections/EmptyIterator 47 java/util/Collections$1 49 java/util/ArrayList$Itr 54 org/jetbrains/kotlin/commonizer/cir/CirAnnotationInternedImpl 61 org/jetbrains/kotlin/commonizer/cir/CirAnnotationInternedImpl 68 org/jetbrains/kotlin/commonizer/cir/CirClassTypeInternedImpl 75 java/util/LinkedHashMap 85 java/util/Collections$SingletonList 87 kotlin/collections/EmptyList 100 java/util/LinkedHashMap 107 java/util/Collections$SingletonList 109 kotlin/collections/EmptyList 114 java/util/Collections$1 116 kotlin/collections/EmptyIterator 125 java/util/Collections$1 127 java/util/ArrayList$Itr 132 org/jetbrains/kotlin/commonizer/cir/CirAnnotationInternedImpl 139 org/jetbrains/kotlin/commonizer/cir/CirAnnotationInternedImpl 146 org/jetbrains/kotlin/commonizer/cir/CirClassTypeInternedImpl 153 java/util/LinkedHashMap 167 kotlin/collections/builders/ListBuilder 174 kotlin/collections/builders/ListBuilder 187 kotlin/collections/builders/ListBuilder 199 java/util/ArrayList 206 kotlin/collections/builders/ListBuilder 215 kotlin/collections/builders/ListBuilder methods 0
ciMethodData org/jetbrains/kotlin/commonizer/core/AnnotationsCommonizer commonize (Ljava/lang/Object;Ljava/lang/Object;)Ljava/lang/Object; 2 39642 orig 80 0 0 0 0 0 0 0 0 0 0 0 0 0 0 0 0 0 0 0 0 0 0 0 0 0 0 0 0 0 0 0 0 0 0 0 0 0 0 0 0 0 0 0 0 0 0 0 0 0 0 0 0 0 0 0 0 0 0 0 0 0 0 0 0 0 0 0 0 0 0 0 0 0 0 0 0 0 0 0 0 data 32 0x20004 0x0 0x0 0x1bb6783c1e8 0xf76 0x1bb6e3ea210 0x5757 0x60004 0x0 0x0 0x1bb6783c1e8 0xf76 0x1bb6e3ea210 0x5757 0x90005 0x9adb 0x0 0x0 0x0 0x0 0x0 0x0 0x0 0x0 0x0 0x0 0x0 0x9 0x3 0x0 0x0 0x0 oops 4 3 java/util/ArrayList 5 java/util/Collections$SingletonList 10 java/util/ArrayList 12 java/util/Collections$SingletonList methods 0
ciMethodData org/jetbrains/kotlin/commonizer/cir/CirFunctionOrProperty isVirtual ()Z 2 31517 orig 80 0 0 0 0 0 0 0 0 0 0 0 0 187 1 0 0 0 0 0 0 0 0 0 0 0 0 0 0 0 0 0 0 0 0 0 0 0 0 0 4 0 0 0 0 0 0 0 0 0 0 0 0 0 0 0 0 0 0 0 0 0 0 0 0 0 0 0 0 0 0 0 0 0 0 0 0 0 0 0 0 data 86 0x10005 0x0 0x0 0x1bb6d62c368 0x3f2a 0x1bb6d62c2b8 0x3bf3 0x90002 0x7b1d 0xc0007 0x0 0x220 0x7b1d 0x100005 0x0 0x0 0x1bb6d62c368 0x3f2a 0x1bb6d62c2b8 0x3bf3 0x180007 0x4a64 0x1c8 0x30b9 0x1c0005 0x0 0x0 0x1bb6d62c368 0x302c 0x1bb6d62c2b8 0x8d 0x8000000600220007 0x46f 0x70 0x2c4e 0x250005 0x0 0x0 0x1bb71051b88 0x2c4e 0x0 0x0 0x2a0003 0x2c4e 0x18 0x320007 0x303b 0xe8 0x82 0x360005 0x0 0x0 0x1bb6d62c2b8 0x82 0x0 0x0 0x3c0007 0x0 0x70 0x82 0x3f0005 0x0 0x0 0x1bb71051b88 0x82 0x0 0x0 0x440003 0x82 0x18 0x4c0007 0x0 0x38 0x82 0x500003 0x30bd 0x18 0x0 0x0 0x0 0x0 0x0 0x0 0x9 0x1 0x0 oops 9 3 org/jetbrains/kotlin/commonizer/cir/CirFunction 5 org/jetbrains/kotlin/commonizer/cir/CirProperty 16 org/jetbrains/kotlin/commonizer/cir/CirFunction 18 org/jetbrains/kotlin/commonizer/cir/CirProperty 27 org/jetbrains/kotlin/commonizer/cir/CirFunction 29 org/jetbrains/kotlin/commonizer/cir/CirProperty 38 org/jetbrains/kotlin/commonizer/cir/CirClassImpl 52 org/jetbrains/kotlin/commonizer/cir/CirProperty 63 org/jetbrains/kotlin/commonizer/cir/CirClassImpl methods 0
ciMethodData org/jetbrains/kotlin/commonizer/core/ModalityCommonizer getResult ()Lorg/jetbrains/kotlin/descriptors/Modality; 2 32287 orig 80 0 0 0 0 0 0 0 0 0 0 0 0 0 0 0 0 0 0 0 0 0 0 0 0 0 0 0 0 0 0 0 0 0 0 0 0 0 0 0 0 0 0 0 0 0 0 0 0 0 0 0 0 0 0 0 0 0 0 0 0 0 0 0 0 0 0 0 0 0 0 0 0 0 0 0 0 0 0 0 0 data 32 0x10004 0x0 0x0 0x1bb6d62c628 0x3 0x0 0x0 0x140007 0x7e20 0x40 0x0 0x180002 0x0 0x200002 0x0 0x250007 0x7e20 0x40 0x0 0x290002 0x0 0x310002 0x0 0x0 0x0 0x0 0x0 0x0 0x0 0x9 0x1 0x0 oops 1 3 org/jetbrains/kotlin/commonizer/core/ModalityCommonizer methods 0
ciMethodData org/jetbrains/kotlin/commonizer/core/LoweringVisibilityCommonizer getNext (Lorg/jetbrains/kotlin/descriptors/Visibility;Lorg/jetbrains/kotlin/descriptors/Visibility;)Lorg/jetbrains/kotlin/descriptors/Visibility; 2 22956 orig 80 0 0 0 0 0 0 0 0 0 0 0 0 0 0 0 0 0 0 0 0 0 0 0 0 0 0 0 0 0 0 0 0 0 0 0 0 0 0 0 0 0 0 0 0 0 0 0 0 0 0 0 0 0 0 0 0 0 0 0 0 0 0 0 0 0 0 0 0 0 0 0 0 0 0 0 0 0 0 0 0 data 76 0x30002 0x59ad 0x90002 0x59ad 0x110005 0x59ad 0x0 0x0 0x0 0x0 0x0 0x150007 0x0 0x70 0x59ad 0x180005 0x59ad 0x0 0x0 0x0 0x0 0x0 0x1b0003 0x59ad 0x50 0x220004 0x0 0x0 0x0 0x0 0x0 0x0 0x2b0007 0x0 0x58 0x59ad 0x300007 0x59ad 0x38 0x0 0x340003 0x0 0x18 0x3f0007 0x2ec7 0x78 0x2ae6 0x460007 0x2ae6 0x58 0x0 0x4c0004 0x0 0x0 0x0 0x0 0x0 0x0 0x510007 0x0 0x38 0x59ad 0x550003 0x59ad 0x18 0x0 0x0 0x0 0x0 0x0 0x0 0x9 0x3 0x0 0x0 0x0 oops 0 methods 0
ciMethodData org/jetbrains/kotlin/commonizer/core/VisibilityCommonizer getResult ()Ljava/lang/Object; 2 25519 orig 80 0 0 0 0 0 0 0 0 0 0 0 0 0 0 0 0 0 0 0 0 0 0 0 0 0 0 0 0 0 0 0 0 0 0 0 0 0 0 0 0 0 0 0 0 0 0 0 0 0 0 0 0 0 0 0 0 0 0 0 0 0 0 0 0 0 0 0 0 0 0 0 0 0 0 0 0 0 0 0 0 data 16 0x10005 0x0 0x0 0x1bb6d62c788 0x63b0 0x0 0x0 0x0 0x0 0x0 0x0 0x0 0x0 0x9 0x1 0x0 oops 1 3 org/jetbrains/kotlin/commonizer/core/LoweringVisibilityCommonizer methods 0
ciMethodData org/jetbrains/kotlin/commonizer/core/ModalityCommonizer getResult ()Ljava/lang/Object; 2 19751 orig 80 0 0 0 0 0 0 0 0 0 0 0 0 0 0 0 0 0 0 0 0 0 0 0 0 0 0 0 0 0 0 0 0 0 0 0 0 0 0 0 0 0 0 0 0 0 0 0 0 0 0 0 0 0 0 0 0 0 0 0 0 0 0 0 0 0 0 0 0 0 0 0 0 0 0 0 0 0 0 0 0 data 16 0x10005 0x4d28 0x0 0x0 0x0 0x0 0x0 0x0 0x0 0x0 0x0 0x0 0x0 0x9 0x1 0x0 oops 0 methods 0
compile org/jetbrains/kotlin/commonizer/core/FunctionOrPropertyBaseCommonizer invoke (Ljava/util/List;)Lorg/jetbrains/kotlin/commonizer/core/FunctionOrPropertyBaseCommonizer$FunctionOrProperty; -1 4 inline 271 0 -1 0 org/jetbrains/kotlin/commonizer/core/FunctionOrPropertyBaseCommonizer invoke (Ljava/util/List;)Lorg/jetbrains/kotlin/commonizer/core/FunctionOrPropertyBaseCommonizer$FunctionOrProperty; 1 3 0 kotlin/jvm/internal/Intrinsics checkNotNullParameter (Ljava/lang/Object;Ljava/lang/String;)V 1 7 0 java/util/ArrayList isEmpty ()Z 1 35 0 java/util/ArrayList isEmpty ()Z 1 48 0 java/util/ArrayList iterator ()Ljava/util/Iterator; 2 5 0 java/util/ArrayList$Itr <init> (Ljava/util/ArrayList;)V 3 6 0 java/lang/Object <init> ()V 1 57 0 java/util/ArrayList$Itr hasNext ()Z 1 67 0 java/util/ArrayList$Itr next ()Ljava/lang/Object; 2 1 0 java/util/ArrayList$Itr checkForComodification ()V 1 86 0 org/jetbrains/kotlin/commonizer/cir/CirFunction getKind ()Lorg/jetbrains/kotlin/commonizer/cir/CirFunctionOrProperty$Kind; 1 86 0 org/jetbrains/kotlin/commonizer/cir/CirProperty getKind ()Lorg/jetbrains/kotlin/commonizer/cir/CirFunctionOrProperty$Kind; 1 133 0 java/util/ArrayList isEmpty ()Z 1 146 0 java/util/ArrayList iterator ()Ljava/util/Iterator; 2 5 0 java/util/ArrayList$Itr <init> (Ljava/util/ArrayList;)V 3 6 0 java/lang/Object <init> ()V 1 155 0 java/util/ArrayList$Itr hasNext ()Z 1 165 0 java/util/ArrayList$Itr next ()Ljava/lang/Object; 2 1 0 java/util/ArrayList$Itr checkForComodification ()V 1 184 0 org/jetbrains/kotlin/commonizer/cir/CirFunction getKind ()Lorg/jetbrains/kotlin/commonizer/cir/CirFunctionOrProperty$Kind; 1 184 0 org/jetbrains/kotlin/commonizer/cir/CirProperty getKind ()Lorg/jetbrains/kotlin/commonizer/cir/CirFunctionOrProperty$Kind; 1 264 0 org/jetbrains/kotlin/commonizer/mergedtree/CirKnownClassifiers getClassifierIndices ()Lorg/jetbrains/kotlin/commonizer/TargetDependent; 1 267 0 org/jetbrains/kotlin/commonizer/FactoryBasedTargetDependent getTargets ()Ljava/util/List; 1 304 0 kotlin/collections/CollectionsKt__IterablesKt collectionSizeOrDefault (Ljava/lang/Iterable;I)I 2 3 0 kotlin/jvm/internal/Intrinsics checkNotNullParameter (Ljava/lang/Object;Ljava/lang/String;)V 2 17 0 java/util/ArrayList size ()I 1 307 0 java/util/ArrayList <init> (I)V 2 1 0 java/util/AbstractList <init> ()V 3 1 0 java/util/AbstractCollection <init> ()V 4 1 0 java/lang/Object <init> ()V 1 320 0 java/util/ArrayList iterator ()Ljava/util/Iterator; 2 5 0 java/util/ArrayList$Itr <init> (Ljava/util/ArrayList;)V 3 6 0 java/lang/Object <init> ()V 1 329 0 java/util/ArrayList$Itr hasNext ()Z 1 339 0 java/util/ArrayList$Itr next ()Ljava/lang/Object; 2 1 0 java/util/ArrayList$Itr checkForComodification ()V 1 362 0 org/jetbrains/kotlin/commonizer/cir/CirFunction getReturnType ()Lorg/jetbrains/kotlin/commonizer/cir/CirType; 1 362 0 org/jetbrains/kotlin/commonizer/cir/CirProperty getReturnType ()Lorg/jetbrains/kotlin/commonizer/cir/CirType; 1 370 0 java/util/ArrayList add (Ljava/lang/Object;)Z 2 20 0 java/util/ArrayList add (Ljava/lang/Object;[Ljava/lang/Object;I)V 1 429 0 kotlin/collections/CollectionsKt__IterablesKt collectionSizeOrDefault (Ljava/lang/Iterable;I)I 2 3 0 kotlin/jvm/internal/Intrinsics checkNotNullParameter (Ljava/lang/Object;Ljava/lang/String;)V 2 17 0 java/util/ArrayList size ()I 1 432 0 java/util/ArrayList <init> (I)V 2 1 0 java/util/AbstractList <init> ()V 3 1 0 java/util/AbstractCollection <init> ()V 4 1 0 java/lang/Object <init> ()V 1 445 0 java/util/ArrayList iterator ()Ljava/util/Iterator; 2 5 0 java/util/ArrayList$Itr <init> (Ljava/util/ArrayList;)V 3 6 0 java/lang/Object <init> ()V 1 454 0 java/util/ArrayList$Itr hasNext ()Z 1 464 0 java/util/ArrayList$Itr next ()Ljava/lang/Object; 2 1 0 java/util/ArrayList$Itr checkForComodification ()V 1 487 0 org/jetbrains/kotlin/commonizer/cir/CirFunction getAnnotations ()Ljava/util/List; 1 487 0 org/jetbrains/kotlin/commonizer/cir/CirProperty getAnnotations ()Ljava/util/List; 1 495 0 java/util/ArrayList add (Ljava/lang/Object;)Z 2 20 0 java/util/ArrayList add (Ljava/lang/Object;[Ljava/lang/Object;I)V 1 513 0 org/jetbrains/kotlin/commonizer/core/AssociativeCommonizerKt commonize (Lorg/jetbrains/kotlin/commonizer/core/AssociativeCommonizer;Ljava/util/List;)Ljava/lang/Object; 2 3 0 kotlin/jvm/internal/Intrinsics checkNotNullParameter (Ljava/lang/Object;Ljava/lang/String;)V 2 9 0 kotlin/jvm/internal/Intrinsics checkNotNullParameter (Ljava/lang/Object;Ljava/lang/String;)V 2 13 0 java/util/ArrayList isEmpty ()Z 2 24 0 java/util/ArrayList size ()I 2 46 0 java/util/ArrayList iterator ()Ljava/util/Iterator; 3 5 0 java/util/ArrayList$Itr <init> (Ljava/util/ArrayList;)V 4 6 0 java/lang/Object <init> ()V 2 55 0 java/util/ArrayList$Itr hasNext ()Z 2 75 0 java/util/ArrayList$Itr next ()Ljava/lang/Object; 3 1 0 java/util/ArrayList$Itr checkForComodification ()V 2 84 0 java/util/ArrayList$Itr hasNext ()Z 2 96 0 java/util/ArrayList$Itr next ()Ljava/lang/Object; 3 1 0 java/util/ArrayList$Itr checkForComodification ()V 2 113 0 org/jetbrains/kotlin/commonizer/core/AnnotationsCommonizer commonize (Ljava/lang/Object;Ljava/lang/Object;)Ljava/lang/Object; 1 531 0 kotlin/collections/CollectionsKt__CollectionsKt listOfNotNull (Ljava/lang/Object;)Ljava/util/List; 2 12 0 kotlin/collections/CollectionsKt__CollectionsKt emptyList ()Ljava/util/List; 1 537 0 kotlin/collections/CollectionsKt___CollectionsKt plus (Ljava/util/Collection;Ljava/lang/Iterable;)Ljava/util/List; 2 3 0 kotlin/jvm/internal/Intrinsics checkNotNullParameter (Ljava/lang/Object;Ljava/lang/String;)V 2 10 0 kotlin/jvm/internal/Intrinsics checkNotNullParameter (Ljava/lang/Object;Ljava/lang/String;)V 2 25 0 java/util/ArrayList size ()I 2 34 0 kotlin/collections/EmptyList size ()I 3 1 0 kotlin/collections/EmptyList getSize ()I 2 40 0 java/util/ArrayList <init> (I)V 3 1 0 java/util/AbstractList <init> ()V 4 1 0 java/util/AbstractCollection <init> ()V 5 1 0 java/lang/Object <init> ()V 2 46 0 java/util/ArrayList addAll (Ljava/util/Collection;)Z 2 55 0 java/util/ArrayList addAll (Ljava/util/Collection;)Z 3 1 0 kotlin/collections/EmptyList toArray ()[Ljava/lang/Object; 4 4 0 kotlin/jvm/internal/CollectionToArray toArray (Ljava/util/Collection;)[Ljava/lang/Object; 5 3 0 kotlin/jvm/internal/Intrinsics checkNotNullParameter (Ljava/lang/Object;Ljava/lang/String;)V 5 12 0 kotlin/collections/EmptyList size ()I 6 1 0 kotlin/collections/EmptyList getSize ()I 1 543 0 kotlin/collections/CollectionsKt___CollectionsKt first (Ljava/util/List;)Ljava/lang/Object; 2 3 0 kotlin/jvm/internal/Intrinsics checkNotNullParameter (Ljava/lang/Object;Ljava/lang/String;)V 2 7 0 java/util/ArrayList isEmpty ()Z 2 27 0 java/util/ArrayList get (I)Ljava/lang/Object; 3 5 0 java/util/Objects checkIndex (II)I 3 11 0 java/util/ArrayList elementData (I)Ljava/lang/Object; 1 549 0 org/jetbrains/kotlin/commonizer/cir/CirFunction getName ()Lorg/jetbrains/kotlin/commonizer/cir/CirName; 1 549 0 org/jetbrains/kotlin/commonizer/cir/CirProperty getName ()Lorg/jetbrains/kotlin/commonizer/cir/CirName; 1 564 0 java/util/ArrayList isEmpty ()Z 1 579 0 java/util/ArrayList get (I)Ljava/lang/Object; 2 5 0 java/util/Objects checkIndex (II)I 2 11 0 java/util/ArrayList elementData (I)Ljava/lang/Object; 1 594 0 org/jetbrains/kotlin/commonizer/cir/CirFunction getKind ()Lorg/jetbrains/kotlin/commonizer/cir/CirFunctionOrProperty$Kind; 1 594 0 org/jetbrains/kotlin/commonizer/cir/CirProperty getKind ()Lorg/jetbrains/kotlin/commonizer/cir/CirFunctionOrProperty$Kind; 1 606 0 java/util/ArrayList size ()I 1 626 0 java/util/ArrayList get (I)Ljava/lang/Object; 2 5 0 java/util/Objects checkIndex (II)I 2 11 0 java/util/ArrayList elementData (I)Ljava/lang/Object; 1 643 0 org/jetbrains/kotlin/commonizer/cir/CirFunction getKind ()Lorg/jetbrains/kotlin/commonizer/cir/CirFunctionOrProperty$Kind; 1 643 0 org/jetbrains/kotlin/commonizer/cir/CirProperty getKind ()Lorg/jetbrains/kotlin/commonizer/cir/CirFunctionOrProperty$Kind; 1 651 0 kotlin/jvm/internal/Intrinsics areEqual (Ljava/lang/Object;Ljava/lang/Object;)Z 2 18 0 java/lang/Enum equals (Ljava/lang/Object;)Z 1 683 0 org/jetbrains/kotlin/commonizer/core/ModalityCommonizer <init> ()V 2 1 0 java/lang/Object <init> ()V 1 716 0 kotlin/collections/CollectionsKt__IterablesKt collectionSizeOrDefault (Ljava/lang/Iterable;I)I 2 3 0 kotlin/jvm/internal/Intrinsics checkNotNullParameter (Ljava/lang/Object;Ljava/lang/String;)V 2 17 0 java/util/ArrayList size ()I 1 719 0 java/util/ArrayList <init> (I)V 2 1 0 java/util/AbstractList <init> ()V 3 1 0 java/util/AbstractCollection <init> ()V 4 1 0 java/lang/Object <init> ()V 1 732 0 java/util/ArrayList iterator ()Ljava/util/Iterator; 2 5 0 java/util/ArrayList$Itr <init> (Ljava/util/ArrayList;)V 3 6 0 java/lang/Object <init> ()V 1 741 0 java/util/ArrayList$Itr hasNext ()Z 1 751 0 java/util/ArrayList$Itr next ()Ljava/lang/Object; 2 1 0 java/util/ArrayList$Itr checkForComodification ()V 1 774 0 org/jetbrains/kotlin/commonizer/cir/CirFunction getModality ()Lorg/jetbrains/kotlin/descriptors/Modality; 1 774 0 org/jetbrains/kotlin/commonizer/cir/CirProperty getModality ()Lorg/jetbrains/kotlin/descriptors/Modality; 1 782 0 java/util/ArrayList add (Ljava/lang/Object;)Z 2 20 0 java/util/ArrayList add (Ljava/lang/Object;[Ljava/lang/Object;I)V 1 807 0 org/jetbrains/kotlin/commonizer/core/CommonizerKt commonize (Lorg/jetbrains/kotlin/commonizer/core/Commonizer;Ljava/util/List;)Ljava/lang/Object; 2 3 0 kotlin/jvm/internal/Intrinsics checkNotNullParameter (Ljava/lang/Object;Ljava/lang/String;)V 2 9 0 kotlin/jvm/internal/Intrinsics checkNotNullParameter (Ljava/lang/Object;Ljava/lang/String;)V 2 20 0 java/util/ArrayList iterator ()Ljava/util/Iterator; 3 5 0 java/util/ArrayList$Itr <init> (Ljava/util/ArrayList;)V 4 6 0 java/lang/Object <init> ()V 2 29 0 java/util/ArrayList$Itr hasNext ()Z 2 39 0 java/util/ArrayList$Itr next ()Ljava/lang/Object; 3 1 0 java/util/ArrayList$Itr checkForComodification ()V 2 56 0 org/jetbrains/kotlin/commonizer/core/ModalityCommonizer commonizeWith (Ljava/lang/Object;)Z 3 5 0 org/jetbrains/kotlin/commonizer/core/ModalityCommonizer commonizeWith (Lorg/jetbrains/kotlin/descriptors/Modality;)Z 4 3 0 kotlin/jvm/internal/Intrinsics checkNotNullParameter (Ljava/lang/Object;Ljava/lang/String;)V 2 72 0 org/jetbrains/kotlin/commonizer/core/ModalityCommonizer getResult ()Ljava/lang/Object; 3 1 0 org/jetbrains/kotlin/commonizer/core/ModalityCommonizer getResult ()Lorg/jetbrains/kotlin/descriptors/Modality; 1 823 0 org/jetbrains/kotlin/commonizer/core/VisibilityCommonizer$Companion lowering ()Lorg/jetbrains/kotlin/commonizer/core/VisibilityCommonizer; 2 4 0 org/jetbrains/kotlin/commonizer/core/LoweringVisibilityCommonizer <init> ()V 3 1 0 org/jetbrains/kotlin/commonizer/core/VisibilityCommonizer <init> ()V 4 1 0 java/lang/Object <init> ()V 1 830 0 org/jetbrains/kotlin/commonizer/core/CommonizerKt commonize (Lorg/jetbrains/kotlin/commonizer/core/Commonizer;Ljava/util/List;)Ljava/lang/Object; 2 3 0 kotlin/jvm/internal/Intrinsics checkNotNullParameter (Ljava/lang/Object;Ljava/lang/String;)V 2 9 0 kotlin/jvm/internal/Intrinsics checkNotNullParameter (Ljava/lang/Object;Ljava/lang/String;)V 2 20 0 java/util/ArrayList iterator ()Ljava/util/Iterator; 3 5 0 java/util/ArrayList$Itr <init> (Ljava/util/ArrayList;)V 4 6 0 java/lang/Object <init> ()V 2 29 0 java/util/ArrayList$Itr hasNext ()Z 2 39 0 java/util/ArrayList$Itr next ()Ljava/lang/Object; 3 1 0 java/util/ArrayList$Itr checkForComodification ()V 2 56 0 org/jetbrains/kotlin/commonizer/core/VisibilityCommonizer commonizeWith (Ljava/lang/Object;)Z 3 5 0 org/jetbrains/kotlin/commonizer/core/VisibilityCommonizer commonizeWith (Lorg/jetbrains/kotlin/commonizer/cir/CirHasVisibility;)Z 4 3 0 kotlin/jvm/internal/Intrinsics checkNotNullParameter (Ljava/lang/Object;Ljava/lang/String;)V 4 13 0 kotlin/jvm/internal/Intrinsics areEqual (Ljava/lang/Object;Ljava/lang/Object;)Z 5 18 0 java/lang/Object equals (Ljava/lang/Object;)Z 4 32 0 org/jetbrains/kotlin/descriptors/Visibilities isPrivate (Lorg/jetbrains/kotlin/descriptors/Visibility;)Z 5 3 0 kotlin/jvm/internal/Intrinsics checkNotNullParameter (Ljava/lang/Object;Ljava/lang/String;)V 4 40 0 org/jetbrains/kotlin/commonizer/core/LoweringVisibilityCommonizer canBeCommonized (Lorg/jetbrains/kotlin/commonizer/cir/CirHasVisibility;)Z 5 3 0 kotlin/jvm/internal/Intrinsics checkNotNullParameter (Ljava/lang/Object;Ljava/lang/String;)V 5 33 0 org/jetbrains/kotlin/commonizer/cir/CirFunctionOrProperty isVirtual ()Z 6 1 0 org/jetbrains/kotlin/commonizer/cir/CirProperty getVisibility ()Lorg/jetbrains/kotlin/descriptors/Visibility; 6 9 0 kotlin/jvm/internal/Intrinsics areEqual (Ljava/lang/Object;Ljava/lang/Object;)Z 7 18 0 java/lang/Object equals (Ljava/lang/Object;)Z 6 16 0 org/jetbrains/kotlin/commonizer/cir/CirProperty getModality ()Lorg/jetbrains/kotlin/descriptors/Modality; 6 28 0 org/jetbrains/kotlin/commonizer/cir/CirProperty getContainingClass ()Lorg/jetbrains/kotlin/commonizer/cir/CirContainingClass; 6 37 0 org/jetbrains/kotlin/commonizer/cir/CirClassImpl getModality ()Lorg/jetbrains/kotlin/descriptors/Modality; 6 54 0 org/jetbrains/kotlin/commonizer/cir/CirProperty getContainingClass ()Lorg/jetbrains/kotlin/commonizer/cir/CirContainingClass; 6 63 0 org/jetbrains/kotlin/commonizer/cir/CirClassImpl getKind ()Lorg/jetbrains/kotlin/descriptors/ClassKind; 6 1 0 org/jetbrains/kotlin/commonizer/cir/CirFunction getVisibility ()Lorg/jetbrains/kotlin/descriptors/Visibility; 6 16 0 org/jetbrains/kotlin/commonizer/cir/CirFunction getModality ()Lorg/jetbrains/kotlin/descriptors/Modality; 6 28 0 org/jetbrains/kotlin/commonizer/cir/CirFunction getContainingClass ()Lorg/jetbrains/kotlin/commonizer/cir/CirContainingClass; 6 54 0 org/jetbrains/kotlin/commonizer/cir/CirFunction getContainingClass ()Lorg/jetbrains/kotlin/commonizer/cir/CirContainingClass; 4 76 0 org/jetbrains/kotlin/commonizer/core/LoweringVisibilityCommonizer getNext (Lorg/jetbrains/kotlin/descriptors/Visibility;Lorg/jetbrains/kotlin/descriptors/Visibility;)Lorg/jetbrains/kotlin/descriptors/Visibility; 5 3 0 kotlin/jvm/internal/Intrinsics checkNotNullParameter (Ljava/lang/Object;Ljava/lang/String;)V 5 9 0 kotlin/jvm/internal/Intrinsics checkNotNullParameter (Ljava/lang/Object;Ljava/lang/String;)V 5 17 0 org/jetbrains/kotlin/descriptors/Visibilities compare (Lorg/jetbrains/kotlin/descriptors/Visibility;Lorg/jetbrains/kotlin/descriptors/Visibility;)Ljava/lang/Integer; 6 3 0 kotlin/jvm/internal/Intrinsics checkNotNullParameter (Ljava/lang/Object;Ljava/lang/String;)V 6 9 0 kotlin/jvm/internal/Intrinsics checkNotNullParameter (Ljava/lang/Object;Ljava/lang/String;)V 6 14 0 org/jetbrains/kotlin/descriptors/Visibility compareTo (Lorg/jetbrains/kotlin/descriptors/Visibility;)Ljava/lang/Integer; 7 3 0 kotlin/jvm/internal/Intrinsics checkNotNullParameter (Ljava/lang/Object;Ljava/lang/String;)V 7 11 0 org/jetbrains/kotlin/descriptors/Visibilities compareLocal$org_jetbrains_kotlin_compiler_common (Lorg/jetbrains/kotlin/descriptors/Visibility;Lorg/jetbrains/kotlin/descriptors/Visibility;)Ljava/lang/Integer; 8 3 0 kotlin/jvm/internal/Intrinsics checkNotNullParameter (Ljava/lang/Object;Ljava/lang/String;)V 8 9 0 kotlin/jvm/internal/Intrinsics checkNotNullParameter (Ljava/lang/Object;Ljava/lang/String;)V 8 18 0 java/lang/Integer valueOf (I)Ljava/lang/Integer; 5 24 0 java/lang/Integer intValue ()I 4 99 0 kotlin/jvm/internal/Intrinsics areEqual (Ljava/lang/Object;Ljava/lang/Object;)Z 5 18 0 java/lang/Object equals (Ljava/lang/Object;)Z 2 72 0 org/jetbrains/kotlin/commonizer/core/VisibilityCommonizer getResult ()Ljava/lang/Object; 3 1 0 org/jetbrains/kotlin/commonizer/core/VisibilityCommonizer getResult ()Lorg/jetbrains/kotlin/descriptors/Visibility; 4 17 0 kotlin/jvm/internal/Intrinsics areEqual (Ljava/lang/Object;Ljava/lang/Object;)Z 5 18 0 java/lang/Object equals (Ljava/lang/Object;)Z 1 878 0 kotlin/collections/CollectionsKt__IterablesKt collectionSizeOrDefault (Ljava/lang/Iterable;I)I 2 3 0 kotlin/jvm/internal/Intrinsics checkNotNullParameter (Ljava/lang/Object;Ljava/lang/String;)V 2 17 0 java/util/ArrayList size ()I 1 881 0 java/util/ArrayList <init> (I)V 2 1 0 java/util/AbstractList <init> ()V 3 1 0 java/util/AbstractCollection <init> ()V 4 1 0 java/lang/Object <init> ()V 1 894 0 java/util/ArrayList iterator ()Ljava/util/Iterator; 2 5 0 java/util/ArrayList$Itr <init> (Ljava/util/ArrayList;)V 3 6 0 java/lang/Object <init> ()V 1 903 0 java/util/ArrayList$Itr hasNext ()Z 1 913 0 java/util/ArrayList$Itr next ()Ljava/lang/Object; 2 1 0 java/util/ArrayList$Itr checkForComodification ()V 1 936 0 org/jetbrains/kotlin/commonizer/cir/CirFunction getExtensionReceiver ()Lorg/jetbrains/kotlin/commonizer/cir/CirExtensionReceiver; 1 936 0 org/jetbrains/kotlin/commonizer/cir/CirProperty getExtensionReceiver ()Lorg/jetbrains/kotlin/commonizer/cir/CirExtensionReceiver; 1 944 0 java/util/ArrayList add (Ljava/lang/Object;)Z 2 20 0 java/util/ArrayList add (Ljava/lang/Object;[Ljava/lang/Object;I)V 1 983 0 org/jetbrains/kotlin/commonizer/core/ExtensionReceiverCommonizer$Commonized getReceiver ()Lorg/jetbrains/kotlin/commonizer/cir/CirExtensionReceiver; 1 1009 0 org/jetbrains/kotlin/commonizer/core/TypeParameterListCommonizer <init> (Lorg/jetbrains/kotlin/commonizer/core/TypeCommonizer;)V 2 3 0 kotlin/jvm/internal/Intrinsics checkNotNullParameter (Ljava/lang/Object;Ljava/lang/String;)V 2 8 0 java/lang/invoke/Invokers$Holder linkToTargetMethod (Ljava/lang/Object;Ljava/lang/Object;)Ljava/lang/Object; 3 5 0 java/lang/invoke/DirectMethodHandle$Holder newInvokeSpecial (Ljava/lang/Object;Ljava/lang/Object;)Ljava/lang/Object; 4 1 0 java/lang/invoke/DirectMethodHandle allocateInstance (Ljava/lang/Object;)Ljava/lang/Object; 4 6 0 java/lang/invoke/DirectMethodHandle constructorMethod (Ljava/lang/Object;)Ljava/lang/Object; 4 16 0  @bci org/jetbrains/kotlin/commonizer/core/TypeParameterListCommonizer <init> (Lorg/jetbrains/kotlin/commonizer/core/TypeCommonizer;)V 8 <appendix> member <vmtarget> ; <init> (Lorg/jetbrains/kotlin/commonizer/core/TypeCommonizer;)V 5 1 0 java/lang/Object <init> ()V 2 13 0 org/jetbrains/kotlin/commonizer/core/AbstractListCommonizer <init> (Lkotlin/jvm/functions/Function1;)V 3 3 0 kotlin/jvm/internal/Intrinsics checkNotNullParameter (Ljava/lang/Object;Ljava/lang/String;)V 3 7 0 java/lang/Object <init> ()V 1 1050 0 kotlin/collections/CollectionsKt__IterablesKt collectionSizeOrDefault (Ljava/lang/Iterable;I)I 2 3 0 kotlin/jvm/internal/Intrinsics checkNotNullParameter (Ljava/lang/Object;Ljava/lang/String;)V 2 17 0 java/util/ArrayList size ()I 1 1053 0 java/util/ArrayList <init> (I)V 2 1 0 java/util/AbstractList <init> ()V 3 1 0 java/util/AbstractCollection <init> ()V 4 1 0 java/lang/Object <init> ()V 1 1066 0 java/util/ArrayList iterator ()Ljava/util/Iterator; 2 5 0 java/util/ArrayList$Itr <init> (Ljava/util/ArrayList;)V 3 6 0 java/lang/Object <init> ()V 1 1075 0 java/util/ArrayList$Itr hasNext ()Z 1 1085 0 java/util/ArrayList$Itr next ()Ljava/lang/Object; 2 1 0 java/util/ArrayList$Itr checkForComodification ()V 1 1108 0 org/jetbrains/kotlin/commonizer/cir/CirFunction getTypeParameters ()Ljava/util/List; 1 1108 0 org/jetbrains/kotlin/commonizer/cir/CirProperty getTypeParameters ()Ljava/util/List; 1 1116 0 java/util/ArrayList add (Ljava/lang/Object;)Z 2 20 0 java/util/ArrayList add (Ljava/lang/Object;[Ljava/lang/Object;I)V 1 1149 0 org/jetbrains/kotlin/commonizer/core/CommonizerKt commonize (Lorg/jetbrains/kotlin/commonizer/core/Commonizer;Ljava/util/List;)Ljava/lang/Object; 2 3 0 kotlin/jvm/internal/Intrinsics checkNotNullParameter (Ljava/lang/Object;Ljava/lang/String;)V 2 9 0 kotlin/jvm/internal/Intrinsics checkNotNullParameter (Ljava/lang/Object;Ljava/lang/String;)V 2 20 0 java/util/ArrayList iterator ()Ljava/util/Iterator; 3 5 0 java/util/ArrayList$Itr <init> (Ljava/util/ArrayList;)V 4 6 0 java/lang/Object <init> ()V 2 29 0 java/util/ArrayList$Itr hasNext ()Z 2 39 0 java/util/ArrayList$Itr next ()Ljava/lang/Object; 3 1 0 java/util/ArrayList$Itr checkForComodification ()V 2 56 0 org/jetbrains/kotlin/commonizer/core/AbstractListCommonizer commonizeWith (Ljava/lang/Object;)Z 2 72 0 org/jetbrains/kotlin/commonizer/core/AbstractListCommonizer getResult ()Ljava/lang/Object; 3 1 0 org/jetbrains/kotlin/commonizer/core/AbstractListCommonizer getResult ()Ljava/util/List; 4 70 0 java/util/ArrayList <init> (I)V 5 1 0 java/util/AbstractList <init> ()V 6 1 0 java/util/AbstractCollection <init> ()V 7 1 0 java/lang/Object <init> ()V 1 1200 0 org/jetbrains/kotlin/commonizer/core/FunctionOrPropertyBaseCommonizer$FunctionOrProperty <init> (Lorg/jetbrains/kotlin/commonizer/cir/CirName;Lorg/jetbrains/kotlin/commonizer/cir/CirFunctionOrProperty$Kind;Lorg/jetbrains/kotlin/descriptors/Modality;Lorg/jetbrains/kotlin/descriptors/Visibility;Lorg/jetbrains/kotlin/commonizer/cir/CirExtensionReceiver;Lorg/jetbrains/kotlin/commonizer/cir/CirType;Ljava/util/List;Ljava/util/List;)V 2 3 0 kotlin/jvm/internal/Intrinsics checkNotNullParameter (Ljava/lang/Object;Ljava/lang/String;)V 2 9 0 kotlin/jvm/internal/Intrinsics checkNotNullParameter (Ljava/lang/Object;Ljava/lang/String;)V 2 15 0 kotlin/jvm/internal/Intrinsics checkNotNullParameter (Ljava/lang/Object;Ljava/lang/String;)V 2 22 0 kotlin/jvm/internal/Intrinsics checkNotNullParameter (Ljava/lang/Object;Ljava/lang/String;)V 2 29 0 kotlin/jvm/internal/Intrinsics checkNotNullParameter (Ljava/lang/Object;Ljava/lang/String;)V 2 36 0 kotlin/jvm/internal/Intrinsics checkNotNullParameter (Ljava/lang/Object;Ljava/lang/String;)V 2 43 0 kotlin/jvm/internal/Intrinsics checkNotNullParameter (Ljava/lang/Object;Ljava/lang/String;)V 2 47 0 java/lang/Object <init> ()V
